Code,ISU_CD,Name,Market,Dept,Close,ChangeCode,Changes,ChagesRatio,Open,High,Low,Volume,Amount,Marcap,Stocks,MarketId
005930,KR7005930003,삼성전자,KOSPI,,329000,2,-22500,-6.4,333500,343000,325000,33725012,11191087320641,1923425662032000,5846278608,STK
000660,KR7000660001,SK하이닉스,KOSPI,,2070000,2,-228000,-9.92,2142000,2188000,2070000,5778751,12216749328700,1475293895550000,712702365,STK
005935,KR7005931001,삼성전자우,KOSPI,,211000,2,-9000,-4.09,206500,217500,205500,5957879,1250830623000,169300323833000,802371203,STK
402340,KR7402340004,SK스퀘어,KOSPI,,1258000,2,-103000,-7.57,1332000,1334000,1225000,883256,1111167690500,166003649588000,131958386,STK
005380,KR7005380001,현대차,KOSPI,,700000,3,0,0.0,691000,715000,650000,1525982,1034123475500,143330436200000,204757766,STK
009150,KR7009150004,삼성전기,KOSPI,,1757000,1,41000,2.39,1621000,1845000,1615000,1612482,2807073718000,131236823872000,74693696,STK
373220,KR7373220003,LG에너지솔루션,KOSPI,,414000,2,-8000,-1.9,422500,428500,405500,445122,183966503750,96876000000000,234000000,STK
032830,KR7032830002,삼성생명,KOSPI,,412500,2,-25500,-5.82,397000,420000,395500,509906,207518563769,82500000000000,200000000,STK
028260,KR7028260008,삼성물산,KOSPI,,460500,2,-74500,-13.93,504000,504000,438000,837033,382790206382,74678171050500,162167581,STK
329180,KR7329180004,HD현대중공업,KOSPI,,664000,1,13000,2.0,649000,679000,645000,384815,254860522500,69694253400000,104961225,STK
105560,KR7105560007,KB금융,KOSPI,,171600,1,7400,4.51,171500,175700,166000,2955491,503487064800,63981138078000,372850455,STK
012330,KR7012330007,현대모비스,KOSPI,,697000,2,-51000,-6.82,708000,723000,665000,935096,648061702000,63240610351000,90732583,STK
000270,KR7000270009,기아,KOSPI,,161100,2,-3200,-1.95,162900,163000,154600,1077583,171264223725,62895533977800,390412998,STK
207940,KR7207940008,삼성바이오로직스,KOSPI,,1340000,2,-10000,-0.74,1377000,1408000,1329000,47701,64347677500,62029874340000,46290951,STK
034020,KR7034020008,두산에너빌리티,KOSPI,,95600,2,-3600,-3.63,100000,100100,92600,3954422,374903489900,61237645557600,640561146,STK
012450,KR7012450003,한화에어로스페이스,KOSPI,,1049000,2,-19000,-1.78,1060000,1069000,1021000,185271,193149433000,54090007649000,51563401,STK
055550,KR7055550008,신한지주,KOSPI,,107500,1,7400,7.39,106200,109800,102500,3611830,383557051250,51025343807500,474654361,STK
066570,KR7066570003,LG전자,KOSPI,,303000,2,-25000,-7.62,320000,336000,294500,6066192,1871369405750,49354045314000,162884638,STK
006400,KR7006400006,삼성SDI,KOSPI,,568000,2,-39000,-6.43,599000,601000,555000,542951,309391668500,45772581040000,80585530,STK
034730,KR7034730002,SK,KOSPI,,625000,2,-43000,-6.44,648000,648000,585000,281675,173353768500,45314189375000,72502703,STK
035420,KR7035420009,NAVER,KOSPI,,255500,2,-12000,-4.49,254500,266500,245000,3143220,798990802250,40081249768000,156873776,STK
068270,KR7068270008,셀트리온,KOSPI,,171400,2,-5100,-2.89,179700,179800,169900,603099,103498414550,37987958589600,221633364,STK
267260,KR7267260008,HD현대일렉트릭,KOSPI,,956000,2,-43000,-4.3,996000,997000,931000,127356,121918260500,34461061060000,36047135,STK
042660,KR7042660001,한화오션,KOSPI,,112200,2,-2900,-2.52,113200,115700,109400,998501,111710194700,34379582806800,306413394,STK
010120,KR7010120004,LS ELECTRIC,KOSPI,,227000,2,-12500,-5.22,232000,235000,217000,675315,152085729750,34050000000000,150000000,STK
086790,KR7086790003,하나금융지주,KOSPI,,123600,1,3000,2.49,125700,126400,120100,1115521,137464060050,33911853652800,274367748,STK
006800,KR7006800007,미래에셋증권,KOSPI,,56400,2,-1900,-3.26,59800,60200,55500,3519583,200504330800,31559572032000,559566880,STK
298040,KR7298040007,효성중공업,KOSPI,,3380000,2,-108000,-3.1,3420000,3494000,3270000,35963,121333002500,31516972240000,9324548,STK
000810,KR7000810002,삼성화재,KOSPI,,695000,2,-35000,-4.79,705000,728000,682000,343227,238781792698,31029993735000,44647473,STK
005490,KR7005490008,POSCO홀딩스,KOSPI,,390000,2,-12000,-2.99,401500,405000,375000,432637,167212768250,30904195530000,79241527,STK
000150,KR7000150003,두산,KOSPI,,1740000,2,-60000,-3.33,1748000,1769000,1605000,132916,225359207000,28177272900000,16193835,STK
011070,KR7011070000,LG이노텍,KOSPI,,1160000,2,-13000,-1.11,1091000,1242000,1074000,889526,1037783022500,27453844120000,23667107,STK
042700,KR7042700005,한미반도체,KOSPI,,283000,2,-21000,-6.91,294000,298500,278000,967822,277477549250,26973352600000,95312200,STK
009540,KR7009540006,HD한국조선해양,KOSPI,,379000,2,-500,-0.13,379500,385000,368000,274635,103115998750,26823010964000,70773116,STK
010130,KR7010130003,고려아연,KOSPI,,1265000,2,-51000,-3.88,1319000,1319000,1223000,15191,19065999000,26404305785000,20872969,STK
051910,KR7051910008,LG화학,KOSPI,,349000,2,-3000,-0.85,357000,359000,330000,280325,96602047250,24636727707000,70592343,STK
015760,KR7015760002,한국전력,KOSPI,,38100,2,-600,-1.55,39300,39600,37800,2208549,84811193125,24458831333700,641964077,STK
010140,KR7010140002,삼성중공업,KOSPI,,27750,2,-650,-2.29,28150,28950,27300,5511503,153354990025,24420000000000,880000000,STK
307950,KR7307950006,현대오토에버,KOSPI,,836000,2,-3000,-0.36,800000,900000,765000,280045,228376320000,22926448952000,27423982,STK
316140,KR7316140003,우리금융지주,KOSPI,,31200,1,800,2.63,31300,32200,30650,2400787,75212962750,22903181184000,734076320,STK
017670,KR7017670001,SK텔레콤,KOSPI,,106400,2,-2500,-2.3,109400,112800,105000,2027663,217881970900,22853661639200,214790053,STK
267250,KR7267250009,HD현대,KOSPI,,271500,2,-8500,-3.04,278000,279000,262000,143210,38766085750,21446622577500,78993085,STK
064350,KR7064350002,현대로템,KOSPI,,191400,2,-1300,-0.67,183000,195400,183000,408005,77632397650,20889834880200,109142293,STK
018260,KR7018260000,삼성에스디에스,KOSPI,,252500,2,-15500,-5.78,254000,262500,242500,611726,153659296000,19537894500000,77377800,STK
096770,KR7096770003,SK이노베이션,KOSPI,,114900,2,-1900,-1.63,119500,119500,112000,399657,45843699900,19424165341200,169052788,STK
003550,KR7003550001,LG,KOSPI,,122900,2,-7000,-5.39,120600,124900,116500,932545,113051011200,18953832796500,154221585,STK
033780,KR7033780008,KT&G,KOSPI,,179300,1,3500,1.99,179600,182600,177300,229262,41213640000,18613214760800,103810456,STK
003670,KR7003670007,포스코퓨처엠,KOSPI,,209000,2,-12500,-5.64,220000,222000,203000,204019,42646985000,18589759980000,88946220,STK
011200,KR7011200003,HMM,KOSPI,,19450,2,-170,-0.87,19670,19750,19200,1254965,24405259010,18345978516500,943237970,STK
138040,KR7138040001,메리츠금융지주,KOSPI,,107300,1,800,0.75,106600,109000,105600,279894,30052639200,17956362392900,167347273,STK
272210,KR7272210006,한화시스템,KOSPI,,94600,2,-1500,-1.56,95100,96900,91000,563301,52741693000,17871774199400,188919389,STK
196170,KR7196170005,알테오젠,KOSDAQ GLOBAL,우량기업부,332500,2,-14000,-4.04,352000,352000,330000,317313,106738419250,17817459047500,53586343,KSQ
035720,KR7035720002,카카오,KOSPI,,40250,2,-1750,-4.17,41250,41500,39800,1968515,79174958150,17781023459500,441764558,STK
247540,KR7247540008,에코프로비엠,KOSDAQ GLOBAL,중견기업부,180100,2,-17300,-8.76,197500,198000,180100,772457,142583134350,17619261163400,97830434,KSQ
024110,KR7024110009,기업은행,KOSPI,,20650,1,150,0.73,20900,21150,20300,1107061,22843695625,16466844194850,797425869,STK
086520,KR7086520004,에코프로,KOSDAQ GLOBAL,중견기업부,118500,2,-10300,-8.0,128900,129100,118500,1023316,123906158200,16089474012000,135776152,KSQ
079550,KR7079550000,LIG디펜스앤에어로스페이스,KOSPI,,726000,2,-7000,-0.95,731000,741000,705000,122624,89080443000,15972000000000,22000000,STK
086280,KR7086280005,현대글로비스,KOSPI,,209500,2,-2000,-0.95,212000,212500,200500,262448,54042922250,15712500000000,75000000,STK
000720,KR7000720003,현대건설,KOSPI,,131900,2,-4700,-3.44,135300,136600,126600,528781,68873044300,14687825403500,111355765,STK
278470,KR7278470000,에이피알,KOSPI,,389000,2,-16000,-3.95,412000,416500,375500,270942,105966159500,14563442295000,37438155,STK
071050,KR7071050009,한국금융지주,KOSPI,,246500,2,-4000,-1.6,258500,271500,244500,417721,105103572250,13736457028000,55725992,STK
030200,KR7030200000,KT,KOSPI,,54000,2,-500,-0.92,54300,55000,53100,696310,37602180251,13609170990000,252021685,STK
047810,KR7047810007,한국항공우주,KOSPI,,139000,2,-2500,-1.77,138100,140600,134200,527515,72692091150,13549039873000,97475107,STK
277810,KR7277810008,레인보우로보틱스,KOSDAQ,기술성장기업부,668000,2,-46000,-6.44,690000,697000,655000,136427,91893904000,12959105144000,19399858,KSQ
006260,KR7006260004,LS,KOSPI,,410500,2,-25000,-5.74,421000,428000,393000,172353,69970948250,12807600000000,31200000,STK
010950,KR7010950004,S-Oil,KOSPI,,112800,2,-1700,-1.48,114400,114400,110500,206462,23116273350,12699338937600,112582792,STK
259960,KR7259960003,크래프톤,KOSPI,,257500,1,3000,1.18,260500,262500,247500,138011,35390910000,11880275697500,46136993,STK
064400,KR7064400005,LG씨엔에스,KOSPI,,117500,2,-8900,-7.04,120500,125900,112900,2568262,302247210600,11384098890000,96885948,STK
005940,KR7005940002,NH투자증권,KOSPI,,31750,1,150,0.47,32000,33300,31200,1730975,55097862075,11313933715750,356344369,STK
0126Z0,KR70126Z0002,삼성에피스홀딩스,KOSPI,,444000,2,-12500,-2.74,461000,465500,436500,39162,17383198250,11048073756000,24883049,STK
016360,KR7016360000,삼성증권,KOSPI,,123400,2,-3600,-2.83,129100,130200,121000,618179,76698802700,11019620000000,89300000,STK
323410,KR7323410001,카카오뱅크,KOSPI,,23050,1,500,2.22,22950,23200,22100,1157924,26432540125,10997626072850,477120437,STK
047050,KR7047050000,포스코인터내셔널,KOSPI,,58500,2,-1700,-2.82,59700,59700,56800,405535,23434302350,10291483098000,175922788,STK
443060,KR7443060009,HD현대마린솔루션,KOSPI,,222000,1,2000,0.91,222500,227000,215000,164446,36419609750,9953028120000,44833460,STK
036930,KR7036930006,주성엔지니어링,KOSDAQ GLOBAL,우량기업부,210000,2,-40500,-16.17,228500,232500,209500,2836649,619738213500,9761035410000,46481121,KSQ
039490,KR7039490008,키움증권,KOSPI,,364000,2,-8000,-2.15,380500,389500,361000,123458,45537640750,9547107024000,26228316,STK
028050,KR7028050003,삼성E&A,KOSPI,,48350,2,-1150,-2.32,48800,49300,46900,1101720,52655037950,9476600000000,196000000,STK
005830,KR7005830005,DB손해보험,KOSPI,,142400,2,-2300,-1.59,145900,149700,139600,172623,24656147650,9327249697600,65500349,STK
003490,KR7003490000,대한항공,KOSPI,,24900,2,-150,-0.6,25000,25450,24500,1525004,37983274125,9168694458900,368220661,STK
454910,KR7454910001,두산로보틱스,KOSPI,,140300,2,-17600,-11.15,138500,145400,128100,6183662,859274636900,9094243194000,64819980,STK
005387,KR7005382007,현대차2우B,KOSPI,,260000,2,-6000,-2.26,263000,263500,251000,228149,58578273500,9090621800000,34963930,STK
352820,KR7352820005,하이브,KOSPI,,209500,2,-5500,-2.56,213000,216000,206000,154998,32421039750,9029921165500,43102249,STK
047040,KR7047040001,대우건설,KOSPI,,21750,2,-1200,-5.23,22700,22700,21250,5174105,112280352275,8937241126500,410907638,STK
007660,KR7007660004,이수페타시스,KOSPI,,120900,2,-12800,-9.57,128400,128400,116000,1220122,147686026250,8875174577100,73409219,STK
000880,KR7000880005,한화,KOSPI,,125300,2,-4900,-3.76,125600,127700,117100,261277,32009765300,8834642250700,70507919,STK
003230,KR7003230000,삼양식품,KOSPI,,1120000,1,6000,0.54,1146000,1210000,1112000,64958,74508374500,8436976800000,7533015,STK
161390,KR7161390000,한국타이어앤테크놀로지,KOSPI,,67900,2,-3900,-5.43,71800,71800,66200,416690,28158977100,8411117185100,123875069,STK
950160,KR8840120008,코오롱티슈진,KOSDAQ,외국기업(소속부없음),99200,2,-10300,-9.41,112000,112800,99200,447348,46345071400,8405816160000,84736050,KSQ
001440,KR7001440007,대한전선,KOSPI,,39950,2,-2400,-5.67,41400,41450,38900,10165117,399767125725,7829904210200,195992596,STK
180640,KR7180640005,한진칼,KOSPI,,115000,2,-5500,-4.56,121600,121800,113100,112602,13037189900,7677662085000,66762279,STK
034220,KR7034220004,LG디스플레이,KOSPI,,15210,2,-910,-5.65,15820,15880,14760,9341368,141552712960,7605000000000,500000000,STK
000990,KR7000990002,DB하이텍,KOSPI,,173800,2,-2600,-1.47,168600,178200,166000,538155,92641106250,7561097394400,43504588,STK
353200,KR7353200009,대덕전자,KOSPI,,152400,2,-6600,-4.15,152800,158100,143800,915946,138828739350,7531139370000,49416925,STK
058470,KR7058470006,리노공업,KOSDAQ GLOBAL,우량기업부,94100,2,-5500,-5.52,98600,98600,92800,816528,77276039800,7171535085000,76211850,KSQ
267270,KR7267270007,HD건설기계,KOSPI,,147700,2,-1000,-0.67,147700,151200,143800,195528,28889530300,7078064186900,47921897,STK
326030,KR7326030004,SK바이오팜,KOSPI,,88100,2,-2400,-2.65,92300,92800,87600,279400,24869616400,6899397325000,78313250,STK
078930,KR7078930005,GS,KOSPI,,74100,2,-2200,-2.88,76300,76300,71600,193277,14170180750,6883556179500,92895495,STK
000250,KR7000250001,삼천당제약,KOSDAQ,중견기업부,292000,2,-17500,-5.65,312000,315000,290000,141111,42106520250,6849581824000,23457472,KSQ
062040,KR7062040001,산일전기,KOSPI,,221000,2,-1500,-0.67,219500,225500,211500,250528,54707092500,6766102850000,30615850,STK
028300,KR7028300002,HLB,KOSDAQ,중견기업부,50600,2,-1900,-3.62,52900,53000,49850,806277,41005871000,6739830083800,133198223,KSQ
021240,KR7021240007,코웨이,KOSPI,,94200,1,1200,1.29,95400,98300,93400,389470,37038716900,6666291529200,70767426,STK
009830,KR7009830001,한화솔루션,KOSPI,,38400,2,-1500,-3.76,39300,39600,37050,997824,38268402125,6600673382400,171892536,STK
240810,KR7240810002,원익IPS,KOSDAQ GLOBAL,우량기업부,132700,1,5500,4.32,115500,138300,113000,3153461,406860276850,6513433662700,49083901,KSQ
032640,KR7032640005,LG유플러스,KOSPI,,15320,2,-350,-2.23,15300,15580,15010,1117507,17020500790,6502232854240,424427732,STK
128940,KR7128940004,한미약품,KOSPI,,494000,1,2500,0.51,537000,567000,490000,546086,284809829750,6328629554000,12810991,STK
241560,KR7241560002,두산밥캣,KOSPI,,65800,2,-2600,-3.8,68500,68500,63000,249270,16134812850,6307329077000,95856065,STK
090430,KR7090430000,아모레퍼시픽,KOSPI,,107500,2,-3700,-3.33,112000,112100,106000,288149,30956795050,6287971592500,58492759,STK
000100,KR7000100008,유한양행,KOSPI,,77500,2,-2600,-3.25,80700,81900,77000,380240,29738793950,6172689077500,79647601,STK
004170,KR7004170007,신세계,KOSPI,,650000,2,-9000,-1.37,656000,722000,622000,156359,101638070000,6139367650000,9445181,STK
377300,KR7377300009,카카오페이,KOSPI,,45250,2,-1150,-2.48,46150,47300,44300,243125,11046183850,6120346443750,135256275,STK
036570,KR7036570000,NC,KOSPI,,281500,2,-8000,-2.76,280000,284500,271500,139003,38793075500,6064642193000,21544022,STK
005385,KR7005381009,현대차우,KOSPI,,259000,2,-9000,-3.36,265000,265500,249500,180148,46170486590,6045308640000,23340960,STK
087010,KR7087010005,펩트론,KOSDAQ,기술성장기업부,253500,2,-13000,-4.88,274000,278000,247500,124268,32127128000,5910948225000,23317350,KSQ
039030,KR7039030002,이오테크닉스,KOSDAQ GLOBAL,우량기업부,478000,2,-18000,-3.63,481000,500000,455000,206144,98825501750,5888744900000,12319550,KSQ
066970,KR7066970005,엘앤에프,KOSPI,,139900,2,-10200,-6.8,147100,149400,136100,405849,57031246950,5675455225700,40567943,STK
298380,KR7298380007,에이비엘바이오,KOSDAQ,기술성장기업부,99800,2,-6200,-5.85,107700,108000,99500,381907,38716213300,5587548807400,55987463,KSQ
010060,KR7010060002,OCI홀딩스,KOSPI,,298500,2,-13000,-4.17,305000,309000,285000,211984,62508158500,5573064252000,18670232,STK
440110,KR7440110005,파두,KOSDAQ,기술성장기업부,109800,2,-6200,-5.34,113200,117700,106200,1049648,115987609000,5500631604600,50096827,KSQ
336260,KR7336260005,두산퓨얼셀,KOSPI,,83600,2,-1000,-1.18,83000,88400,79200,563014,47864182500,5475275493600,65493726,STK
011790,KR7011790003,SKC,KOSPI,,142300,2,-13600,-8.72,150200,151100,139000,692465,99864373900,5388658805400,37868298,STK
001040,KR7001040005,CJ,KOSPI,,183800,1,6800,3.84,178400,186900,168400,219517,39389188750,5362732232400,29176998,STK
138930,KR7138930003,BNK금융지주,KOSPI,,17240,2,-30,-0.17,17770,18100,17080,1173612,20408487530,5350038048920,310327033,STK
029780,KR7029780004,삼성카드,KOSPI,,46000,2,-50,-0.11,46900,47200,45350,112046,5144740800,5329508986000,115858891,STK
088980,KR7088980008,맥쿼리인프라,KOSPI,,10980,2,-40,-0.36,11030,11160,10950,2025138,22362505780,5258563483140,478921993,STK
271560,KR7271560005,오리온,KOSPI,,132600,1,1600,1.22,132300,136500,131000,123262,16322083200,5242491103200,39536132,STK
000500,KR7000500009,가온전선,KOSPI,,306500,2,-32000,-9.45,324500,324500,295000,63989,19660986000,5070464747500,16543115,STK
141080,KR7141080002,리가켐바이오,KOSDAQ GLOBAL,기술성장기업부,136100,2,-9500,-6.52,150900,152200,135900,391446,55005188450,5038342789800,37019418,KSQ
023530,KR7023530009,롯데쇼핑,KOSPI,,173000,1,1000,0.58,168700,180200,167100,264373,45342986050,4893954615000,28288755,STK
052690,KR7052690005,한전기술,KOSPI,,127300,2,-2800,-2.15,131600,132000,121000,102722,12863168950,4865406000000,38220000,STK
175330,KR7175330000,JB금융지주,KOSPI,,25750,2,-100,-0.39,26850,27450,25300,542090,14177277475,4847529788000,188253584,STK
018880,KR7018880005,한온시스템,KOSPI,,4695,2,-125,-2.59,4650,4760,4440,11629654,53346749824,4818302681640,1026262552,STK
004020,KR7004020004,현대제철,KOSPI,,35900,2,-2150,-5.65,38500,38600,35150,673798,24239279650,4790703681500,133445785,STK
082740,KR7082740002,한화엔진,KOSPI,,56300,2,-1000,-1.75,56800,57600,54500,486822,27290770000,4698074094600,83447142,STK
108490,KR7108490004,로보티즈,KOSDAQ,기술성장기업부,320500,2,-23000,-6.7,328500,339500,307500,322728,102948340750,4697577474000,14657028,KSQ
002380,KR7002380004,KCC,KOSPI,,542000,2,-37000,-6.39,570000,573000,524000,32420,17599568000,4657349632000,8592896,STK
178320,KR7178320008,서진시스템,KOSDAQ,중견기업부,70100,1,900,1.3,62600,72700,62600,2522438,170555984400,4460585464700,63631747,KSQ
022100,KR7022100002,포스코DX,KOSPI,,29200,2,-2800,-8.75,30700,31150,28850,777758,22939303725,4439414086800,152034729,STK
095340,KR7095340006,ISC,KOSDAQ GLOBAL,우량기업부,202000,2,-12000,-5.61,211000,216000,199700,251506,51290883700,4281805716000,21197058,KSQ
214370,KR7214370009,케어젠,KOSDAQ,벤처기업부,77800,2,-6700,-7.93,85500,85500,75400,134831,10589698550,4179027000000,53715000,KSQ
088350,KR7088350004,한화생명,KOSPI,,4785,2,-80,-1.64,4990,5290,4735,9088009,44958389538,4155916050000,868530000,STK
403870,KR7403870009,HPSP,KOSDAQ GLOBAL,우량기업부,50300,1,2800,5.89,46550,54800,45350,9716758,498310598975,4139690000000,82300000,KSQ
347850,KR7347850000,디앤디파마텍,KOSDAQ,기술성장기업부,92300,2,-1700,-1.81,95900,96800,88000,1455839,134808368700,4043122768100,43804147,KSQ
450080,KR7450080007,에코프로머티,KOSPI,,55100,2,-3800,-6.45,59400,59600,53900,494116,27348425100,3895878945700,70705607,STK
103590,KR7103590006,일진전기,KOSPI,,81200,2,-4700,-5.47,83400,83700,78600,280050,22577415800,3872053668000,47685390,STK
222800,KR7222800005,심텍,KOSDAQ GLOBAL,중견기업부,103000,2,-10400,-9.17,100000,106300,96300,1073385,108881456800,3858784893000,37463931,KSQ
310210,KR7310210000,보로노이,KOSDAQ,기술성장기업부,209500,2,-15000,-6.68,231000,232000,209500,110782,23882168250,3855254824500,18402171,KSQ
051900,KR7051900009,LG생활건강,KOSPI,,248000,2,-6000,-2.36,255000,257500,241500,57327,14120023250,3792232976000,15291262,STK
319400,KR7319400008,현대무벡스,KOSDAQ,우량기업부,33100,2,-1900,-5.43,32000,34250,31600,1342286,43992264125,3686546890900,111376039,KSQ
319660,KR7319660007,피에스케이,KOSDAQ GLOBAL,우량기업부,126500,1,12100,10.58,111400,132500,108800,1227232,152299354200,3664289321000,28966714,KSQ
489790,KR7489790006,한화비전,KOSPI,,71500,2,-8000,-10.06,74400,76300,69200,732037,53376927750,3609919885000,50488390,STK
084370,KR7084370006,유진테크,KOSDAQ,우량기업부,156900,1,1200,0.77,144900,164200,140500,473525,73313529100,3595526989800,22916042,KSQ
111770,KR7111770004,영원무역,KOSPI,,79800,2,-1800,-2.21,85300,86000,78800,61541,4905327650,3536055146400,44311468,STK
012510,KR7012510004,더존비즈온,KOSPI,,120000,3,0,0.0,120000,120100,120000,6229,747516500,3494865960000,29123883,STK
043260,KR7043260009,성호전자,KOSDAQ,우량기업부,48800,2,-2600,-5.06,49500,52100,45050,6021637,291586075775,3461033762400,70922823,KSQ
251270,KR7251270005,넷마블,KOSPI,,42000,2,-1850,-4.22,44200,44200,40900,188814,7890562225,3441251982000,81934571,STK
011170,KR7011170008,롯데케미칼,KOSPI,,77500,2,-3500,-4.32,81000,81600,75900,125770,9770119900,3315094972500,42775419,STK
005850,KR7005850003,에스엘,KOSPI,,69700,2,-1500,-2.11,70100,71000,66000,152377,10447960000,3237461844000,46448520,STK
035250,KR7035250000,강원랜드,KOSPI,,15060,1,90,0.6,15100,15250,14840,642671,9627781585,3221943930000,213940500,STK
080220,KR7080220007,제주반도체,KOSDAQ,우량기업부,93500,2,-13800,-12.86,102400,102500,92100,1629140,157899936500,3220404885500,34442833,KSQ
001720,KR7001720002,신영증권,KOSPI,,194600,1,6200,3.29,215000,222000,193300,105162,21661327500,3199224000000,16440000,STK
011780,KR7011780004,금호석유화학,KOSPI,,127100,2,-4800,-3.64,130100,132700,125400,70520,9012046250,3197496007500,25157325,STK
036460,KR7036460004,한국가스공사,KOSPI,,34600,1,150,0.44,34000,34600,33400,205677,6999710050,3194029800000,92313000,STK
069960,KR7069960003,현대백화점,KOSPI,,146500,1,6700,4.79,137500,155900,137500,397812,58139084850,3159259608000,21564912,STK
302440,KR7302440003,SK바이오사이언스,KOSPI,,39950,2,-1500,-3.62,41700,41950,39900,144750,5846742200,3134339292350,78456553,STK
001450,KR7001450006,현대해상,KOSPI,,35800,1,700,1.99,35750,38000,34600,777177,27796280625,3051887350000,85248250,STK
017800,KR7017800004,현대엘리베이터,KOSPI,,77500,1,300,0.39,77200,77900,75100,134961,10351554000,3029659837500,39092385,STK
145020,KR7145020004,휴젤,KOSDAQ GLOBAL,우량기업부,246000,2,-5500,-2.19,259000,260000,246000,35030,8788440250,3026792118000,12304033,KSQ
009420,KR7009420001,한올바이오파마,KOSPI,,57900,1,2500,4.51,58300,61000,55500,669897,39219885000,3024732940200,52240638,STK
226950,KR7226950004,올릭스,KOSDAQ,기술성장기업부,148800,2,-13400,-8.26,170300,172000,147800,415718,64980536700,3020726750400,20300583,KSQ
097950,KR7097950000,CJ제일제당,KOSPI,,200000,2,-1000,-0.5,201500,202500,197600,58206,11629557500,3010837200000,15054186,STK
004800,KR7004800009,효성,KOSPI,,179000,2,-12700,-6.62,188700,189000,172000,54238,9680768200,2996532853000,16740407,STK
031210,KR7031210008,서울보증보험,KOSPI,,42900,2,-550,-1.27,43700,44600,42150,64721,2773003825,2995346554200,69821598,STK
214450,KR7214450009,파마리서치,KOSDAQ GLOBAL,우량기업부,286500,2,-10000,-3.37,297500,300000,286000,57099,16546704500,2976634152000,10389648,KSQ
064760,KR7064760002,티씨케이,KOSDAQ GLOBAL,우량기업부,264000,2,-10000,-3.65,275500,278500,259000,82369,21979653000,2951365824000,11179416,KSQ
014680,KR7014680003,한솔케미칼,KOSPI,,256500,2,-19500,-7.07,270500,270500,252000,70213,18192225000,2916455017500,11370195,STK
020150,KR7020150009,롯데에너지머티리얼즈,KOSPI,,55300,2,-5700,-9.34,59300,59400,52500,443148,24400733200,2895810103900,52365463,STK
139130,KR7139130009,iM금융지주,KOSPI,,17700,1,70,0.4,17940,18260,17370,458004,8140926360,2843055119100,160624583,STK
357780,KR7357780006,솔브레인,KOSDAQ GLOBAL,우량기업부,363000,2,-21500,-5.59,381000,381000,349000,63867,23040246250,2823619458000,7778566,KSQ
383220,KR7383220001,F&F,KOSPI,,73700,1,2000,2.79,71700,74600,70900,122773,9000442000,2823231427500,38307075,STK
007810,KR7007810005,코리아써키트,KOSPI,,117700,2,-4600,-3.76,113600,122300,108300,428798,49740423400,2822754374000,23982620,STK
010170,KR7010170009,대한광통신,KOSDAQ,중견기업부,18080,2,-2220,-10.94,19100,19870,18050,10514485,194797652965,2811180732800,155485660,KSQ
005290,KR7005290002,동진쎄미켐,KOSDAQ,우량기업부,54900,2,-4800,-8.04,56900,57200,53600,658267,36309595700,2798259917400,50970126,KSQ
012750,KR7012750006,에스원,KOSPI,,73600,2,-400,-0.54,76200,76300,71700,116736,8490462950,2796739500800,37999178,STK
214150,KR7214150005,클래시스,KOSDAQ GLOBAL,우량기업부,42850,2,-650,-1.49,44300,45550,42800,189803,8354944075,2795347988150,65235659,KSQ
375500,KR7375500006,DL이앤씨,KOSPI,,71900,1,400,0.56,70700,72100,68900,447468,31525181050,2782071493700,38693623,STK
067310,KR7067310003,하나마이크론,KOSDAQ,중견기업부,41850,2,-3550,-7.82,43100,44000,40650,999051,42132229300,2781527858100,66464226,KSQ
028670,KR7028670008,팬오션,KOSPI,,5120,2,-40,-0.78,5160,5170,4950,2231428,11334925596,2736995901440,534569512,STK
031980,KR7031980006,피에스케이홀딩스,KOSDAQ,우량기업부,126400,1,2100,1.69,119600,133500,115200,450547,57661218100,2725486728000,21562395,KSQ
095610,KR7095610002,테스,KOSDAQ,우량기업부,139200,1,3300,2.43,126200,154300,125000,1107080,156094169800,2694912000000,19360000,KSQ
131970,KR7131970006,두산테스나,KOSDAQ GLOBAL,우량기업부,135600,2,-11900,-8.07,137600,141900,134700,353949,48602464750,2620773472800,19327238,KSQ
263750,KR7263750002,펄어비스,KOSDAQ GLOBAL,우량기업부,40500,2,-1800,-4.26,41700,41800,40350,421349,17175949300,2602038127500,64247855,KSQ
204320,KR7204320006,HL만도,KOSPI,,55200,2,-2400,-4.17,56700,57000,52900,356244,19409575650,2592033024000,46957120,STK
457190,KR7457190007,이수스페셜티케미컬,KOSPI,,85500,2,-3800,-4.26,89300,89900,82700,156914,13371186050,2583713556000,30218872,STK
004990,KR7004990008,롯데지주,KOSPI,,25300,2,-750,-2.88,26100,26100,24800,216335,5438236150,2521493532800,99663776,STK
085620,KR7085620003,미래에셋생명,KOSPI,,18590,2,-820,-4.22,21200,24200,17910,7281347,158626883170,2512996200000,135180000,STK
009970,KR7009970005,영원무역홀딩스,KOSPI,,186000,1,2800,1.53,189000,189000,178400,15850,2896239750,2510858082000,13499237,STK
237690,KR7237690003,에스티팜,KOSDAQ GLOBAL,우량기업부,119500,2,-4000,-3.24,126800,127000,118000,119248,14411733050,2492941841000,20861438,KSQ
139480,KR7139480008,이마트,KOSPI,,89200,2,-5500,-5.81,93900,94000,88500,198590,17916801850,2461547054800,27595819,STK
000155,KR7000151001,두산우,KOSPI,,610000,2,-37000,-5.72,641000,641000,591000,14925,9097668500,2437841820000,3996462,STK
032820,KR7032820003,우리기술,KOSDAQ,벤처기업부,14200,2,-1490,-9.5,15690,15700,14200,3724181,54438715400,2436793641200,171605186,KSQ
483650,KR7483650008,달바글로벌,KOSPI,,193900,2,-4200,-2.12,206000,206000,190700,170614,33561709250,2417771093500,12469165,STK
007340,KR7007340003,DN오토모티브,KOSPI,,41250,2,-450,-1.08,41500,41900,39500,172858,7035512075,2413573181250,58510865,STK
006360,KR7006360002,GS건설,KOSPI,,27700,2,-700,-2.46,27950,28000,26650,726693,19847159150,2370607273000,85581490,STK
026960,KR7026960005,동서,KOSPI,,23650,2,-700,-2.87,24700,24700,23450,66868,1589639075,2357905000000,99700000,STK
000240,KR7000240002,한국앤컴퍼니,KOSPI,,24800,2,-900,-3.5,25800,26000,24150,130782,3231064925,2354393952000,94935240,STK
290650,KR7290650001,엘앤씨바이오,KOSDAQ,우량기업부,86200,1,2200,2.62,86600,87400,81800,545357,46245260000,2324788484800,26969704,KSQ
003690,KR7003690005,코리안리,KOSPI,,13050,2,-460,-3.4,14000,14330,12870,1020788,13520452135,2306209454550,176721031,STK
058610,KR7058610007,에스피지,KOSDAQ,우량기업부,103700,2,-7800,-7.0,110400,110400,101600,268129,27870817350,2299792232000,22177360,KSQ
439260,KR7439260001,대한조선,KOSPI,,60000,2,-2000,-3.23,61400,62700,59600,67950,4106434500,2285323800000,38088730,STK
131290,KR7131290009,티에스이,KOSDAQ,우량기업부,206000,2,-15500,-7.0,213500,220000,197400,57814,11889825800,2278654374000,11061429,KSQ
004370,KR7004370003,농심,KOSPI,,373500,2,-15000,-3.86,386000,391500,371000,27074,10178500250,2271866787000,6082642,STK
279570,KR7279570006,케이뱅크,KOSPI,,5570,2,-20,-0.36,5620,5900,5500,2605257,14768008575,2259721991070,405695151,STK
282330,KR7282330000,BGF리테일,KOSPI,,129400,1,400,0.31,131300,140000,128600,56547,7446438450,2236537436400,17283906,STK
257720,KR7257720003,실리콘투,KOSDAQ,우량기업부,34100,2,-2100,-5.8,36800,36850,34100,702937,24527911900,2236150193200,65576252,KSQ
071970,KR7071970008,HD현대마린엔진,KOSPI,,65800,2,-1500,-2.23,66200,67700,63500,166767,10941529900,2232034371000,33921495,STK
082920,KR7082920000,비츠로셀,KOSDAQ,우량기업부,48650,2,-1750,-3.47,49500,51400,47950,364097,17753284575,2205765556050,45339477,KSQ
218410,KR7218410009,RFHIC,KOSDAQ,우량기업부,82800,2,-8100,-8.91,91800,92100,81000,412499,34810773850,2198624997600,26553442,KSQ
051600,KR7051600005,한전KPS,KOSPI,,48650,2,-1350,-2.7,50000,50100,47950,115444,5610642350,2189250000000,45000000,STK
007390,KR7007390008,네이처셀,KOSDAQ,중견기업부,33950,2,-600,-1.74,35750,36350,32450,1477884,50831483450,2187570151200,64435056,KSQ
001740,KR7001740000,SK네트웍스,KOSPI,,10900,2,-2110,-16.22,12000,12270,10900,9226717,103848052390,2186473390100,200593889,STK
011210,KR7011210002,현대위아,KOSPI,,80000,2,-1200,-1.48,78500,81400,76000,174824,13761746050,2175606640000,27195083,STK
008770,KR7008770000,호텔신라,KOSPI,,55300,1,300,0.55,57000,58000,53700,421053,23399591900,2170421091300,39248121,STK
008930,KR7008930000,한미사이언스,KOSPI,,31650,2,-500,-1.56,33050,33200,31050,106451,3403683550,2164592557500,68391550,STK
098460,KR7098460009,고영,KOSDAQ,우량기업부,31350,2,-2550,-7.52,33100,33200,30600,1423237,44905956050,2152326569250,68654755,KSQ
100790,KR7100790005,미래에셋벤처투자,KOSDAQ,우량기업부,39800,2,-3150,-7.33,42950,43800,39650,1107706,45297206175,2114360433200,53124634,KSQ
030000,KR7030000004,제일기획,KOSPI,,18290,2,-40,-0.22,18500,18500,18140,675813,12366895390,2104104005250,115041225,STK
081660,KR7081660003,미스토홀딩스,KOSPI,,39550,1,650,1.67,39300,40150,38900,141650,5578078750,2099782272000,53091840,STK
083650,KR7083650002,비에이치아이,KOSDAQ,우량기업부,67300,2,-3200,-4.54,70700,71000,66000,232304,15683163500,2082556437500,30944375,KSQ
018670,KR7018670000,SK가스,KOSPI,,221500,2,-2000,-0.89,224500,227500,217500,11987,2682803500,2050479546000,9257244,STK
00680K,KR700680K019,미래에셋증권2우B,KOSPI,,14940,2,-290,-1.9,15230,15590,14460,612755,9112265225,2039310000000,136500000,STK
089030,KR7089030001,테크윙,KOSDAQ,중견기업부,54700,1,1000,1.86,51300,57400,50100,1949763,106349399100,2026834381500,37053645,KSQ
103140,KR7103140000,풍산,KOSPI,,72300,2,-1700,-2.3,72300,74000,70800,102318,7356367800,2026155299400,28024278,STK
007070,KR7007070006,GS리테일,KOSPI,,24000,1,600,2.56,23600,24700,23000,197440,4674522500,2006577960000,83607415,STK
140860,KR7140860008,파크시스템스,KOSDAQ GLOBAL,우량기업부,284000,2,-11500,-3.89,292500,292500,278000,37043,10501829500,1988701196000,7002469,KSQ
120110,KR7120110002,코오롱인더,KOSPI,,65900,2,-1200,-1.79,66100,67100,63400,188057,12234086650,1973443508800,29946032,STK
161890,KR7161890009,한국콜마,KOSPI,,83500,2,-600,-0.71,84600,86500,81600,165121,13787595450,1971023929500,23605077,STK
005440,KR7005440003,현대지에프홀딩스,KOSPI,,12640,2,-380,-2.92,12710,12940,12380,193175,2429761890,1970630364640,155904301,STK
097230,KR7097230007,HJ중공업,KOSPI,,21750,2,-450,-2.03,21800,22400,21250,619637,13522304050,1963923732000,90295344,STK
068760,KR7068760008,셀트리온제약,KOSDAQ,우량기업부,43750,2,-2050,-4.48,46000,46150,43650,111036,4921790600,1942602025000,44402332,KSQ
078600,KR7078600004,대주전자재료,KOSDAQ,우량기업부,122100,2,-8000,-6.15,126200,126300,118500,161788,19776732250,1908205295700,15628217,KSQ
140410,KR7140410002,메지온,KOSDAQ,투자주의환기종목(소속부없음),62200,2,-2600,-4.01,65100,67300,61700,94887,6029936450,1890392787400,30392167,KSQ
035900,KR7035900000,JYP Ent.,KOSDAQ GLOBAL,우량기업부,53200,2,-2200,-3.97,55100,55300,53000,151245,8123669950,1890328574400,35532492,KSQ
192820,KR7192820009,코스맥스,KOSPI,,165900,2,-4400,-2.58,171500,173200,164600,58948,9838912450,1882883543100,11349509,STK
000120,KR7000120006,CJ대한통운,KOSPI,,81900,2,-700,-0.85,83400,83400,80600,73850,6015416750,1868330973600,22812344,STK
030530,KR7030530000,원익홀딩스,KOSDAQ,중견기업부,24000,2,-2500,-9.43,25800,25800,23650,737699,17890139675,1853711544000,77237981,KSQ
112610,KR7112610001,씨에스윈드,KOSPI,,43850,2,-1200,-2.66,45550,45600,42900,347722,15244465175,1849216021550,42171403,STK
229640,KR7229640008,LS에코에너지,KOSPI,,60200,2,-3100,-4.9,61400,61700,58600,116788,7026550450,1843617715800,30624879,STK
420770,KR7420770000,기가비스,KOSDAQ,우량기업부,144000,1,4600,3.3,136100,151000,130800,234406,33659487700,1825309152000,12675758,KSQ
322000,KR7322000001,HD현대에너지솔루션,KOSPI,,160500,2,-17000,-9.58,175000,177000,158900,170315,27744009100,1797600000000,11200000,STK
462870,KR7462870007,시프트업,KOSPI,,30550,1,100,0.33,30200,30900,29650,81598,2480659100,1791890087000,58654340,STK
001430,KR7001430008,세아베스틸지주,KOSPI,,48950,2,-1950,-3.83,50500,50600,48000,241528,11811112475,1755450725050,35862119,STK
009155,KR7009151002,삼성전기우,KOSPI,,597000,1,19000,3.29,537000,628000,536000,121010,71300571500,1735469448000,2906984,STK
0009K0,KR70009K0001,에임드바이오,KOSDAQ,기술성장기업부,26500,2,-1200,-4.33,28650,28650,25800,412851,11058147000,1713785766500,64671161,KSQ
041510,KR7041510009,에스엠,KOSDAQ GLOBAL,우량기업부,74400,2,-4300,-5.46,77500,77900,74200,87601,6598521550,1703364936000,22894690,KSQ
023590,KR7023590003,다우기술,KOSPI,,39100,2,-400,-1.01,40000,40850,38200,46517,1811609400,1692533899200,43287312,STK
089970,KR7089970008,브이엠,KOSDAQ,우량기업부,68000,2,-1500,-2.16,67000,74300,64900,860519,60226736450,1684495660000,24771995,KSQ
002790,KR7002790004,아모레퍼시픽홀딩스,KOSPI,,22000,2,-300,-1.35,22700,22700,21650,116276,2558631975,1682079960000,76458180,STK
017960,KR7017960006,한국카본,KOSPI,,32250,2,-150,-0.46,33500,33550,31650,495464,16089770975,1666566673500,51676486,STK
066575,KR7066571001,LG전자우,KOSPI,,96900,2,-5200,-5.09,99900,104400,93500,491680,47708538500,1664867873100,17181299,STK
323280,KR7323280008,태성,KOSDAQ,중견기업부,54300,2,-2700,-4.74,57100,58500,53700,388111,21541052150,1658212314000,30537980,KSQ
001800,KR7001800002,오리온홀딩스,KOSPI,,25950,2,-650,-2.44,27450,27450,25000,120321,3085067150,1625648700900,62645422,STK
181710,KR7181710005,NHN,KOSPI,,49050,1,2150,4.58,45050,51000,43350,388359,18679048825,1606541467950,32753139,STK
039200,KR7039200001,오스코텍,KOSDAQ,벤처기업부,41750,1,150,0.36,42900,44550,40750,450986,19182992300,1597278848000,38258176,KSQ
031330,KR7031330004,에스에이엠티,KOSDAQ,우량기업부,15940,2,-2920,-15.48,17700,17700,15940,2031770,34136910320,1593921367980,99995067,KSQ
060370,KR7060370004,LS마린솔루션,KOSDAQ,우량기업부,30400,2,-1400,-4.4,31000,31450,29700,149690,4549380050,1588061161600,52238854,KSQ
347700,KR7347700007,스피어,KOSDAQ,기술성장기업부,30700,2,-3250,-9.57,33000,33000,29800,839197,25684842700,1559999163500,50814305,KSQ
096530,KR7096530001,씨젠,KOSDAQ,우량기업부,29850,2,-1200,-3.86,31100,31150,29550,286837,8612151300,1558945920900,52225994,KSQ
001120,KR7001120005,LX인터내셔널,KOSPI,,39550,1,450,1.15,39450,40300,38200,152267,6024308425,1532958000000,38760000,STK
445680,KR7445680002,큐리옥스바이오시스템즈,KOSDAQ,기술성장기업부,88900,2,-9400,-9.56,98500,98500,88700,106549,9806846650,1529369369500,17203255,KSQ
005070,KR7005070008,코스모신소재,KOSPI,,46000,2,-3650,-7.35,48600,48800,45900,170703,7975506175,1527870266000,33214571,STK
006040,KR7006040000,동원산업,KOSPI,,34250,1,250,0.74,33650,34500,33600,86541,2947979500,1511823050750,44140819,STK
192080,KR7192080000,더블유게임즈,KOSPI,,71100,1,800,1.14,70700,71900,68600,142046,10048236050,1505433574800,21173468,STK
395400,KR7395400005,SK리츠,KOSPI,,4995,1,5,0.1,4990,5070,4950,231677,1162165830,1503583011900,301017620,STK
006280,KR7006280002,녹십자,KOSPI,,126900,2,-3800,-2.91,133600,134000,125200,39415,5067284650,1483021672200,11686538,STK
003540,KR7003540002,대신증권,KOSPI,,30000,2,-400,-1.32,30950,31250,29450,122445,3681935575,1476592890000,49219763,STK
437730,KR7437730005,삼현,KOSDAQ,기술성장기업부,46500,2,-1400,-2.92,46000,49500,45000,151052,6972420850,1474401865500,31707567,KSQ
298020,KR7298020009,효성티앤씨,KOSPI,,340500,2,-12000,-3.4,357500,357500,332000,31630,10737240750,1473575721000,4327682,STK
476830,KR7476830005,알지노믹스,KOSDAQ,기술성장기업부,105100,2,-4900,-4.45,112500,113900,104400,179988,19421534950,1464446794200,13933842,KSQ
032350,KR7032350001,롯데관광개발,KOSPI,,18330,1,110,0.6,18340,18790,17900,440180,8076442785,1459095018420,79601474,STK
361610,KR7361610009,SK아이이테크놀로지,KOSPI,,17800,2,-930,-4.97,18550,18660,17740,182186,3276412260,1455810380000,81787100,STK
090360,KR7090360009,로보스타,KOSDAQ,중견기업부,148100,1,8900,6.39,129900,171600,121100,4206111,627230371650,1443975000000,9750000,KSQ
034230,KR7034230003,파라다이스,KOSPI,,15500,1,810,5.51,15240,15950,14680,1884916,28872443890,1435755421000,92629382,STK
003570,KR7003570009,SNT다이내믹스,KOSPI,,42800,1,600,1.42,41750,44400,40350,52187,2240521950,1423215431600,33252697,STK
020560,KR7020560009,아시아나항공,KOSPI,,6840,2,-30,-0.44,6950,6960,6810,87241,598553040,1408976463240,205990711,STK
069620,KR7069620003,대웅제약,KOSPI,,121100,2,-5400,-4.27,127200,129100,120000,29709,3628798300,1403134232500,11586575,STK
032500,KR7032500001,케이엠더블유,KOSDAQ,중견기업부,32800,2,-5400,-14.14,36300,36700,32450,663830,22347915650,1383887792800,42191701,KSQ
127120,KR7127120004,제이에스링크,KOSDAQ,벤처기업부,39700,2,-350,-0.87,39700,40500,37200,198708,7778064500,1374455526200,34621046,KSQ
475830,KR7475830006,오름테라퓨틱,KOSDAQ,기술성장기업부,63100,2,-1000,-1.56,65200,66400,61300,173497,11167226350,1357490807500,21513325,KSQ
077970,KR7077970002,STX엔진,KOSPI,,33600,2,-1950,-5.49,34500,35000,32700,309313,10429423025,1348974916800,40148063,STK
073240,KR7073240004,금호타이어,KOSPI,,4650,2,-130,-2.72,4800,4800,4520,896020,4120448193,1335760334550,287260287,STK
101490,KR7101490001,에스앤에스텍,KOSDAQ,우량기업부,62300,2,-4500,-6.74,65200,65200,61100,238585,14966826250,1329162961700,21334879,KSQ
007310,KR7007310006,오뚜기,KOSPI,,328500,2,-3500,-1.05,332000,335000,325000,3504,1147656500,1316572155000,4007830,STK
099320,KR7099320004,쎄트렉아이,KOSDAQ,우량기업부,119400,2,-5600,-4.48,123600,123600,116000,117110,13984662000,1307582593200,10951278,KSQ
030610,KR7030610000,교보증권,KOSPI,,11410,2,-290,-2.48,11900,12000,11150,76020,870109330,1300317385010,113962961,STK
281820,KR7281820001,케이씨텍,KOSPI,,65300,2,-2400,-3.55,65000,70100,62400,147766,9718286700,1292852563300,19798661,STK
294870,KR7294870001,IPARK현대산업개발,KOSPI,,19510,1,90,0.46,19420,19860,18850,259050,5031505295,1285852008300,65907330,STK
003530,KR7003530003,한화투자증권,KOSPI,,5970,2,-30,-0.5,6040,6350,5820,2236026,13408854735,1280850216750,214547775,STK
195870,KR7195870001,해성디에스,KOSPI,,74800,2,-6300,-7.77,76500,79200,73500,173963,13136113200,1271600000000,17000000,STK
166090,KR7166090001,하나머티리얼즈,KOSDAQ GLOBAL,우량기업부,63200,2,-200,-0.32,67200,68900,61000,439919,28358559250,1249948996800,19777674,KSQ
093370,KR7093370005,후성,KOSPI,,11630,1,170,1.48,12220,12550,10590,3194630,36697439775,1247379487900,107255330,STK
004000,KR7004000006,롯데정밀화학,KOSPI,,48050,2,-1900,-3.8,50200,50200,47300,49720,2394591850,1239690000000,25800000,STK
000815,KR7000811000,삼성화재우,KOSPI,,410000,2,-1500,-0.36,407500,418500,402000,45014,18508774000,1232878200000,3007020,STK
232140,KR7232140004,와이씨,KOSDAQ,우량기업부,14920,2,-1070,-6.69,15670,15670,14550,790327,11884648085,1224116622000,82045350,KSQ
090710,KR7090710005,휴림로봇,KOSDAQ,중견기업부,10180,2,-260,-2.49,10400,10400,9880,3064174,30953076380,1216074265460,119457197,KSQ
012630,KR7012630000,HDC,KOSPI,,20350,2,-150,-0.73,20350,20750,20000,116235,2349428550,1215744022350,59741721,STK
082640,KR7082640004,동양생명,KOSPI,,7760,1,140,1.84,7690,7980,7520,311418,2395789715,1211045628560,156062581,STK
417200,KR7417200003,LS머트리얼즈,KOSDAQ,중견기업부,17850,2,-1640,-8.41,19290,19290,17600,1001012,17989789235,1207599963150,67652659,KSQ
051915,KR7051911006,LG화학우,KOSPI,,156800,2,-5600,-3.45,162500,162500,151600,32111,5018063350,1205603840000,7688800,STK
475150,KR7475150009,SK이터닉스,KOSPI,,35350,2,-1650,-4.46,36050,36600,34600,306239,10806305575,1204268591400,34067004,STK
189300,KR7189300007,인텔리안테크,KOSDAQ,우량기업부,111700,2,-10300,-8.44,121900,121900,109200,195307,21756014600,1199378414900,10737497,KSQ
415640,KR7415640002,KB발해인프라,KOSPI,,9680,1,60,0.62,9700,9740,9630,90527,875493815,1186240904640,122545548,STK
036540,KR7036540003,SFA반도체,KOSDAQ,중견기업부,7180,2,-710,-9.0,7600,7600,7050,2924582,21207768400,1180824975540,164460303,KSQ
003380,KR7003380003,하림지주,KOSDAQ GLOBAL,우량기업부,10540,2,-500,-4.53,11030,11040,10460,704668,7472386870,1180539245340,112005621,KSQ
397030,KR7397030008,에이프릴바이오,KOSDAQ,기술성장기업부,50200,2,-4500,-8.23,56000,56400,50000,336408,17356126850,1175374065200,23413826,KSQ
027360,KR7027360007,아주IB투자,KOSDAQ,중견기업부,9700,2,-540,-5.27,10110,10220,9600,3020931,29577301585,1175110438200,121145406,KSQ
195940,KR7195940002,HK이노엔,KOSDAQ GLOBAL,우량기업부,41200,2,-850,-2.02,42550,42800,40950,110839,4603303000,1167191509200,28329891,KSQ
001820,KR7001820000,삼화콘덴서,KOSPI,,111800,1,1400,1.27,105000,119800,98000,1550958,173627786700,1162161000000,10395000,STK
085660,KR7085660009,차바이오텍,KOSDAQ,중견기업부,12310,2,-520,-4.05,12900,12910,12300,304131,3788138605,1144495734260,92972846,KSQ
491000,KR7491000006,리브스메드,KOSDAQ,기술성장기업부,45650,2,-3750,-7.59,49700,50200,45650,215642,10046934125,1141450449150,25004391,KSQ
183300,KR7183300003,코미코,KOSDAQ GLOBAL,우량기업부,108600,1,9800,9.92,98000,109800,94000,309221,31923806400,1136030282400,10460684,KSQ
295310,KR7295310007,에이치브이엠,KOSDAQ,기술성장기업부,94300,2,-8300,-8.09,95100,100900,94000,202392,19547935900,1134173541300,12027291,KSQ
038500,KR7038500005,삼표시멘트,KOSDAQ,우량기업부,10480,2,-50,-0.47,10110,10500,9900,1845411,18872719915,1130962886880,107916306,KSQ
000080,KR7000080002,하이트진로,KOSPI,,16110,2,-480,-2.89,16590,16620,15970,145309,2340913995,1129852473210,70133611,STK
065350,KR7065350001,신성델타테크,KOSDAQ,우량기업부,40600,2,-3250,-7.41,43400,43400,40500,132955,5509704000,1115848288800,27483948,KSQ
458870,KR7458870003,씨어스,KOSDAQ,기술성장기업부,29100,2,-950,-3.16,29850,30300,28850,288202,8442351275,1107538434000,38059740,KSQ
466100,KR7466100005,클로봇,KOSDAQ,기술성장기업부,43200,2,-3250,-7.0,43200,44250,42050,276907,11941511375,1099839124800,25459239,KSQ
328130,KR7328130000,루닛,KOSDAQ,기술성장기업부,14700,2,-540,-3.54,15410,15960,14700,340234,5108519445,1093424749200,74382636,KSQ
089860,KR7089860001,롯데렌탈,KOSPI,,30050,2,-700,-2.28,30750,30750,29700,62640,1873089300,1091097109400,36309388,STK
388720,KR7388720005,유일로보틱스,KOSDAQ,벤처기업부,92500,2,-7100,-7.13,95000,95800,86600,89593,8118232950,1089774412500,11781345,KSQ
006110,KR7006110001,삼아알미늄,KOSPI,,71900,2,-9700,-11.89,79800,80700,69300,173606,12820065750,1087376414500,15123455,STK
490470,KR7490470002,세미파이브,KOSDAQ,기술성장기업부,31950,2,-6150,-16.14,37050,37050,31200,1270212,41651293275,1086296485500,33999890,KSQ
281740,KR7281740001,레이크머티리얼즈,KOSDAQ,우량기업부,16400,2,-1250,-7.08,17300,17610,16380,414861,6890373915,1077980987200,65730548,KSQ
300720,KR7300720000,한일시멘트,KOSPI,,14320,2,-140,-0.97,14780,14790,14180,112369,1609140485,1053167392880,73545209,STK
000210,KR7000210005,DL,KOSPI,,50100,2,-1100,-2.15,51700,51700,48550,60859,3028810450,1049889788400,20955884,STK
356860,KR7356860007,티엘비,KOSDAQ,우량기업부,106700,2,-1600,-1.48,106000,111700,100500,222444,23796694100,1049141621000,9832630,KSQ
388210,KR7388210007,씨엠티엑스,KOSDAQ,벤처기업부,107800,1,1800,1.7,103500,112700,100700,110362,11866465100,1040748416400,9654438,KSQ
496320,KR7496320003,본시스템즈,KONEX,일반기업부,1023000,0,0,0.0,0,0,0,0,0,1039340379000,1015973,KNX
003090,KR7003090008,대웅,KOSPI,,17850,2,-260,-1.44,18400,18430,17630,61674,1107491470,1037834343000,58141980,STK
185750,KR7185750007,종근당,KOSPI,,74400,2,-700,-0.93,76100,76500,73800,27982,2091574250,1026926832000,13802780,STK
456040,KR7456040005,OCI,KOSPI,,113500,2,-6600,-5.5,119000,119400,110200,31989,3664108600,1016108182500,8952495,STK
204270,KR7204270003,제이앤티씨,KOSDAQ,중견기업부,17530,2,-1800,-9.31,18540,18890,17390,188990,3375859330,1014083608980,57848466,KSQ
005300,KR7005300009,롯데칠성,KOSPI,,108000,1,1100,1.03,107600,108100,104300,33072,3529431400,1002119472000,9278884,STK
280360,KR7280360009,롯데웰푸드,KOSPI,,108600,3,0,0.0,109900,110000,105900,13537,1458200250,999616736400,9204574,STK
330590,KR7330590001,롯데리츠,KOSPI,,3455,2,-40,-1.14,3490,3495,3430,220367,762832342,998387494220,288968884,STK
124500,KR7124500000,아이티센글로벌,KOSDAQ,우량기업부,43000,2,-100,-0.23,42600,44200,42050,148123,6374852400,997794661000,23204527,KSQ
071055,KR7071051007,한국금융지주우,KOSPI,,168800,2,-3600,-2.09,172900,177000,166600,10524,1796049300,988872768800,5858251,STK
115180,KR7115180002,큐리언트,KOSDAQ,벤처기업부,26350,2,-1300,-4.7,27900,28750,26350,80157,2171394225,987820789250,37488455,KSQ
003470,KR7003470002,유안타증권,KOSPI,,5120,2,-20,-0.39,5260,5410,5010,927342,4762231070,986522122240,192680102,STK
009450,KR7009450008,경동나비엔,KOSPI,,67700,2,-1000,-1.46,68700,68700,66400,39390,2648809400,986293678400,14568592,STK
100090,KR7100090000,SK오션플랜트,KOSPI,,15780,2,-590,-3.6,16050,16310,15410,350100,5532177495,985904875620,62478129,STK
161580,KR7161580006,필옵틱스,KOSDAQ,중견기업부,41950,2,-3000,-6.67,43800,44000,41550,248728,10551329750,983402261650,23442247,KSQ
048410,KR7048410005,현대바이오,KOSDAQ,중견기업부,10160,2,-780,-7.13,10950,10950,10120,1732660,17960402590,980496611520,96505572,KSQ
499790,KR7499790004,GS피앤엘,KOSPI,,48950,1,4100,9.14,46000,50300,45400,346033,16561826000,970719666950,19830841,STK
003240,KR7003240009,태광산업,KOSPI,,870000,2,-42000,-4.61,910000,910000,867000,2517,2204868000,968658000000,1113400,STK
090460,KR7090460007,비에이치,KOSPI,,28700,2,-600,-2.05,28250,29550,26600,478019,13491994550,967521140600,33711538,STK
137400,KR7137400008,피엔티,KOSDAQ GLOBAL,우량기업부,40750,2,-2950,-6.75,43700,44000,40550,183508,7563824725,965397166000,23690728,KSQ
083450,KR7083450007,GST,KOSDAQ,우량기업부,51700,2,-3300,-6.0,53200,54300,50400,238691,12453856750,952831000000,18430000,KSQ
439960,KR7439960006,코스모로보틱스,KOSDAQ,기술성장기업부,28450,2,-600,-2.07,29150,36500,27850,10341450,340662439950,923220309700,32450626,KSQ
056190,KR7056190002,에스에프에이,KOSDAQ GLOBAL,우량기업부,25550,2,-2000,-7.26,27600,27800,25400,113115,2956065100,917468818000,35908760,KSQ
057050,KR7057050007,현대홈쇼핑,KOSPI,,76300,2,-1800,-2.3,77900,79600,75100,9496,720518900,915600000000,12000000,STK
036830,KR7036830008,솔브레인홀딩스,KOSDAQ GLOBAL,우량기업부,44600,2,-3700,-7.66,47350,47350,44100,74078,3344106300,914477552600,20503981,KSQ
000670,KR7000670000,영풍,KOSPI,,49050,2,-1850,-3.63,51400,51400,48450,23754,1171523200,903044001150,18410683,STK
074600,KR7074600008,원익QnC,KOSDAQ GLOBAL,우량기업부,34350,1,700,2.08,32600,36200,32250,657171,22720039700,902992800000,26288000,KSQ
298050,KR7298050006,HS효성첨단소재,KOSPI,,198500,2,-10500,-5.02,208000,208000,194100,18500,3656819600,889269678000,4479948,STK
365550,KR7365550003,ESR켄달스퀘어리츠,KOSPI,,3575,2,-75,-2.05,3645,3675,3520,398982,1435971707,879768175000,246089000,STK
456160,KR7456160001,지투지바이오,KOSDAQ,기술성장기업부,53000,2,-500,-0.93,55100,55100,50300,195548,10178119000,876904027000,16545359,KSQ
033790,KR7033790007,피노,KOSDAQ,중견기업부,10640,2,-650,-5.76,11160,11580,10610,1926176,21192672415,876010224320,82331788,KSQ
192400,KR7192400000,쿠쿠홀딩스,KOSPI,,24500,2,-650,-2.58,25000,25150,24450,23454,578573425,871273532500,35562185,STK
160190,KR7160190005,하이젠알앤엠,KOSDAQ,투자주의환기종목(소속부없음),28150,2,-2300,-7.55,29900,30450,27400,138530,3915813600,869497200000,30888000,KSQ
126340,KR7126340009,비나텍,KOSDAQ,벤처기업부,121600,2,-4700,-3.72,121500,125000,115900,51157,6161427700,868653004800,7143528,KSQ
137310,KR7137310009,에스디바이오센서,KOSPI,,7170,2,-170,-2.32,7340,7410,7100,112381,805697695,865771061340,120749102,STK
213420,KR7213420003,덕산네오룩스,KOSDAQ GLOBAL,우량기업부,34700,2,-950,-2.66,35650,35650,33700,214532,7444186925,861641911300,24831179,KSQ
00088K,KR700088K015,한화3우B,KOSPI,,43750,2,-2750,-5.91,45300,45350,42400,75911,3280359475,848944293750,19404441,STK
248070,KR7248070005,솔루엠,KOSPI,,17750,2,-120,-0.67,17810,18070,17010,262384,4627953290,848738189000,47816236,STK
108320,KR7108320003,LX세미콘,KOSPI,,51900,2,-400,-0.76,52200,55000,51000,191628,10059563500,844117170000,16264300,STK
035760,KR7035760008,CJ ENM,KOSDAQ GLOBAL,중견기업부,38300,2,-1050,-2.67,39350,40000,38200,78735,3050963775,839886598200,21929154,KSQ
033100,KR7033100009,제룡전기,KOSDAQ,우량기업부,52200,2,-3900,-6.95,54000,54500,51100,168563,8851311800,838457749800,16062409,KSQ
030190,KR7030190003,NICE평가정보,KOSPI,,14100,2,-230,-1.61,14330,14400,13950,89466,1260375505,830652530700,58911527,STK
293490,KR7293490009,카카오게임즈,KOSDAQ GLOBAL,중견기업부,9190,2,-550,-5.65,9710,9740,9150,292997,2724960355,825141712090,89786911,KSQ
006340,KR7006340004,대원전선,KOSPI,,10510,2,-620,-5.57,10760,10800,10215,2342525,24498919320,824135512160,78414416,STK
222080,KR7222080004,씨아이에스,KOSDAQ GLOBAL,우량기업부,10580,2,-980,-8.48,11460,11490,10510,1108056,11948001210,822913923520,77780144,KSQ
050890,KR7050890003,쏠리드,KOSDAQ,우량기업부,13510,2,-1480,-9.87,14500,14500,13390,1528273,20913236990,820820774340,60756534,KSQ
075580,KR7075580001,세진중공업,KOSPI,,14330,1,40,0.28,14130,14620,13720,182512,2587011555,814652704480,56849456,STK
376900,KR7376900007,로킷헬스케어,KOSDAQ,기술성장기업부,51200,2,-1100,-2.1,52500,53200,49900,80096,4063447800,812737996800,15873789,KSQ
014620,KR7014620009,성광벤드,KOSDAQ,우량기업부,30450,2,-350,-1.14,30850,31300,29500,110771,3347781975,808671733800,26557364,KSQ
094170,KR7094170008,동운아나텍,KOSDAQ,우량기업부,38650,2,-600,-1.53,39450,40000,37650,77905,3005525625,808169026400,20909936,KSQ
036530,KR7036530004,SNT홀딩스,KOSPI,,49350,2,-650,-1.3,49300,49800,47800,28767,1394957650,804596774100,16303886,STK
086450,KR7086450004,동국제약,KOSDAQ GLOBAL,우량기업부,17740,2,-790,-4.26,19150,19160,17720,644245,11639007075,802387650800,45230420,KSQ
005690,KR7005690003,파미셀,KOSPI,,13330,2,-1040,-7.24,14050,14150,13330,590720,8029416605,799853506620,60004014,STK
214320,KR7214320004,이노션,KOSPI,,19980,2,-120,-0.6,20100,20250,19700,175710,3497730740,799200000000,40000000,STK
033640,KR7033640004,네패스,KOSDAQ,중견기업부,34600,2,-3050,-8.1,35750,36550,33500,279688,9782116625,797848389200,23059202,KSQ
006650,KR7006650006,대한유화,KOSPI,,122100,2,-3900,-3.1,124400,127000,119000,35582,4331179500,793650000000,6500000,STK
358570,KR7358570000,지아이이노베이션,KOSDAQ,기술성장기업부,12330,2,-1470,-10.65,13960,14020,12260,772151,9837414760,792458606430,64270771,KSQ
006120,KR7006120000,SK디스커버리,KOSPI,,45450,2,-1300,-2.78,46150,47050,45200,18366,839014825,791454982950,17413751,STK
071320,KR7071320006,지역난방공사,KOSPI,,68300,1,600,0.89,68800,69300,67100,9005,612733800,790828215200,11578744,STK
010780,KR7010780005,아이에스동서,KOSPI,,26150,2,-1000,-3.68,27200,27200,25350,73074,1897410475,789389422400,30186976,STK
079900,KR7079900007,전진건설로봇,KOSPI,,54000,2,-1300,-2.35,54200,55500,52800,44845,2415173050,787997430000,14592545,STK
451800,KR7451800007,한화리츠,KOSPI,,4355,1,50,1.16,4310,4385,4280,79664,344824936,782158000000,179600000,STK
033240,KR7033240003,자화전자,KOSPI,,36150,2,-2350,-6.1,37400,37400,34400,131458,4695676050,781038897300,21605502,STK
122870,KR7122870009,와이지엔터테인먼트,KOSDAQ,우량기업부,41550,2,-1700,-3.93,43200,43200,41450,105444,4410915675,776613085950,18691049,KSQ
336370,KR7336370002,솔루스첨단소재,KOSPI,,11010,2,-170,-1.52,10940,11290,10720,484166,5332104165,773092957440,70217344,STK
252990,KR7252990007,샘씨엔에스,KOSDAQ,우량기업부,12830,2,-1020,-7.36,13570,13680,12600,705357,9220587870,772595515870,60217889,KSQ
064960,KR7064960008,SNT모티브,KOSPI,,28650,2,-100,-0.35,28800,28900,27800,74033,2096864550,760378792800,26540272,STK
025540,KR7025540006,한국단자,KOSPI,,75000,2,-2200,-2.85,76900,79900,73000,32650,2421033600,758625000000,10115000,STK
003160,KR7003160009,디아이,KOSPI,,26750,2,-1200,-4.29,27100,27200,25400,302395,7967632125,757025000000,28300000,STK
253450,KR7253450001,스튜디오드래곤,KOSDAQ GLOBAL,우량기업부,25100,2,-650,-2.52,25800,26050,25000,81137,2053283000,754468299800,30058498,KSQ
023160,KR7023160005,태광,KOSDAQ,우량기업부,29150,2,-300,-1.02,29200,29550,28500,126933,3676029325,754030104300,25867242,KSQ
046890,KR7046890000,서울반도체,KOSDAQ GLOBAL,중견기업부,12900,2,-1100,-7.86,13600,13710,12900,605724,7986668795,752139660000,58305400,KSQ
241710,KR7241710003,코스메카코리아,KOSDAQ,우량기업부,70200,2,-2000,-2.77,73200,75000,69500,57624,4112800000,749736000000,10680000,KSQ
079160,KR7079160008,CJ CGV,KOSPI,,4490,1,80,1.81,4315,4540,4315,348564,1559428871,743464908650,165582385,STK
004490,KR7004490009,세방전지,KOSPI,,53500,2,-2300,-4.12,55400,55900,52500,50685,2711952200,741510000000,13860000,STK
001510,KR7001510007,SK증권,KOSPI,,3205,1,5,0.16,3285,3820,3150,44459753,155666312782,741300747425,231295085,STK
032190,KR7032190001,다우데이타,KOSDAQ,우량기업부,19330,2,-720,-3.59,20200,20250,19140,113349,2201048340,740339000000,38300000,KSQ
476060,KR7476060009,온코닉테라퓨틱스,KOSDAQ,기술성장기업부,16250,2,-420,-2.52,16910,17110,16090,225368,3695853965,737877400000,45407840,KSQ
486990,KR7486990005,노타,KOSDAQ,기술성장기업부,34550,2,-4550,-11.64,37100,37150,32400,826118,28379654925,737512246500,21346230,KSQ
114090,KR7114090004,GKL,KOSPI,,11860,1,370,3.22,11610,11930,11140,469158,5444394095,733608246200,61855670,STK
006730,KR7006730006,서부T&D,KOSDAQ,우량기업부,11290,2,-50,-0.44,11340,11680,11010,822183,9351090930,733024960670,64926923,KSQ
056080,KR7056080005,유진로봇,KOSDAQ,중견기업부,19400,2,-1300,-6.28,20050,20100,19010,302507,5899114770,727735748800,37512152,KSQ
037460,KR7037460003,삼지전자,KOSDAQ,우량기업부,44400,2,-3100,-6.53,46350,46350,43300,137264,6162643575,724542376800,16318522,KSQ
348370,KR7348370008,엔켐,KOSDAQ,중견기업부,33050,2,-3150,-8.7,35000,35500,33050,158660,5385325200,724158318650,21910993,KSQ
009240,KR7009240003,한샘,KOSPI,,30750,1,100,0.33,31300,31400,29800,39392,1202184750,723668286000,23533928,STK
171090,KR7171090004,선익시스템,KOSDAQ,우량기업부,71600,2,-3000,-4.02,74400,74500,70000,65056,4625202400,723348021600,10102626,KSQ
052400,KR7052400009,코나아이,KOSDAQ,우량기업부,49250,2,-850,-1.7,49850,51000,48500,109043,5435844450,717242081750,14563291,KSQ
285130,KR7285130001,SK케미칼,KOSPI,,41450,2,-550,-1.31,42700,42700,40050,54452,2220240250,717033850700,17298766,STK
003850,KR7003850005,보령,KOSPI,,8350,2,-210,-2.45,8650,8690,8320,112480,947571750,716323178450,85787207,STK
121600,KR7121600001,나노신소재,KOSDAQ,우량기업부,57900,2,-5300,-8.39,61600,62500,57800,100828,5924177450,709488708900,12253691,KSQ
052020,KR7052020005,에스티큐브,KOSDAQ,투자주의환기종목(소속부없음),10380,2,-910,-8.06,11020,11200,10020,586435,6225642575,705666560580,67983291,KSQ
059090,KR7059090001,미코,KOSDAQ,벤처기업부,21000,2,-1450,-6.46,21700,21700,20400,355410,7497268125,701752338000,33416778,KSQ
100840,KR7100840008,SNT에너지,KOSPI,,33900,2,-1900,-5.31,34600,35100,33050,106918,3633451750,701078543700,20680783,STK
000370,KR7000370007,한화손해보험,KOSPI,,6000,2,-120,-1.96,6180,6500,5950,770585,4707246885,700433490000,116738915,STK
00104K,KR700104K010,CJ4우(전환),KOSPI,,165000,1,4200,2.61,160400,165700,150100,8878,1421105200,697374480000,4226512,STK
336570,KR7336570007,원텍,KOSDAQ,우량기업부,7720,2,-770,-9.07,8330,8640,7690,1359616,10953920295,691562587120,89580646,KSQ
348210,KR7348210006,넥스틴,KOSDAQ GLOBAL,우량기업부,64600,2,-2400,-3.58,68000,69100,64000,127240,8348320300,676814523000,10477005,KSQ
365340,KR7365340009,성일하이텍,KOSDAQ,기술성장기업부,52300,2,-3100,-5.6,56200,56200,52300,43720,2329484000,675774314500,12921115,KSQ
005090,KR7005090006,SGC에너지,KOSPI,,46850,2,-1150,-2.4,48600,48600,44750,56595,2669798250,675077251050,14409333,STK
174900,KR7174900001,앱클론,KOSDAQ,벤처기업부,33500,2,-600,-1.76,35200,35450,33000,192728,6555821425,668396321500,19952129,KSQ
002350,KR7002350007,넥센타이어,KOSPI,,6830,2,-10,-0.15,6840,6950,6630,227351,1532989550,667071599910,97667877,STK
225570,KR7225570001,넥슨게임즈,KOSDAQ,중견기업부,10110,2,-90,-0.88,10100,10180,9970,133984,1345694525,665846359140,65860174,KSQ
053610,KR7053610002,프로텍,KOSDAQ,우량기업부,73900,2,-6400,-7.97,76400,78000,73100,65896,4928295200,665100000000,9000000,KSQ
077360,KR7077360006,덕산하이메탈,KOSDAQ,벤처기업부,14500,2,-510,-3.4,14280,15490,14210,2550407,37697813670,658836529000,45437002,KSQ
002020,KR7002020006,코오롱,KOSPI,,51000,2,-5600,-9.89,56300,56300,50700,120851,6332444550,658291680000,12907680,STK
005880,KR7005880000,대한해운,KOSPI,,2030,2,-15,-0.73,2045,2055,1980,2692156,5408113721,655177100200,322747340,STK
002960,KR7002960003,한국쉘석유,KOSPI,,502000,1,20000,4.15,493000,516000,488500,4896,2457268000,652600000000,1300000,STK
069260,KR7069260008,TKG휴켐스,KOSPI,,15950,2,-80,-0.5,16190,16330,15830,93463,1489876030,652013478600,40878588,STK
053800,KR7053800009,안랩,KOSDAQ,우량기업부,58600,2,-1300,-2.17,59900,59900,58300,55759,3272454500,652013251600,11126506,KSQ
293940,KR7293940003,신한알파리츠,KOSPI,,5390,1,40,0.75,5370,5410,5260,202683,1086011165,651867262970,120940123,STK
044490,KR7044490001,태웅,KOSDAQ,우량기업부,32550,2,-1250,-3.7,33850,33850,31550,145826,4724585450,651240251550,20007381,KSQ
327260,KR7327260006,RF머트리얼즈,KOSDAQ,벤처기업부,76600,2,-2400,-3.04,78300,80600,70800,117421,8889176850,650727341000,8495135,KSQ
317450,KR7317450005,명인제약,KOSPI,,44100,2,-500,-1.12,45700,45700,43550,15938,703789100,643860000000,14600000,STK
060250,KR7060250008,NHN KCP,KOSDAQ,우량기업부,16000,2,-740,-4.42,16410,16740,15630,339104,5451889255,642569776000,40160611,KSQ
005180,KR7005180005,빙그레,KOSPI,,69200,2,-800,-1.14,70000,70500,68500,33704,2333246950,641416945200,9269031,STK
001270,KR7001270008,부국증권,KOSPI,,61800,3,0,0.0,64100,66300,60700,18456,1154387050,640858954800,10369886,STK
001680,KR7001680008,대상,KOSPI,,18480,2,-130,-0.7,18750,18850,18200,82112,1512709835,640295502000,34648025,STK
178920,KR7178920005,PI첨단소재,KOSPI,,21800,2,-1300,-5.63,22500,22750,21450,189822,4140477850,640185819600,29366322,STK
102940,KR7102940004,코오롱생명과학,KOSDAQ,중견기업부,48500,2,-3300,-6.37,51000,51800,48500,35677,1768811100,634894245500,13090603,KSQ
001570,KR7001570001,금양,KOSPI,,9900,0,0,0.0,0,0,0,0,0,633275240400,63967196,STK
036810,KR7036810000,에프에스티,KOSDAQ,중견기업부,29100,2,-2600,-8.2,30750,31450,29000,177620,5287786100,630008859900,21649789,KSQ
007700,KR7007700008,F&F홀딩스,KOSPI,,16030,2,-410,-2.49,16280,16620,16020,14840,239401475,627003303010,39114367,STK
093050,KR7093050003,LF,KOSPI,,21400,2,-350,-1.61,21700,21850,21100,39098,838420500,625736000000,29240000,STK
389470,KR7389470006,인벤티지랩,KOSDAQ,기술성장기업부,47000,2,-3900,-7.66,51300,51700,46750,89101,4286883800,625462276000,13307708,KSQ
112040,KR7112040001,위메이드,KOSDAQ,중견기업부,18420,2,-870,-4.51,18860,18980,18300,114709,2119393410,625331056860,33948483,KSQ
249420,KR7249420001,일동제약,KOSPI,,19700,2,-500,-2.48,20700,20700,19480,141492,2805181320,623273564400,31638252,STK
009520,KR7009520008,포스코엠텍,KOSDAQ GLOBAL,중견기업부,14950,2,-750,-4.78,15760,15770,14700,133546,2002050155,622558409850,41642703,KSQ
006380,KR7006380000,카프로,KOSPI,,3660,0,0,0.0,0,0,0,0,0,618539985360,168999996,STK
086900,KR7086900008,메디톡스,KOSDAQ,우량기업부,84700,2,-1000,-1.17,86000,86800,83600,75132,6396880450,618182695900,7298497,KSQ
003620,KR7003620002,KG모빌리티,KOSPI,,3050,2,-95,-3.02,3160,3160,3010,1090316,3330327287,617243481600,202374912,STK
008060,KR7008060006,대덕,KOSPI,,19710,2,-640,-3.14,20500,20500,18500,140629,2739412475,616668701580,31287098,STK
033160,KR7033160003,엠케이전자,KOSDAQ,중견기업부,25300,2,-2150,-7.83,26500,27050,23900,468666,11947713300,612119989800,24194466,KSQ
058650,KR7058650003,세아홀딩스,KOSPI,,143500,2,-14300,-9.06,156700,157500,141400,6679,972901800,608760866000,4242236,STK
383800,KR7383800000,LX홀딩스,KOSPI,,7970,2,-110,-1.36,8160,8200,7960,164485,1319711525,607957099300,76280690,STK
001060,KR7001060003,JW중외제약,KOSPI,,26000,2,-150,-0.57,26250,26900,25500,55046,1431487100,605434180000,23285930,STK
348340,KR7348340001,뉴로메카,KOSDAQ,기술성장기업부,48800,2,-1400,-2.79,49900,49900,46300,348725,16663847100,603272968800,12362151,KSQ
383310,KR7383310000,에코프로에이치엔,KOSDAQ,우량기업부,28600,2,-2250,-7.29,30750,30750,28350,225986,6516411350,599883055200,20974932,KSQ
102710,KR7102710001,이엔에프테크놀로지,KOSDAQ,우량기업부,41900,2,-3050,-6.79,44400,44400,41700,80054,3401927325,598660328400,14287836,KSQ
089890,KR7089890008,코세스,KOSDAQ,우량기업부,36000,2,-2050,-5.39,36100,38050,35100,113641,4143204950,597058632000,16584962,KSQ
003030,KR7003030004,세아제강지주,KOSPI,,143500,1,1000,0.7,140000,145700,134900,24737,3498929250,594327779500,4141657,STK
399720,KR7399720002,가온칩스,KOSDAQ,벤처기업부,50000,2,-4400,-8.09,52700,52800,49950,86508,4375623400,591942200000,11838844,KSQ
014820,KR7014820005,동원시스템즈,KOSPI,,20400,3,0,0.0,20600,20750,19850,33509,675315660,591422152800,28991282,STK
000400,KR7000400002,롯데손해보험,KOSPI,,1903,2,-1,-0.05,1905,1998,1870,537307,1021912754,590570016960,310336320,STK
253590,KR7253590004,네오셈,KOSDAQ,우량기업부,13460,2,-940,-6.53,14270,14300,13350,616841,8488094475,590478947440,43869164,KSQ
001500,KR7001500008,현대차증권,KOSPI,,9540,1,10,0.1,9690,9780,9200,336716,3201198740,589887239760,61833044,STK
484870,KR7484870001,엠앤씨솔루션,KOSPI,,64400,2,-4100,-5.99,68500,68500,64000,26991,1754865850,589511160000,9153900,STK
082270,KR7082270000,젬백스,KOSDAQ,벤처기업부,13200,2,-560,-4.07,13970,13970,13120,229651,3060767240,584353479600,44269203,KSQ
017940,KR7017940008,E1,KOSPI,,85000,2,-1300,-1.51,84500,86900,83000,10441,878840300,583100000000,6860000,STK
425420,KR7425420007,티에프이,KOSDAQ,우량기업부,47000,2,-2550,-5.15,48650,49700,46200,74565,3543203250,580317507000,12347181,KSQ
005389,KR7005383005,현대차3우B,KOSPI,,247500,2,-5000,-1.98,250500,251000,239000,23616,5767395500,576044370000,2327452,STK
000640,KR7000640003,동아쏘시오홀딩스,KOSPI,,85300,2,-1100,-1.27,86000,86200,84000,15325,1305253350,574284553100,6732527,STK
002840,KR7002840007,미원상사,KOSPI,,119700,2,-2400,-1.97,122000,123700,118100,3709,443514500,568575000000,4750000,STK
033500,KR7033500000,동성화인텍,KOSDAQ,우량기업부,18930,2,-710,-3.62,19650,19650,18870,146216,2791828190,567701121420,29989494,KSQ
067160,KR7067160002,SOOP,KOSDAQ GLOBAL,우량기업부,48250,2,-1000,-2.03,49250,49700,48200,35917,1751252550,554622507750,11494767,KSQ
272290,KR7272290008,이녹스첨단소재,KOSDAQ GLOBAL,우량기업부,27800,2,-1700,-5.76,29450,29450,27400,131285,3678683100,554262750200,19937509,KSQ
093320,KR7093320000,케이아이엔엑스,KOSDAQ,우량기업부,113400,1,1000,0.89,110300,113400,109100,8391,935811000,553392000000,4880000,KSQ
039130,KR7039130000,하나투어,KOSPI,,35500,1,700,2.01,34750,36200,34500,53658,1898502050,549892586000,15489932,STK
122640,KR7122640006,예스티,KOSDAQ,벤처기업부,25550,2,-1350,-5.02,26500,26550,24400,209654,5336402775,547242904950,21418509,KSQ
453340,KR7453340002,현대그린푸드,KOSPI,,16710,2,-110,-0.65,16830,17110,16520,41028,689170960,542600218770,32471587,STK
015750,KR7015750003,성우하이텍,KOSDAQ,우량기업부,6710,2,-250,-3.59,6900,6940,6570,442685,2961193005,536800000000,80000000,KSQ
041830,KR7041830001,인바디,KOSDAQ,우량기업부,39800,2,-2650,-6.24,42450,42550,39500,42164,1709814700,536539103600,13480882,KSQ
005810,KR7005810007,풍산홀딩스,KOSPI,,37150,2,-1100,-2.88,37700,37950,36600,43124,1606144450,535602397800,14417292,STK
016380,KR7016380008,KG스틸,KOSPI,,5340,2,-40,-0.74,5400,5580,5260,401341,2143905420,534047509980,100008897,STK
475960,KR7475960001,토모큐브,KOSDAQ,기술성장기업부,39850,2,-2250,-5.34,42800,42800,39300,60946,2457673150,533323468900,13383274,KSQ
161000,KR7161000005,애경케미칼,KOSPI,,10900,2,-410,-3.63,11000,11140,10630,175000,1899843930,530270928100,48648709,STK
045100,KR7045100005,한양이엔지,KOSDAQ,우량기업부,30300,2,-1650,-5.16,31150,32200,29650,104149,3167961675,530250000000,17500000,KSQ
376300,KR7376300000,디어유,KOSDAQ,우량기업부,22150,2,-950,-4.11,22700,23150,22050,100136,2242150875,525805692900,23738406,KSQ
041960,KR7041960006,코미팜,KOSDAQ,벤처기업부,7080,1,260,3.81,6690,7240,6690,295065,2069593340,523116384600,73886495,KSQ
104830,KR7104830005,원익머트리얼즈,KOSDAQ,우량기업부,41100,2,-3150,-7.12,42350,43000,40350,41407,1719357050,518188800000,12608000,KSQ
003300,KR7003300001,한일홀딩스,KOSPI,,16800,1,110,0.66,16600,16980,16580,12882,214741565,517968259200,30831444,STK
019210,KR7019210004,와이지-원,KOSDAQ,우량기업부,13900,2,-1020,-6.84,14920,15050,13870,527982,7570758730,516992819200,37193728,KSQ
460930,KR7460930001,현대힘스,KOSDAQ,우량기업부,14540,2,-590,-3.9,14940,15020,14200,130476,1882496600,516325156340,35510671,KSQ
003545,KR7003541000,대신증권우,KOSPI,,20350,2,-100,-0.49,20650,20800,20200,84259,1719654225,512650423450,25191667,STK
356680,KR7356680009,엑스게이트,KOSDAQ,벤처기업부,17960,2,-2290,-11.31,18730,18750,17110,883975,15690668040,512641116320,28543492,KSQ
035890,KR7035890003,서희건설,KOSDAQ,중견기업부,2230,2,-35,-1.55,2205,2300,2115,1173031,2579569490,512472859110,229808457,KSQ
368770,KR7368770004,파이버프로,KOSDAQ,벤처기업부,15530,2,-480,-3.0,16150,16210,15320,158684,2468779455,510226114250,32854225,KSQ
017900,KR7017900002,광전자,KOSPI,,8720,2,-960,-9.92,9400,9400,8500,914111,8014856165,505269613360,57943763,STK
452260,KR7452260003,한화갤러리아,KOSPI,,2600,2,-185,-6.64,2740,2765,2600,2270957,6001807059,504034986000,193859610,STK
089010,KR7089010003,켐트로닉스,KOSDAQ,우량기업부,30050,2,-4000,-11.75,33000,33100,30050,273852,8478845950,503939311350,16770027,KSQ
004710,KR7004710000,한솔테크닉스,KOSPI,,12320,2,-140,-1.12,12200,13350,11450,1817885,22611377565,500555649440,40629517,STK
214430,KR7214430001,아이쓰리시스템,KOSDAQ,우량기업부,68400,2,-3300,-4.6,70500,70900,67000,40497,2768037600,499813506000,7307215,KSQ
002240,KR7002240000,고려제강,KOSPI,,18490,2,-420,-2.22,18860,19800,18210,34368,638903615,499230000000,27000000,STK
064290,KR7064290000,인텍플러스,KOSDAQ,중견기업부,38800,2,-2650,-6.39,39500,39550,36400,399123,15189589175,499121725600,12863962,KSQ
278280,KR7278280003,천보,KOSDAQ,중견기업부,40950,2,-2550,-5.86,43200,43200,40550,72677,2995729675,498798846000,12180680,KSQ
271940,KR7271940009,일진하이솔루스,KOSPI,,13730,1,90,0.66,13040,13730,13040,42667,565842385,498580098700,36313190,STK
230360,KR7230360000,에코마케팅,KOSDAQ,우량기업부,16000,3,0,0.0,16040,16040,16000,14574,233185780,495980128000,30998758,KSQ
170920,KR7170920003,엘티씨,KOSDAQ,벤처기업부,46500,2,-900,-1.9,46000,48800,41550,326482,15078413575,491231859000,10564126,KSQ
005250,KR7005250006,녹십자홀딩스,KOSPI,,10440,2,-500,-4.57,10980,11150,10430,202535,2149993110,490974512400,47028210,STK
284740,KR7284740008,쿠쿠홈시스,KOSPI,,21800,2,-150,-0.68,21950,22050,21550,13317,288869800,489133794000,22437330,STK
031430,KR7031430002,신세계인터내셔날,KOSPI,,13960,2,-410,-2.85,14300,14390,13830,84883,1196449130,488404560000,34986000,STK
460860,KR7460860000,동국제강,KOSPI,,9840,2,-170,-1.7,9930,9980,9550,214187,2089558010,488142887280,49608017,STK
009410,KR7009410002,태영건설,KOSPI,,1632,2,-34,-2.04,1666,1668,1610,246507,401996037,485667007296,297590078,STK
448900,KR7448900001,한국피아이엠,KOSDAQ,기술성장기업부,79800,2,-10800,-11.92,86700,87800,78500,121073,9746637800,484741668600,6074457,KSQ
001530,KR7001530005,DI동일,KOSPI,,23300,2,-200,-0.85,22900,24750,22500,62427,1454024800,482673969300,20715621,STK
268280,KR7268280005,미원에스씨,KOSPI,,96200,2,-2300,-2.34,102900,102900,96100,1693,166402200,481000000000,5000000,STK
099190,KR7099190001,아이센스,KOSDAQ,중견기업부,16700,1,600,3.73,16170,16900,15680,151035,2460600245,480247060300,28757309,KSQ
024850,KR7024850000,HLB이노베이션,KOSDAQ,중견기업부,15100,2,-20,-0.13,15420,15560,14650,162174,2451429820,479478514400,31753544,KSQ
452280,KR7452280001,한선엔지니어링,KOSDAQ,우량기업부,24900,1,150,0.61,24650,26250,23200,520897,13093326375,479266983000,19247670,KSQ
019170,KR7019170000,신풍제약,KOSPI,,9130,2,-270,-2.87,9290,9330,9080,90322,827795905,478581105860,52418522,STK
377740,KR7377740006,바이오노트,KOSPI,,4690,2,-25,-0.53,4715,4715,4620,42553,197820745,477845565120,101886048,STK
020000,KR7020000006,한섬,KOSPI,,22150,2,-250,-1.12,22350,22700,21600,134931,2965051400,475715417100,21476994,STK
094800,KR7094800000,맵스리얼티,KOSPI,,5100,3,0,0.0,5100,5140,5000,80370,408181900,473455088100,92834331,STK
200710,KR7200710002,에이디테크놀로지,KOSDAQ,중견기업부,35050,2,-2300,-6.16,35950,37000,33800,237207,8320902450,471843345350,13462007,KSQ
005945,KR7005941000,NH투자증권우,KOSPI,,24850,2,-550,-2.17,25500,26000,24800,84999,2131970525,468943554800,18870968,STK
003280,KR7003280005,흥아해운,KOSPI,,1950,1,1,0.05,1930,1990,1896,5318997,10345630467,468828553050,240424899,STK
041190,KR7041190000,우리기술투자,KOSDAQ,우량기업부,5580,2,-290,-4.94,5780,5920,5550,897433,5081598835,468720000000,84000000,KSQ
330860,KR7330860008,네패스아크,KOSDAQ,중견기업부,38450,2,-1800,-4.47,38600,42000,37100,135448,5283577450,468476530250,12184045,KSQ
477850,KR7477850002,마키나락스,KOSDAQ,기술성장기업부,26700,1,250,0.95,29300,34350,26450,5479688,168401244200,468361788000,17541640,KSQ
005420,KR7005420005,코스모화학,KOSPI,,12180,2,-820,-6.31,12760,13190,12050,162962,2004544760,467812217040,38408228,STK
025980,KR7025980004,아난티,KOSDAQ,우량기업부,4795,2,-90,-1.84,4885,5040,4685,1247919,6029460989,466558247050,97300990,KSQ
393890,KR7393890009,더블유씨피,KOSDAQ GLOBAL,기술성장기업부,13760,2,-700,-4.84,14000,14390,13000,527693,7158655955,465681661440,33843144,KSQ
042000,KR7042000000,카페24,KOSDAQ,우량기업부,19260,2,-1590,-7.63,20450,20450,19250,87021,1702764430,465671534940,24178169,KSQ
030520,KR7030520001,한글과컴퓨터,KOSDAQ GLOBAL,우량기업부,19230,2,-340,-1.74,19150,19970,18880,152368,2957909690,464976477120,24179744,KSQ
016610,KR7016610008,DB증권,KOSPI,,10850,2,-180,-1.63,11130,11290,10620,73160,793680995,460543320650,42446389,STK
034310,KR7034310003,NICE,KOSPI,,12490,2,-30,-0.24,12520,12520,12240,62535,776161450,459096890930,36757157,STK
036620,KR7036620003,감성코퍼레이션,KOSDAQ,우량기업부,5070,1,190,3.89,4990,5200,4810,970346,4937502515,458854118970,90503771,KSQ
290550,KR7290550003,디케이티,KOSDAQ,우량기업부,22850,2,-1700,-6.92,23900,26200,22550,216147,5057937750,457028105500,20001230,KSQ
014830,KR7014830004,유니드,KOSPI,,67500,2,-2500,-3.57,70000,70000,67100,22825,1547740950,456813000000,6767600,STK
092190,KR7092190008,서울바이오시스,KOSDAQ,투자주의환기종목(소속부없음),9950,2,-1320,-11.71,10950,10950,9860,447328,4647919590,456390410850,45868383,KSQ
009900,KR7009900002,명신산업,KOSPI,,8690,2,-270,-3.01,8820,8950,8520,156766,1359376140,455965455770,52470133,STK
034950,KR7034950006,한국기업평가,KOSDAQ,우량기업부,100400,1,200,0.2,100500,101500,99600,2142,214195450,455867605600,4540514,KSQ
001200,KR7001200005,유진투자증권,KOSPI,,4680,2,-30,-0.64,4785,4887,4570,1251596,5889365349,453334836240,96866418,STK
448730,KR7448730002,삼성FN리츠,KOSPI,,4960,1,100,2.06,4860,4960,4810,46614,228758982,451608000000,91050000,STK
340570,KR7340570001,티앤엘,KOSDAQ,우량기업부,55400,2,-500,-0.89,56000,57100,54000,32119,1767572300,450291200000,8128000,KSQ
060280,KR7060280005,큐렉소,KOSDAQ,중견기업부,10900,2,-380,-3.37,11290,11290,10700,390747,4251598315,449731711000,41259790,KSQ
403550,KR7403550007,쏘카,KOSPI,,11770,2,-900,-7.1,12380,12520,11610,50770,606516810,446553117340,37939942,STK
211050,KR7211050000,인카금융서비스,KOSDAQ,우량기업부,9020,2,-330,-3.53,9000,9500,8950,122438,1110193425,444358186140,49263657,KSQ
372320,KR7372320002,큐로셀,KOSDAQ,기술성장기업부,29100,2,-1100,-3.64,29500,29950,28700,65104,1912059825,443074213800,15225918,KSQ
332570,KR7332570001,PS일렉트로닉스,KOSDAQ,우량기업부,9440,2,-1140,-10.78,10190,10260,9350,2503257,24065311885,440957154720,46711563,KSQ
145990,KR7145990008,삼양사,KOSPI,,42700,2,-550,-1.27,43250,43250,42700,8445,361769475,440384272300,10313449,STK
199800,KR7199800004,툴젠,KOSDAQ,기술성장기업부,48800,2,-1200,-2.4,49050,50000,46250,42113,2011350500,439084295200,8997629,KSQ
004690,KR7004690004,삼천리,KOSPI,,121000,1,1000,0.83,118800,122000,118800,9103,1095973250,438840017000,3626777,STK
011930,KR7011930005,신성이엔지,KOSPI,,21300,2,-1400,-6.17,22500,22700,20500,417048,8834815100,438456559500,20584815,STK
000157,KR7000152009,두산2우B,KOSPI,,490500,2,-22500,-4.39,509000,509000,470000,1163,564480500,438035139000,893038,STK
003000,KR7003000007,부광약품,KOSPI,,4435,2,-90,-1.99,4530,4600,4405,377606,1687211177,437577815885,98664671,STK
039440,KR7039440003,에스티아이,KOSDAQ,우량기업부,28000,2,-1650,-5.56,29700,29700,27350,120359,3392438325,434197316000,15507047,KSQ
125490,KR7125490003,한라캐스트,KOSDAQ,벤처기업부,11890,2,-1010,-7.83,12540,12790,11550,779300,9310309190,434012965280,36502352,KSQ
008730,KR7008730004,율촌화학,KOSPI,,17500,2,-800,-4.37,18000,18100,16960,83645,1454068400,434000000000,24800000,STK
018290,KR7018290007,브이티,KOSDAQ,우량기업부,12320,2,-350,-2.76,12610,12800,12200,178939,2224641300,430483444160,34941838,KSQ
217590,KR7217590009,티엠씨,KOSPI,,17840,2,-2010,-10.13,19160,19160,17540,191748,3467860185,429840974000,24094225,STK
130660,KR7130660004,한전산업,KOSPI,,13130,2,-280,-2.09,13140,13400,12830,183934,2400875500,428038000000,32600000,STK
138080,KR7138080007,오이솔루션,KOSDAQ,벤처기업부,34500,2,-4900,-12.44,38250,38500,33800,473284,16548809800,427032651000,12377758,KSQ
101930,KR7101930006,인화정공,KOSDAQ,우량기업부,9250,2,-210,-2.22,9050,9530,8990,24280,223753500,427020792500,46164410,KSQ
251970,KR7251970000,펌텍코리아,KOSDAQ,우량기업부,34400,2,-1050,-2.96,35650,36450,34200,26061,907769950,426560000000,12400000,KSQ
168360,KR7168360006,펨트론,KOSDAQ,벤처기업부,19390,2,-760,-3.77,19510,19950,18670,117218,2236768860,424764591860,21906374,KSQ
004700,KR7004700001,조광피혁,KOSPI,,63800,1,1800,2.9,64400,65100,60700,1113,70518900,424215004400,6649138,STK
025320,KR7025320003,시노펙스,KOSDAQ,우량기업부,4600,2,-290,-5.93,4850,4895,4590,595947,2795946529,423947283800,92162453,KSQ
085910,KR7085910008,네오티스,KOSDAQ,중견기업부,30400,2,-3350,-9.93,33450,33450,29850,200792,6228989175,423618467200,13934818,KSQ
0011T0,KR70011T0008,채비,KOSDAQ,기술성장기업부,9010,2,-1120,-11.06,10130,10130,8930,584057,5373084465,423015814910,46949591,KSQ
381970,KR7381970003,케이카,KOSPI,,8660,2,-220,-2.48,8770,8860,8600,80720,699933445,422788543680,48820848,STK
000070,KR7000070003,삼양홀딩스,KOSPI,,54300,2,-1100,-1.99,54800,54800,53300,12586,678899750,421541271300,7763191,STK
078160,KR7078160009,메디포스트,KOSDAQ,벤처기업부,10660,2,-840,-7.3,11300,11330,10660,148154,1610101575,417921067980,39204603,KSQ
468530,KR7468530001,프로티나,KOSDAQ,기술성장기업부,37650,1,150,0.4,40200,40700,36950,127381,4872059775,415475581200,11035208,KSQ
064260,KR7064260003,다날,KOSDAQ,중견기업부,5490,2,-220,-3.85,5700,5840,5410,925138,5142419105,415293558930,75645457,KSQ
079940,KR7079940003,가비아,KOSDAQ,우량기업부,30900,2,-850,-2.68,31750,31750,30450,17484,538506450,414699135600,13420684,KSQ
095660,KR7095660007,네오위즈,KOSDAQ,우량기업부,19070,2,-640,-3.25,19810,19820,19020,74712,1432998040,412607273130,21636459,KSQ
493280,KR7493280002,아이엠바이오로직스,KOSDAQ,기술성장기업부,27800,2,-2200,-7.33,30050,31350,27800,37567,1074396250,412203082200,14827449,KSQ
072710,KR7072710007,농심홀딩스,KOSPI,,88800,2,-1400,-1.55,89500,89900,87700,9936,878370200,411835752000,4637790,STK
006910,KR7006910004,보성파워텍,KOSDAQ,우량기업부,8360,2,-540,-6.07,8700,8900,8160,1079788,9057304525,410725328640,49129824,KSQ
101160,KR7101160000,월덱스,KOSDAQ,우량기업부,24800,2,-650,-2.55,26350,26450,24350,110458,2780714675,409472626400,16510993,KSQ
027410,KR7027410000,BGF,KOSPI,,4270,2,-25,-0.58,4225,4340,4145,152414,650090533,408710697570,95716791,STK
950210,KR8702070002,프레스티지바이오파마,KOSPI,,6790,2,-40,-0.59,6600,6950,6600,58144,393518380,408052892450,60096155,STK
110990,KR7110990009,디아이티,KOSDAQ,우량기업부,21550,2,-300,-1.37,21350,22750,20550,154733,3352130825,407295000000,18900000,KSQ
025900,KR7025900002,동화기업,KOSDAQ GLOBAL,중견기업부,8040,2,-460,-5.41,8330,8330,7920,97525,786915700,406480571400,50557285,KSQ
013030,KR7013030002,하이록코리아,KOSDAQ,우량기업부,34500,2,-950,-2.68,34650,35150,33950,29199,1005919200,406000968000,11768144,KSQ
042520,KR7042520007,한스바이오메드,KOSDAQ,벤처기업부,28450,1,50,0.18,29100,29900,28000,206840,5989174700,405735891150,14261367,KSQ
455900,KR7455900001,엔젤로보틱스,KOSDAQ,기술성장기업부,26400,2,-800,-2.94,26900,27050,25200,85073,2208979700,403968338400,15301831,KSQ
006220,KR7006220008,제주은행,KOSPI,,10680,1,680,6.8,10150,12450,10070,6565854,75962390475,403688588760,37798557,STK
078350,KR7078350006,한양디지텍,KOSDAQ,우량기업부,26400,2,-3300,-11.11,28450,28850,26100,385507,10344414500,402451684800,15244382,KSQ
010820,KR7010820009,퍼스텍,KOSPI,,8250,1,100,1.23,7960,8370,7940,696044,5681917435,402368488500,48771938,STK
241770,KR7241770007,메카로,KOSDAQ,우량기업부,39400,2,-400,-1.01,39050,41200,37000,58652,2314378850,401590016000,10192640,KSQ
389500,KR7389500000,에스비비테크,KOSDAQ,기술성장기업부,60200,2,-3900,-6.08,62000,63700,57500,178145,10537616350,401141014400,6663472,KSQ
078020,KR7078020005,LS증권,KOSDAQ,우량기업부,7180,1,440,6.53,6800,7400,6700,790162,5665129255,398354944200,55481190,KSQ
029530,KR7029530003,신도리코,KOSPI,,40800,1,50,0.12,40400,41150,39700,9024,364740075,396401743200,9715729,STK
006405,KR7006401004,삼성SDI우,KOSPI,,245000,2,-21000,-7.89,265000,265000,245000,17984,4495365250,396384520000,1617896,STK
015360,KR7015360001,INVENI,KOSPI,,14540,2,-80,-0.55,14990,14990,14330,28450,412767995,396215000000,27250000,STK
215200,KR7215200007,메가스터디교육,KOSDAQ GLOBAL,우량기업부,38100,2,-900,-2.31,38850,38850,37950,39696,1514088075,394914729600,10365216,KSQ
417310,KR7417310000,코람코더원리츠,KOSPI,,9760,2,-10,-0.1,9800,9800,9690,78758,766735900,394304000000,40400000,STK
389650,KR7389650003,넥스트바이오메디컬,KOSDAQ,기술성장기업부,47600,1,5750,13.74,42900,51700,42550,212993,10176775700,393998813600,8277286,KSQ
160980,KR7160980009,싸이맥스,KOSDAQ,우량기업부,36000,1,3000,9.09,32000,38300,31250,354826,12742034000,393272748000,10924243,KSQ
107640,KR7107640005,한중엔시에스,KOSDAQ,기술성장기업부,43250,2,-2800,-6.08,46550,46550,42350,130032,5657395225,392058914500,9064946,KSQ
092200,KR7092200005,디아이씨,KOSPI,,10060,2,-200,-1.95,10000,10160,9010,1777782,16937726450,391219004140,38888569,STK
069540,KR7069540003,빛과전자,KOSDAQ,벤처기업부,3760,2,-425,-10.16,4060,4065,3675,5609539,21244547799,391104386240,104017124,KSQ
060980,KR7060980000,HL홀딩스,KOSPI,,43000,2,-1050,-2.38,43700,44300,41900,36753,1571674625,390390421000,9078847,STK
145720,KR7145720009,덴티움,KOSPI,,45100,2,-950,-2.06,45500,46050,41900,27298,1228065650,388937484100,8623891,STK
002810,KR7002810000,삼영무역,KOSPI,,21050,2,-50,-0.24,21100,21250,20700,11926,249851600,388729255400,18466948,STK
354320,KR7354320004,알멕,KOSDAQ,기술성장기업부,60700,2,-3700,-5.75,64400,64400,60000,82566,5029149800,387956826700,6391381,KSQ
078130,KR7078130002,국일제지,KOSDAQ,중견기업부,3435,1,30,0.88,3335,3525,3125,249293,837744091,387263916345,112740587,KSQ
090435,KR7090431008,아모레퍼시픽우,KOSPI,,36650,2,-750,-2.01,37400,38300,36100,28551,1051641450,386944469500,10557830,STK
425040,KR7425040003,티이엠씨,KOSDAQ,우량기업부,18100,2,-2150,-10.62,20250,20250,17970,901505,16829618130,386881744200,21374682,KSQ
067630,KR7067630004,HLB생명과학,KOSDAQ,투자주의환기종목(소속부없음),3170,2,-35,-1.09,3205,3205,3075,250750,781043041,386477073860,121917058,KSQ
230240,KR7230240004,에치에프알,KOSDAQ,중견기업부,28950,2,-5050,-14.85,33200,33200,28650,467570,13956613500,385295550000,13309000,KSQ
065680,KR7065680001,우주일렉트로,KOSDAQ,우량기업부,41500,1,550,1.34,39250,42900,35800,63322,2513524300,383479546500,9240471,KSQ
306200,KR7306200007,세아제강,KOSPI,,135200,2,-2500,-1.82,134200,141300,131000,14250,1963523300,383467760000,2836300,STK
0120G0,KR70120G0001,삼양바이오팜,KOSPI,,51500,2,-3000,-5.5,54900,55300,51500,17818,939784200,382947305000,7435870,STK
357120,KR7357120005,코람코라이프인프라리츠,KOSPI,,3915,1,5,0.13,3910,3940,3880,121847,475980035,381067910910,97335354,STK
012030,KR7012030003,DB,KOSPI,,1886,2,-107,-5.37,1986,1986,1795,1192522,2251209079,379414037638,201173933,STK
287840,KR7287840003,인투셀,KOSDAQ,기술성장기업부,25250,2,-1150,-4.36,26300,26400,24050,64196,1615200825,379304490000,15021960,KSQ
304360,KR7304360001,에스바이오메딕스,KOSDAQ,벤처기업부,30600,1,2150,7.56,29050,31450,27100,83463,2478510350,378984916800,12385128,KSQ
117730,KR7117730002,티로보틱스,KOSDAQ,벤처기업부,16770,2,-1080,-6.05,17200,17510,16260,169639,2835247010,378298381110,22558043,KSQ
098070,KR7098070006,한텍,KOSDAQ,중견기업부,33800,2,-3000,-8.15,36200,36250,33600,50337,1725664125,375894565800,11121141,KSQ
170900,KR7170900005,동아에스티,KOSPI,,38350,1,450,1.19,38200,38550,37950,11320,432487050,373061858650,9727819,STK
187660,KR7187660006,페니트리움바이오,KOSDAQ,중견기업부,6710,2,-130,-1.9,6700,7140,6550,850987,5770665675,372178557630,55466253,KSQ
394280,KR7394280002,오픈엣지테크놀로지,KOSDAQ,기술성장기업부,14080,2,-1130,-7.43,14670,14770,13960,156969,2228235275,370959142400,26346530,KSQ
047920,KR7047920004,HLB제약,KOSDAQ,기술성장기업부,11300,2,-300,-2.59,11300,11670,11250,66476,754258260,370632722800,32799356,KSQ
015860,KR7015860000,일진홀딩스,KOSPI,,7500,2,-130,-1.7,7630,7630,7260,277682,2060794680,370106122500,49347483,STK
144960,KR7144960002,뉴파워프라즈마,KOSDAQ,우량기업부,8470,2,-240,-2.76,8700,8790,8270,580467,4954057590,370076525280,43692624,KSQ
105840,KR7105840003,우진,KOSPI,,18260,2,-790,-4.15,19060,19520,17730,196281,3590841155,368809454200,20197670,STK
017810,KR7017810003,풀무원,KOSPI,,9630,2,-280,-2.83,9840,9850,9510,89516,860740750,367100819460,38120542,STK
456010,KR7456010008,아이씨티케이,KOSDAQ,기술성장기업부,26100,2,-2050,-7.28,26650,26950,25500,496006,12955934625,365684333400,14010894,KSQ
080580,KR7080580004,오킨스전자,KOSDAQ,벤처기업부,17310,2,-1120,-6.08,18300,18300,16820,386953,6740145065,365084431050,21090955,KSQ
344820,KR7344820006,KCC글라스,KOSPI,,22850,2,-200,-0.87,22750,23050,22450,33471,759011725,364926199200,15970512,STK
114810,KR7114810005,한솔아이원스,KOSDAQ,우량기업부,12950,2,-330,-2.48,13200,13400,12600,152137,1973384695,364454103300,28143174,KSQ
016590,KR7016590002,신대양제지,KOSPI,,9010,2,-10,-0.11,9080,9180,8750,19138,169992680,363083358200,40297820,STK
215600,KR7215600008,신라젠,KOSDAQ,중견기업부,2620,2,-80,-2.96,2705,2745,2595,746751,1971943387,363010337680,138553564,KSQ
089590,KR7089590004,제주항공,KOSPI,,4480,1,70,1.59,4410,4520,4400,177812,792622068,361271612800,80640985,STK
206650,KR7206650004,유바이오로직스,KOSDAQ,우량기업부,9810,2,-130,-1.31,9760,9950,9680,202611,1986134045,360255641670,36723307,KSQ
097520,KR7097520001,엠씨넥스,KOSPI,,20600,2,-600,-2.83,20950,21250,20350,59441,1224660825,358470900000,17401500,STK
232530,KR7232530006,이엠티,KONEX,일반기업부,13940,2,-160,-1.13,14000,14000,11990,6811,90498900,357063397760,25614304,KNX
084110,KR7084110006,휴온스글로벌,KOSDAQ,우량기업부,28200,2,-1450,-4.89,30050,30300,27700,117851,3343811875,357006698400,12659812,KSQ
003800,KR7003800000,에이스침대,KOSDAQ,우량기업부,32000,1,50,0.16,32200,32600,31800,5438,175247600,354880000000,11090000,KSQ
002030,KR7002030005,아세아,KOSPI,,172300,1,5200,3.11,168000,172700,165000,4182,707849900,354740199600,2058852,STK
105630,KR7105630008,한세실업,KOSPI,,8850,1,370,4.36,8420,9010,8410,165525,1448922025,354000000000,40000000,STK
092790,KR7092790005,넥스틸,KOSPI,,13590,2,-390,-2.79,13600,13710,13160,152452,2047702370,353367180000,26002000,STK
254490,KR7254490006,미래반도체,KOSDAQ,우량기업부,24450,2,-2750,-10.11,26700,26700,24200,181945,4521675525,353009100000,14438000,KSQ
052710,KR7052710001,아모텍,KOSDAQ,중견기업부,24100,2,-700,-2.82,24650,27100,22200,742452,18395815700,352162358600,14612546,KSQ
005610,KR7005610001,삼립,KOSPI,,40800,2,-400,-0.97,41200,42200,40500,7928,325304350,352063567200,8629009,STK
183190,KR7183190008,아세아시멘트,KOSPI,,9570,1,20,0.21,9500,9680,9340,40361,383136895,349366515960,36506428,STK
265520,KR7265520007,AP시스템,KOSDAQ,우량기업부,22750,2,-1600,-6.57,24150,24200,22650,67380,1555779850,342406177750,15050821,KSQ
079370,KR7079370003,제우스,KOSDAQ,우량기업부,11010,2,-1010,-8.4,11990,11990,10990,369826,4135833880,341497059900,31016990,KSQ
119850,KR7119850006,지엔씨에너지,KOSDAQ,우량기업부,20700,2,-400,-1.9,20900,21350,19960,119288,2461779085,340492416300,16448909,KSQ
02826K,KR702826K016,삼성물산우B,KOSPI,,231500,2,-33500,-12.64,250000,253500,225500,21601,5057292500,339747085000,1467590,STK
029460,KR7029460003,케이씨,KOSPI,,30800,2,-950,-2.99,31500,31500,30100,19044,583931700,339432478000,11020535,STK
452430,KR7452430002,사피엔반도체,KOSDAQ,기술성장기업부,41100,2,-950,-2.26,41250,42000,39000,59279,2394105100,339297803100,8255421,KSQ
092230,KR7092230002,KPX홀딩스,KOSPI,,80200,2,-200,-0.25,80400,81700,80000,3555,286202700,338816609200,4224646,STK
376270,KR7376270005,HEM파마,KOSDAQ,기술성장기업부,47000,2,-2250,-4.57,49400,49400,46700,18807,890168400,338549789000,7203187,KSQ
126720,KR7126720002,수산인더스트리,KOSPI,,23600,2,-700,-2.88,24250,24250,23300,21093,498487350,337149600000,14286000,STK
002710,KR7002710002,TCC스틸,KOSPI,,12850,2,-760,-5.58,13200,13610,12690,127255,1649977080,336846006450,26213697,STK
204620,KR7204620009,글로벌텍스프리,KOSDAQ,우량기업부,4780,1,190,4.14,4590,4960,4500,1330746,6363199527,335954317400,70283330,KSQ
219130,KR7219130002,타이거일렉,KOSDAQ,벤처기업부,53200,1,1200,2.31,49900,53200,48300,26825,1350375750,335920228000,6314290,KSQ
200880,KR7200880003,서연이화,KOSPI,,12410,2,-400,-3.12,12630,12820,12140,88276,1094503265,335422903170,27028437,STK
234340,KR7234340008,헥토파이낸셜,KOSDAQ,우량기업부,24000,2,-750,-3.03,24300,25100,23400,210756,5097817625,335295744000,13970656,KSQ
200470,KR7200470003,에이팩트,KOSDAQ,중견기업부,7900,2,-460,-5.5,8300,8360,7880,361184,2899923335,334660534700,42362093,KSQ
424870,KR7424870004,이뮨온시아,KOSDAQ,기술성장기업부,4490,1,65,1.47,4520,4630,4365,605145,2717728696,334244889810,74442069,KSQ
441270,KR7441270006,파인엠텍,KOSDAQ,벤처기업부,8000,2,-110,-1.36,7940,8370,7660,275243,2196890465,333849696000,41731212,KSQ
179900,KR7179900006,유티아이,KOSDAQ,투자주의환기종목(소속부없음),16860,2,-850,-4.8,17500,18080,16420,121337,2059009855,333666346320,19790412,KSQ
417840,KR7417840006,저스템,KOSDAQ,벤처기업부,14670,2,-1320,-8.26,15610,15610,13920,785754,11446739230,332479867770,22663931,KSQ
092460,KR7092460005,한라IMS,KOSDAQ,우량기업부,19430,1,620,3.3,18810,19820,17400,118231,2248696820,332441082400,17109680,KSQ
488900,KR7488900002,비츠로넥스텍,KOSDAQ,기술성장기업부,11380,2,-520,-4.37,11790,11790,10830,122807,1380714485,329751921340,28976443,KSQ
091810,KR7091810002,트리니티항공,KOSPI,,798,1,14,1.79,783,832,765,1433687,1158494325,329549649030,412969485,STK
092870,KR7092870005,엑시콘,KOSDAQ,우량기업부,25250,2,-4450,-14.98,28150,28400,24700,446719,11547425425,329532624250,13050797,KSQ
010690,KR7010690006,화신,KOSPI,,9360,2,-460,-4.68,9540,9610,9090,223327,2077380100,326855037600,34920410,STK
091700,KR7091700005,파트론,KOSDAQ GLOBAL,우량기업부,6530,2,-70,-1.06,6600,6650,6400,226760,1470135060,326500000000,50000000,KSQ
025860,KR7025860008,남해화학,KOSPI,,6570,2,-20,-0.3,6560,6590,6410,382837,2493214695,326389998510,49678843,STK
011760,KR7011760006,현대코퍼레이션,KOSPI,,24650,2,-200,-0.8,24800,24850,24050,24516,598341750,326094011900,13228966,STK
058430,KR7058430000,포스코스틸리온,KOSPI,,5430,2,-130,-2.34,5560,5560,5240,329718,1759653510,325800000000,60000000,STK
286940,KR7286940002,롯데이노베이트,KOSPI,,21300,2,-1400,-6.17,21800,21800,20600,52035,1099184700,322255517100,15129367,STK
243070,KR7243070000,휴온스,KOSDAQ,우량기업부,26900,2,-1450,-5.11,27700,27700,26000,32644,875242850,322252988500,11979665,KSQ
005950,KR7005950001,이수화학,KOSPI,,12240,1,110,0.91,11900,12430,11000,734072,8818625880,321840628560,26294169,STK
016800,KR7016800005,퍼시스,KOSPI,,27900,1,650,2.39,26800,28100,26600,1331,36289775,320850000000,11500000,STK
192650,KR7192650000,드림텍,KOSPI,,4650,2,-120,-2.52,4715,4805,4580,293642,1368519415,320730025350,68974199,STK
241520,KR7241520006,DSC인베스트먼트,KOSDAQ,중견기업부,12040,2,-880,-6.81,12780,13050,12000,659201,8161191810,320264000000,26600000,KSQ
484590,KR7484590005,삼양컴텍,KOSDAQ,벤처기업부,7770,2,-140,-1.77,7650,7810,7630,113995,878955385,320205196500,41210450,KSQ
317330,KR7317330009,덕산테코피아,KOSDAQ,중견기업부,15560,2,-940,-5.7,16270,16690,15300,113268,1767983735,318615647040,20476584,KSQ
005720,KR7005720008,넥센,KOSPI,,6030,1,20,0.33,6000,6090,5860,22751,136169160,316840181310,52543977,STK
482630,KR7482630001,삼양엔씨켐,KOSDAQ,중견기업부,14470,2,-1240,-7.89,15240,15240,14200,392231,5721494815,316723411600,21888280,KSQ
049070,KR7049070006,인탑스,KOSDAQ,우량기업부,18390,1,100,0.55,18710,18980,17590,211196,3853552450,316308000000,17200000,KSQ
064820,KR7064820004,케이프,KOSDAQ,우량기업부,10210,2,-540,-5.02,10500,10630,10080,122574,1260629490,315082795150,30860215,KSQ
078340,KR7078340007,컴투스,KOSDAQ GLOBAL,중견기업부,26050,2,-850,-3.16,27250,27350,26000,48240,1279317050,314978703650,12091313,KSQ
126560,KR7126560002,현대퓨처넷,KOSPI,,2880,2,-45,-1.54,2925,2925,2830,51087,146770365,314498995200,109201040,STK
069080,KR7069080000,웹젠,KOSDAQ GLOBAL,우량기업부,10100,2,-440,-4.17,10400,10530,10050,70447,719743200,312762407500,30966575,KSQ
475400,KR7475400008,씨메스로보틱스,KOSDAQ,기술성장기업부,26600,2,-950,-3.45,26750,27550,25150,51272,1334579125,312711249200,11756062,KSQ
009290,KR7009290008,광동제약,KOSPI,,6270,2,-160,-2.49,6450,6470,6230,145706,920251170,312244796160,49799808,STK
203650,KR7203650007,드림시큐리티,KOSDAQ,중견기업부,3085,2,-135,-4.19,3075,3165,2960,1567381,4753004657,311885232200,101097320,KSQ
018250,KR7018250001,애경산업,KOSPI,,11800,2,-50,-0.42,11730,11900,11460,33489,391851925,311637233000,26409935,STK
036200,KR7036200004,유니셈,KOSDAQ,우량기업부,10140,2,-950,-8.57,10620,10670,9980,378160,3890553160,310935221220,30664223,KSQ
094360,KR7094360005,칩스앤미디어,KOSDAQ,벤처기업부,14510,2,-670,-4.41,15150,15200,14380,98523,1439072480,309865025740,21355274,KSQ
009160,KR7009160003,SIMPAC,KOSPI,,4735,3,0,0.0,4885,4955,4585,132009,618661087,309531533480,65370968,STK
445090,KR7445090004,에이직랜드,KOSDAQ,벤처기업부,28200,2,-2850,-9.18,30100,30100,27000,174978,4925856375,308103555600,10925658,KSQ
036890,KR7036890002,진성티이씨,KOSDAQ,우량기업부,13970,2,-390,-2.72,14500,14580,13820,99926,1405092485,307795743310,22032623,KSQ
101730,KR7101730000,위메이드맥스,KOSDAQ,중견기업부,3665,2,-255,-6.51,3805,3915,3620,60868,227637147,307139043190,83803286,KSQ
036170,KR7036170009,에이치엠넥스,KOSDAQ,중견기업부,4960,1,160,3.33,4800,5290,4800,6663890,33390338456,304373504960,61365626,KSQ
236200,KR7236200002,슈프리마,KOSDAQ,우량기업부,43600,2,-1950,-4.28,46600,49000,43000,57904,2569288600,304079959600,6974311,KSQ
089980,KR7089980007,상아프론테크,KOSDAQ,우량기업부,18990,2,-1010,-5.05,19310,19950,18610,49892,948914695,303631812630,15989037,KSQ
228760,KR7228760005,지노믹트리,KOSDAQ,기술성장기업부,12150,2,-130,-1.06,12340,12500,11750,73495,892781315,302039304300,24859202,KSQ
194370,KR7194370003,제이에스코퍼레이션,KOSPI,,10400,2,-210,-1.98,10610,11060,10310,128174,1348428610,301774283200,29016758,STK
104700,KR7104700000,한국철강,KOSPI,,8260,2,-30,-0.36,8270,8280,8110,32903,269422120,301077000000,36450000,STK
042370,KR7042370007,비츠로테크,KOSDAQ,우량기업부,11490,2,-570,-4.73,11950,11960,11070,416405,4740088235,301038287250,26200025,KSQ
084690,KR7084690007,대상홀딩스,KOSPI,,8310,2,-630,-7.05,8890,8910,8250,166477,1402988895,300926190780,36212538,STK
136480,KR7136480001,하림,KOSDAQ,우량기업부,2830,2,-30,-1.05,2860,2880,2795,614605,1736582890,300573456660,106209702,KSQ
001940,KR7001940006,KISCO홀딩스,KOSPI,,21200,2,-150,-0.7,21500,21850,20500,6676,139906250,300539256000,14176380,STK
099430,KR7099430001,바이오플러스,KOSDAQ,우량기업부,4870,2,-170,-3.37,5040,5040,4785,961485,4678625410,300190316140,61640722,KSQ
000650,KR7000650002,천일고속,KOSPI,,210000,2,-9000,-4.11,240000,263500,207000,91805,21824556000,300136200000,1429220,STK
018310,KR7018310003,삼목에스폼,KOSDAQ,우량기업부,20400,2,-500,-2.39,20800,21150,18710,54509,1089083120,299880000000,14700000,KSQ
274090,KR7274090000,켄코아에어로스페이스,KOSDAQ,기술성장기업부,21750,2,-1050,-4.61,22800,23300,21000,522109,11412980925,298756977750,13735953,KSQ
086390,KR7086390002,유니테스트,KOSDAQ,중견기업부,14110,2,-800,-5.37,14470,14570,13610,135683,1914083675,298202517860,21134126,KSQ
242040,KR7242040004,나무기술,KOSDAQ,기술성장기업부,8570,1,780,10.01,7870,8990,7180,10165015,83943161985,296575682480,34606264,KSQ
025770,KR7025770009,한국정보통신,KOSDAQ,우량기업부,7920,2,-130,-1.61,7820,8360,7740,245766,1954710750,296558626320,37444271,KSQ
112290,KR7112290002,와이씨켐,KOSDAQ,기술성장기업부,14660,1,110,0.76,14200,14740,13420,513261,7267547215,296441179400,20221090,KSQ
462350,KR7462350000,이노스페이스,KOSDAQ,기술성장기업부,14170,1,570,4.19,13990,14620,13580,444299,6242614230,295708940540,20868662,KSQ
000430,KR7000430009,대원강업,KOSPI,,4765,1,95,2.03,4660,4770,4450,337414,1551882217,295430000000,62000000,STK
034830,KR7034830000,한국토지신탁,KOSPI,,1169,2,-3,-0.26,1172,1196,1142,638323,739850231,295159909870,252489230,STK
001390,KR7001390004,KG케미칼,KOSPI,,4390,2,-80,-1.79,4430,4560,4330,221863,973433050,295153001700,67233030,STK
450950,KR7450950001,아스테라시스,KOSDAQ,벤처기업부,7830,2,-260,-3.21,7900,8060,7760,59532,470952575,294624045360,37627592,KSQ
365270,KR7365270008,큐라클,KOSDAQ,기술성장기업부,13300,2,-940,-6.6,14240,14450,13100,206445,2816551850,293557493600,22071992,KSQ
272450,KR7272450008,진에어,KOSPI,,5620,2,-10,-0.18,5650,5800,5610,161823,920004315,293364000000,52200000,STK
448280,KR7448280008,에코아이,KOSDAQ,중견기업부,9860,2,-150,-1.5,9920,10050,9590,59864,587254240,292162931940,29631129,KSQ
378340,KR7378340004,필에너지,KOSDAQ,중견기업부,13510,2,-1040,-7.15,14220,14400,13360,54440,744126600,292158910820,21625382,KSQ
003720,KR7003720000,삼영,KOSPI,,8580,2,-120,-1.38,8510,8680,8300,642601,5439361270,291720000000,34000000,STK
200130,KR7200130003,콜마비앤에이치,KOSDAQ GLOBAL,우량기업부,9910,2,-320,-3.13,10400,10400,9890,63964,638335495,291508179780,29415558,KSQ
187870,KR7187870001,디바이스,KOSDAQ,우량기업부,21150,2,-2800,-11.69,23300,23300,21100,205744,4505454800,291236769000,13770060,KSQ
314930,KR7314930009,바이오다인,KOSDAQ,기술성장기업부,9760,2,-260,-2.59,10030,10060,9550,34695,338485450,290497645280,29764103,KSQ
024720,KR7024720005,콜마홀딩스,KOSPI,,8460,2,-120,-1.4,8600,8630,8350,37479,317058530,290146351140,34296259,STK
046970,KR7046970000,우리로,KOSDAQ,벤처기업부,6600,2,-410,-5.85,6940,6940,6330,1091339,7153798080,289244993400,43824999,KSQ
298830,KR7298830001,슈어소프트테크,KOSDAQ,우량기업부,5410,2,-190,-3.39,5500,5550,5200,490020,2633711640,289210479590,53458499,KSQ
108670,KR7108670001,LX하우시스,KOSPI,,32250,1,300,0.94,31800,32900,31600,38866,1250435550,289207357500,8967670,STK
078520,KR7078520004,에이블씨엔씨,KOSPI,,11110,2,-690,-5.85,11830,11830,11100,56198,634132940,289017328710,26014161,STK
002310,KR7002310001,아세아제지,KOSPI,,7300,2,-150,-2.01,7500,7500,7200,129208,939373860,287981423000,39449510,STK
033270,KR7033270000,유나이티드제약,KOSPI,,18000,2,-20,-0.11,18040,18170,17870,25224,453517655,286393950000,15910775,STK
200670,KR7200670008,휴메딕스,KOSDAQ,우량기업부,25400,2,-950,-3.61,26650,26650,25350,25915,665668975,285240222000,11229930,KSQ
007690,KR7007690001,국도화학,KOSPI,,30800,2,-400,-1.28,31000,31350,29950,12970,393959200,285233625600,9260832,STK
001750,KR7001750009,한양증권,KOSPI,,22400,3,0,0.0,22800,23200,22150,29317,658037800,285119161600,12728534,STK
035810,KR7035810001,이지홀딩스,KOSDAQ,우량기업부,4410,1,5,0.11,4405,4435,4265,232265,1009307700,284516375850,64516185,KSQ
355150,KR7355150004,코스텍시스,KOSDAQ,벤처기업부,36400,2,-3250,-8.2,39000,39000,35150,132542,4866359300,283823540000,7797350,KSQ
026890,KR7026890004,스틱인베스트먼트,KOSPI,,7300,1,230,3.25,7070,7320,7050,93394,673385560,283027110100,38770837,STK
001230,KR7001230002,동국홀딩스,KOSPI,,1819,1,39,2.19,1780,1835,1677,976530,1713863301,282868533585,155507715,STK
0082N0,KR70082N0008,카나프테라퓨틱스,KOSDAQ,기술성장기업부,21300,2,-1000,-4.48,22100,22900,20600,81872,1755838425,281517414000,13216780,KSQ
051500,KR7051500007,CJ프레시웨이,KOSDAQ,우량기업부,23700,2,-750,-3.07,23600,24450,22850,90406,2152024400,281356588200,11871586,KSQ
084010,KR7084010008,대한제강,KOSPI,,8170,2,-250,-2.97,8510,8510,8040,36993,301898755,280815939320,34371596,STK
061090,KR7061090007,세나테크놀로지,KOSDAQ,중견기업부,50100,1,300,0.6,51000,52300,49050,95891,4860189825,280018920000,5589200,KSQ
900140,KYG5307W1015,엘브이엠씨홀딩스,KOSPI,,1448,1,2,0.14,1446,1476,1400,509380,727707401,279812145536,193240432,STK
078150,KR7078150000,HB테크놀러지,KOSDAQ,우량기업부,3015,2,-155,-4.89,3080,3100,2900,2127176,6374709477,279538486740,92715916,KSQ
058970,KR7058970005,엠로,KOSDAQ,기술성장기업부,22600,2,-1250,-5.24,22850,23450,22300,49925,1135297350,279399144400,12362794,KSQ
036800,KR7036800001,나이스정보통신,KOSDAQ,우량기업부,27800,2,-1300,-4.47,28250,28800,26300,36363,1014391575,278000000000,10000000,KSQ
043150,KR7043150002,바텍,KOSDAQ,우량기업부,18630,2,-190,-1.01,18640,18980,18430,21388,400034340,276734789280,14854256,KSQ
064850,KR7064850001,에프앤가이드,KOSDAQ,벤처기업부,24150,2,-500,-2.03,24500,24650,23450,82157,1972612175,275559517800,11410332,KSQ
215000,KR7215000001,골프존,KOSDAQ GLOBAL,우량기업부,43850,2,-1100,-2.45,45400,45400,43450,17460,772381350,275176947750,6275415,KSQ
017390,KR7017390006,서울가스,KOSPI,,55300,2,-600,-1.07,56000,56000,55100,5161,285433800,273735000000,4950000,STK
194700,KR7194700001,노바렉스,KOSDAQ,우량기업부,14970,1,180,1.22,14990,15150,14550,63595,943981505,273275074560,18254848,KSQ
096760,KR7096760004,JW홀딩스,KOSPI,,3690,2,-25,-0.67,3740,3775,3665,92563,342760190,272783035980,73924942,STK
073490,KR7073490005,LIG아큐버,KOSDAQ,우량기업부,35800,2,-4950,-12.15,39550,40700,35800,199470,7356282625,272217686800,7603846,KSQ
003920,KR7003920006,남양유업,KOSPI,,45350,2,-400,-0.87,45750,45750,44150,23400,1047416125,272100000000,6000000,STK
307180,KR7307180000,아이엘,KOSDAQ,벤처기업부,7360,2,-210,-2.77,7400,7800,7010,745127,5427236100,271478575360,36885676,KSQ
144510,KR7144510005,지씨셀,KOSDAQ,중견기업부,17180,2,-170,-0.98,17600,17600,17100,30420,524493480,271449909920,15800344,KSQ
037710,KR7037710001,광주신세계,KOSPI,,35550,1,350,0.99,35400,35600,35000,16622,587529525,271145964600,7627172,STK
017860,KR7017860008,DS단석,KOSPI,,15250,2,-650,-4.09,15660,15860,15070,89198,1361758720,270826869750,17759139,STK
005500,KR7005500004,삼진제약,KOSPI,,20300,1,890,4.59,21500,22350,19910,740418,15464449925,270396000000,13320000,STK
092730,KR7092730001,네오팜,KOSDAQ,우량기업부,16840,2,-230,-1.35,17250,17450,16720,62594,1061441200,269911334760,16027989,KSQ
180400,KR7180400004,DXVX,KOSDAQ,관리종목(소속부없음),2740,2,-80,-2.84,2850,2855,2700,114012,313455779,269696643680,98429432,KSQ
352480,KR7352480008,씨앤씨인터내셔널,KOSDAQ,우량기업부,19700,2,-500,-2.48,20150,20300,19470,36542,729131610,268509049700,13629901,KSQ
309710,KR7309710002,아이티켐,KOSDAQ,관리종목(소속부없음),21000,0,0,0.0,0,0,0,0,0,268443021000,12783001,KSQ
053030,KR7053030003,바이넥스,KOSDAQ,중견기업부,8210,2,-110,-1.32,8360,8600,8150,212538,1761719675,268337183480,32684188,KSQ
054950,KR7054950001,제이브이엠,KOSDAQ,우량기업부,22150,2,-550,-2.42,22800,22950,21900,30623,680204300,267791107800,12089892,KSQ
318060,KR7318060001,그래피,KOSDAQ,기술성장기업부,23850,1,150,0.63,24100,26400,23150,276479,6887271550,266480271450,11173177,KSQ
002900,KR7002900009,TYM,KOSPI,,6420,2,-130,-1.98,6580,6600,6290,178885,1145836515,265788000000,41400000,STK
061970,KR7061970000,LB세미콘,KOSDAQ,중견기업부,4575,2,-515,-10.12,5050,5050,4505,1134673,5289116812,265729752450,58083006,KSQ
182400,KR7182400002,엔케이젠바이오텍코리아,KOSDAQ,관리종목(소속부없음),3670,0,0,0.0,0,0,0,0,0,265496721770,72342431,KSQ
220100,KR7220100002,퓨쳐켐,KOSDAQ,기술성장기업부,11820,2,-390,-3.19,12190,12190,11790,104380,1243357445,265092104400,22427420,KSQ
035600,KR7035600006,KG이니시스,KOSDAQ,우량기업부,9610,2,-180,-1.84,9750,9800,9550,86745,836764455,264798110740,27554434,KSQ
023410,KR7023410004,유진기업,KOSDAQ,중견기업부,3425,2,-105,-2.97,3485,3550,3390,279642,962404203,264789705775,77310863,KSQ
065660,KR7065660003,안트로젠,KOSDAQ,기술성장기업부,26400,2,-800,-2.94,27800,27800,25400,16126,427068800,264161040000,10006100,KSQ
041920,KR7041920000,메디아나,KOSDAQ,우량기업부,14180,2,-820,-5.47,14360,15110,14180,74632,1087658200,263722802140,18598223,KSQ
005680,KR7005680004,삼영전자,KOSPI,,13100,2,-400,-2.96,13170,13500,12790,75257,987019120,262000000000,20000000,STK
123890,KR7123890006,한국자산신탁,KOSPI,,2135,2,-75,-3.39,2170,2200,2120,847958,1824041224,261268332010,122373926,STK
459510,KR7459510004,나우로보틱스,KOSDAQ,기술성장기업부,20100,2,-950,-4.51,20400,20450,19400,67412,1346590000,260865478200,12978382,KSQ
001340,KR7001340009,PKC,KOSPI,,5790,2,-210,-3.5,5860,6070,5720,469328,2731611770,260395105920,44973248,STK
043370,KR7043370006,피에이치에이,KOSDAQ,우량기업부,12390,1,170,1.39,12110,12450,11820,48396,583765350,260190000000,21000000,KSQ
084850,KR7084850007,아이티엠반도체,KOSDAQ GLOBAL,중견기업부,11470,2,-800,-6.52,11940,12120,11250,23334,269518915,260173252980,22682934,KSQ
005010,KR7005010004,휴스틸,KOSPI,,4625,2,-125,-2.63,4705,4730,4500,494818,2268693668,259869846875,56188075,STK
0001A0,KR70001A0001,덕양에너젠,KOSDAQ,중견기업부,10470,2,-530,-4.82,10600,11000,10200,175972,1828486965,259563811650,24791195,KSQ
060720,KR7060720000,KH바텍,KOSDAQ,중견기업부,10940,2,-280,-2.5,11420,11480,10690,203457,2237408840,259031215480,23677442,KSQ
004360,KR7004360004,세방,KOSPI,,13540,1,130,0.97,13270,13680,12980,54435,730736060,258825264620,19115603,STK
394800,KR7394800007,쓰리빌리언,KOSDAQ,기술성장기업부,8100,2,-320,-3.8,8560,8610,8020,106215,873030700,257762679300,31822553,KSQ
900290,HK0000307485,GRT,KOSDAQ,외국기업(소속부없음),3140,2,-300,-8.72,3400,3425,3100,3974224,11708546841,256852000000,81800000,KSQ
108860,KR7108860008,셀바스AI,KOSDAQ,벤처기업부,9530,2,-430,-4.32,9720,9960,9410,170422,1633255050,256497948700,26914790,KSQ
051360,KR7051360006,토비스,KOSDAQ,우량기업부,17190,2,-50,-0.29,16960,17490,16550,85274,1445610540,256437721170,14917843,KSQ
121800,KR7121800007,비덴트,KOSDAQ,관리종목(소속부없음),3320,0,0,0.0,0,0,0,0,0,256309348520,77201611,KSQ
416180,KR7416180008,신성에스티,KOSDAQ,벤처기업부,28300,2,-1400,-4.71,28900,30300,27800,26313,745773350,255825717400,9039778,KSQ
322310,KR7322310004,오로스테크놀로지,KOSDAQ,벤처기업부,27300,2,-200,-0.73,27500,29150,26500,262909,7260354500,255706596600,9366542,KSQ
011500,KR7011500006,한농화성,KOSPI,,16330,2,-970,-5.61,17000,17130,16000,126235,2068402180,255352895860,15637042,STK
478340,KR7478340003,나라스페이스테크놀로지,KOSDAQ,기술성장기업부,22100,2,-1300,-5.56,23450,23600,21600,83362,1855363475,254892361100,11533591,KSQ
243840,KR7243840006,신흥에스이씨,KOSDAQ,우량기업부,6610,1,10,0.15,6500,6640,6200,314169,2019252780,254869933350,38558235,KSQ
002320,KR7002320000,한진,KOSPI,,16360,2,-190,-1.15,16550,16760,16210,26065,425936130,253884557760,15518616,STK
003120,KR7003120003,일성아이에스,KOSPI,,19080,1,480,2.58,18600,19090,18410,9419,176198640,253764000000,13300000,STK
046120,KR7046120002,오르비텍,KOSDAQ,중견기업부,7490,2,-80,-1.06,7570,7650,6920,517786,3783110505,253577193170,33855433,KSQ
377460,KR7377460001,큐에이드,KOSDAQ,관리종목(소속부없음),4080,0,0,0.0,0,0,0,0,0,253187202960,62055687,KSQ
003220,KR7003220001,대원제약,KOSPI,,11240,4,2590,29.94,11240,11240,11240,69588,782169120,252086032920,22427583,STK
419530,KR7419530001,SAMG엔터,KOSDAQ,기술성장기업부,25100,1,1000,4.15,24250,26150,23800,128965,3247182175,251740123700,10029487,KSQ
0030R0,KR70030R0007,대신밸류리츠,KOSPI,,4210,1,10,0.24,4080,4220,4080,74431,308818694,251673800000,59780000,STK
267980,KR7267980001,매일유업,KOSDAQ,우량기업부,32800,2,-450,-1.35,33300,33450,32650,4115,135578600,251367326400,7663638,KSQ
950170,KR8392080006,JTC,KOSDAQ,외국기업(소속부없음),4845,2,-45,-0.92,4890,4955,4780,56547,274319752,250711056060,51746348,KSQ
036710,KR7036710002,심텍홀딩스,KOSDAQ,중견기업부,4745,2,-405,-7.86,5010,5010,4575,440114,2079851009,250667692730,52827754,KSQ
091580,KR7091580001,상신이디피,KOSDAQ,우량기업부,18760,2,-730,-3.75,19450,19460,18300,147495,2751297125,250037388440,13328219,KSQ
114190,KR7114190002,강원에너지,KOSDAQ,중견기업부,9540,2,-500,-4.98,9840,10010,9340,100284,961441380,249213782520,26123038,KSQ
019010,KR7019010008,베뉴지,KOSDAQ,중견기업부,5150,2,-410,-7.37,5500,5560,5090,124295,647633660,248230000000,48200000,KSQ
217730,KR7217730001,강스템바이오텍,KOSDAQ,기술성장기업부,2635,2,-60,-2.23,2740,2750,2590,465439,1234114004,247832682615,94054149,KSQ
389260,KR7389260001,대명에너지,KOSDAQ,우량기업부,13820,2,-450,-3.15,14110,14260,13590,45683,631119720,247603611500,17916325,KSQ
093520,KR7093520005,매커스,KOSDAQ,우량기업부,20800,2,-250,-1.19,20850,21400,20400,34994,727026450,247558209600,11901837,KSQ
308430,KR7308430008,셀비온,KOSDAQ,기술성장기업부,19170,3,0,0.0,19310,19640,18630,44395,846119735,247393661670,12905251,KSQ
088260,KR7088260005,이리츠코크렙,KOSPI,,3905,1,105,2.76,3825,3930,3760,46120,178836894,247348908950,63341590,STK
014940,KR7014940001,오리엔탈정공,KOSDAQ,우량기업부,5400,2,-280,-4.93,5560,5620,5280,221088,1204792360,246097769400,45573661,KSQ
357550,KR7357550003,석경에이티,KOSDAQ,기술성장기업부,45000,1,1750,4.05,43350,46450,41900,9523,413788750,245475000000,5455000,KSQ
389020,KR7389020009,자람테크놀로지,KOSDAQ,기술성장기업부,35500,2,-2500,-6.58,37500,37550,34350,62028,2207368075,245130411000,6905082,KSQ
357880,KR7357880004,SKAI,KOSDAQ,기술성장기업부,4650,2,-560,-10.75,5160,5160,4645,2235195,10759775433,244965236400,52680696,KSQ
010580,KR7010580009,에스엠벡셀,KOSPI,,2200,2,-10,-0.45,2135,2220,2095,322682,690557185,244753872000,111251760,STK
125020,KR7125020008,티씨머티리얼즈,KOSDAQ,중견기업부,6970,2,-340,-4.65,6910,7130,6650,668743,4590063460,244218693500,35038550,KSQ
003960,KR7003960002,사조대림,KOSPI,,26600,1,150,0.57,26200,26850,26050,4281,112883225,243774822200,9164467,STK
272110,KR7272110008,케이엔제이,KOSDAQ,우량기업부,30350,2,-350,-1.14,31400,32550,29400,125563,3875331875,243570738250,8025395,KSQ
472850,KR7472850007,폰드그룹,KOSDAQ,중견기업부,4230,1,155,3.8,4035,4350,4010,67854,283740210,243528087960,57571652,KSQ
382900,KR7382900009,범한퓨얼셀,KOSDAQ,벤처기업부,27750,2,-1100,-3.81,28850,29350,26250,52711,1448192175,243117750000,8761000,KSQ
001250,KR7001250000,GS글로벌,KOSPI,,2945,2,-55,-1.83,3005,3020,2905,721776,2124763407,243061934980,82533764,STK
475560,KR7475560009,더본코리아,KOSPI,,16370,1,360,2.25,15880,16460,15660,20202,325152255,242733868900,14827970,STK
314130,KR7314130006,지놈앤컴퍼니,KOSDAQ,기술성장기업부,5420,2,-450,-7.67,5870,5880,5350,410565,2274384880,242316736700,44707885,KSQ
0008Z0,KR70008Z0005,에스엔시스,KOSDAQ,벤처기업부,25650,2,-800,-3.02,26250,26300,25350,34780,896328075,242047866600,9436564,KSQ
122900,KR7122900004,아이마켓코리아,KOSPI,,7230,2,-150,-2.03,7330,7400,7170,97856,710158595,241690513200,33428840,STK
151860,KR7151860004,KG에코솔루션,KOSDAQ,우량기업부,5070,2,-110,-2.12,5140,5160,4940,161863,812995518,241347220140,47603002,KSQ
004430,KR7004430005,송원산업,KOSPI,,10020,2,-60,-0.6,10200,10200,9890,118530,1185536800,240480000000,24000000,STK
018000,KR7018000000,유니슨,KOSDAQ,중견기업부,923,2,-5,-0.54,929,963,912,1287609,1203034692,239516916132,259498284,KSQ
000680,KR7000680009,LS네트웍스,KOSPI,,3035,2,-70,-2.25,3060,3125,2995,260056,791434034,239167153560,78803016,STK
034120,KR7034120006,SBS,KOSPI,,12840,2,-160,-1.23,12920,13040,12750,19479,250068230,238197895920,18551238,STK
005430,KR7005430004,한국공항,KOSPI,,75200,2,-3000,-3.84,79000,79000,74400,13147,995190500,238109896000,3166355,STK
017890,KR7017890005,한국알콜,KOSDAQ,우량기업부,11190,2,-370,-3.2,11560,11560,11160,39713,447022220,238050532140,21273506,KSQ
094480,KR7094480001,갤럭시아머니트리,KOSDAQ,우량기업부,6060,2,-130,-2.1,6010,6240,5880,176928,1066919730,237732818280,39229838,KSQ
023760,KR7023760002,한국캐피탈,KOSDAQ,우량기업부,750,1,8,1.08,745,765,732,304906,226500963,236707182000,315609576,KSQ
0015G0,KR70015G0009,그린광학,KOSDAQ,기술성장기업부,20200,2,-1500,-6.91,21700,21900,19620,112843,2298089280,236391328200,11702541,KSQ
206640,KR7206640005,바디텍메드,KOSDAQ,우량기업부,10790,1,160,1.51,10750,10820,10410,26854,285850010,236386467590,21907921,KSQ
251370,KR7251370003,와이엠티,KOSDAQ,벤처기업부,13120,2,-760,-5.48,13840,13840,12710,133716,1745158155,236333354560,18013213,KSQ
003200,KR7003200003,일신방직,KOSPI,,10290,2,-120,-1.15,10410,10410,10050,23129,235419100,236258400000,22960000,STK
128820,KR7128820008,대성산업,KOSPI,,5220,2,-290,-5.26,5640,5900,5210,722064,3971511625,236129195160,45235478,STK
067390,KR7067390005,아스트,KOSDAQ,중견기업부,567,2,-6,-1.05,585,585,550,950031,531638860,235394347293,415157579,KSQ
115450,KR7115450009,HLB테라퓨틱스,KOSDAQ,중견기업부,2655,2,-10,-0.38,2645,2700,2585,370854,979809997,235180189395,88580109,KSQ
474650,KR7474650009,링크솔루션,KOSDAQ,기술성장기업부,40800,2,-1700,-4.0,42250,42300,39700,52096,2112544175,234604365600,5750107,KSQ
012860,KR7012860003,모베이스전자,KOSDAQ,우량기업부,3195,2,-120,-3.62,3265,3285,3110,1203810,3818605942,233980895115,73233457,KSQ
037270,KR7037270006,YG PLUS,KOSPI,,3675,2,-85,-2.26,3675,3840,3655,400517,1480731010,233961929250,63663110,STK
054210,KR7054210000,이랜텍,KOSDAQ,우량기업부,9240,2,-180,-1.91,9360,9420,8810,364185,3317504060,233690780400,25291210,KSQ
084990,KR7084990001,헬릭스미스,KOSDAQ,기술성장기업부,5070,2,-280,-5.23,5280,5450,5050,261309,1361248485,233690480790,46092797,KSQ
348950,KR7348950007,제이알글로벌리츠,KOSPI,,1182,0,0,0.0,0,0,0,0,0,233298432000,197376000,STK
451760,KR7451760003,컨텍,KOSDAQ,기술성장기업부,14310,2,-810,-5.36,14800,15030,14010,150718,2164371890,231808748940,16199074,KSQ
003520,KR7003520004,영진약품,KOSPI,,1267,2,-3,-0.24,1270,1295,1236,346561,438039379,231725090177,182892731,STK
099440,KR7099440000,스맥,KOSDAQ,중견기업부,3395,2,-155,-4.37,3500,3550,3370,450528,1547636100,231686322630,68243394,KSQ
100120,KR7100120005,뷰웍스,KOSDAQ,우량기업부,25800,2,-1500,-5.49,27300,27300,25650,69402,1814735700,231462403800,8971411,KSQ
136490,KR7136490000,선진,KOSPI,,9730,2,-40,-0.41,9890,9890,9590,77606,754251320,231375546920,23779604,STK
190510,KR7190510008,나무가,KOSDAQ,우량기업부,16370,2,-460,-2.73,16950,16970,15980,60272,980803925,230576639290,14085317,KSQ
000540,KR7000540005,흥국화재,KOSPI,,3585,1,80,2.28,3490,3715,3425,266242,952288775,230309882325,64242645,STK
001460,KR7001460005,BYC,KOSPI,,36750,1,600,1.66,35800,36750,35150,2863,102473250,229546012500,6246150,STK
000490,KR7000490003,대동,KOSPI,,7950,2,-150,-1.85,8100,8100,7790,229212,1813288835,229173576750,28826865,STK
134380,KR7134380005,미원화학,KOSPI,,10400,1,240,2.36,10160,10400,10150,3754,38303450,228723872000,21992680,STK
098120,KR7098120009,마이크로컨텍솔,KOSDAQ,우량기업부,27500,2,-1700,-5.82,28050,28900,26500,103052,2813589325,228601065000,8312766,KSQ
338840,KR7338840002,와이바이오로직스,KOSDAQ,기술성장기업부,14850,2,-480,-3.13,15380,15590,14670,92843,1380190350,228195212850,15366681,KSQ
461300,KR7461300006,아이스크림미디어,KOSDAQ,벤처기업부,17100,1,370,2.21,16940,17660,16510,42562,720587685,227839254300,13323933,KSQ
003070,KR7003070000,코오롱글로벌,KOSPI,,8960,2,-110,-1.21,9070,9070,8710,22043,196162930,227798672640,25423959,STK
006805,KR7006801005,미래에셋증권우,KOSPI,,16180,2,-290,-1.76,16500,17280,15740,151633,2450887800,227745635000,14075750,STK
334890,KR7334890001,이지스밸류플러스리츠,KOSPI,,3275,2,-95,-2.82,3375,3375,3230,417448,1370050145,227444436825,69448683,STK
000320,KR7000320002,노루홀딩스,KOSPI,,17060,2,-230,-1.33,17300,17300,16640,6248,105113095,226747036060,13291151,STK
095500,KR7095500005,미래나노텍,KOSDAQ,우량기업부,7300,2,-430,-5.56,7670,7710,7230,101519,747891570,226372992700,31009999,KSQ
011560,KR7011560000,세보엠이씨,KOSDAQ,우량기업부,22400,1,950,4.43,21450,22500,20450,41902,902814200,225901132800,10084872,KSQ
035510,KR7035510007,신세계 I&C,KOSPI,,16060,2,-80,-0.5,16310,16530,15590,133169,2128344930,224533254000,13980900,STK
199820,KR7199820002,제일일렉트릭,KOSDAQ,우량기업부,10090,2,-580,-5.44,10530,10550,9900,332029,3359935290,224199800000,22220000,KSQ
294570,KR7294570007,쿠콘,KOSDAQ,우량기업부,22200,2,-1050,-4.52,22500,23350,22150,24293,544674350,224036450400,10091732,KSQ
000050,KR7000050005,경방,KOSPI,,8150,2,-150,-1.81,8200,8310,8010,49020,400542375,223434450500,27415270,STK
0088M0,KR70088M0003,메쥬,KOSDAQ,기술성장기업부,22600,1,1000,4.63,21600,23800,21450,191664,4359460275,223327550000,9881750,KSQ
030210,KR7030210009,다올투자증권,KOSPI,,3665,2,-5,-0.14,3695,3755,3605,114474,421506145,223239203490,60911106,STK
290690,KR7290690007,소룩스,KOSDAQ,중견기업부,4445,2,-415,-8.54,5200,5300,4350,2727596,12770407417,223080597145,50186861,KSQ
044450,KR7044450005,KSS해운,KOSPI,,9650,1,30,0.31,9350,9800,9350,103179,979566405,222778742000,23085880,STK
088800,KR7088800008,에이스테크,KOSDAQ,중견기업부,2950,2,-270,-8.39,3220,3290,2900,408569,1228717113,222743980300,75506434,KSQ
432320,KR7432320000,KB스타리츠,KOSPI,,1473,1,49,3.44,1424,1482,1415,869169,1264357862,222075791805,150764285,STK
036030,KR7036030005,케이티알파,KOSDAQ,우량기업부,4530,2,-85,-1.84,4620,4830,4530,69110,321094230,222057351990,49019283,KSQ
394420,KR7394420004,리센스메디컬,KOSDAQ,기술성장기업부,20300,2,-1950,-8.76,21500,21950,20300,94560,1961942250,221979241400,10934938,KSQ
045390,KR7045390002,대아티아이,KOSDAQ,우량기업부,3145,1,140,4.66,2980,3290,2945,1736396,5435991464,221638770665,70473377,KSQ
138610,KR7138610001,나이벡,KOSDAQ,기술성장기업부,19490,2,-190,-0.97,19530,20150,19400,51862,1024931395,221558285570,11367793,KSQ
007160,KR7007160005,사조산업,KOSPI,,44300,2,-100,-0.23,42550,45100,42550,5780,255752000,221500000000,5000000,STK
003555,KR7003551009,LG우,KOSPI,,73400,2,-2600,-3.42,75000,76500,71600,26234,1924994100,221022006600,3011199,STK
049630,KR7049630007,재영솔루텍,KOSDAQ,우량기업부,9450,2,-300,-3.08,9750,9760,9000,367264,3425320170,220936388400,23379512,KSQ
149950,KR7149950008,아바텍,KOSDAQ,우량기업부,16150,1,1450,9.86,14500,17860,14380,1484938,24485089815,220733403450,13667703,KSQ
494120,KR7494120009,큐리오시스,KOSDAQ,기술성장기업부,28800,2,-1500,-4.95,29950,30700,27900,44529,1288484000,219740601600,7629882,KSQ
210980,KR7210980009,SK디앤디,KOSPI,,11800,2,-200,-1.67,11760,11990,11760,13486,159785930,219685107600,18617382,STK
000480,KR7000480004,CR홀딩스,KOSPI,,4685,2,-20,-0.43,4700,4700,4600,65030,301679576,219681945650,46890490,STK
051370,KR7051370005,인터플렉스,KOSDAQ,우량기업부,9350,2,-490,-4.98,9790,9790,9130,170380,1596485310,218111863200,23327472,KSQ
012210,KR7012210001,삼미금속,KOSDAQ,중견기업부,9800,2,-780,-7.37,10100,10350,9760,88686,882768335,217481717600,22192012,KSQ
067080,KR7067080002,대화제약,KOSDAQ,중견기업부,11670,2,-130,-1.1,11910,12150,11670,48942,581450440,217256305500,18616650,KSQ
010955,KR7010951002,S-Oil우,KOSPI,,54000,2,-700,-1.28,54700,54800,53000,13623,734078500,217184058000,4021927,STK
439090,KR7439090002,마녀공장,KOSDAQ,우량기업부,13240,2,-610,-4.4,13540,13560,13160,91238,1221396220,217046762400,16393260,KSQ
009680,KR7009680000,모토닉,KOSPI,,9970,2,-90,-0.89,10190,10190,9890,41586,414564110,216678947180,21733094,STK
101360,KR7101360006,에코앤드림,KOSDAQ,벤처기업부,12150,2,-660,-5.15,12650,12650,11840,128869,1571309815,216101285100,17786114,KSQ
009470,KR7009470006,삼화전기,KOSPI,,32600,2,-1650,-4.82,33500,33550,31700,90517,2952078275,215610532000,6613820,STK
001790,KR7001790005,대한제당,KOSPI,,2500,1,55,2.25,2445,2530,2410,312126,775902380,215604787500,86241915,STK
255220,KR7255220006,SG,KOSDAQ,중견기업부,1967,1,41,2.13,1915,2070,1871,1589693,3075777726,215511015034,109563302,KSQ
025000,KR7025000001,KPX케미칼,KOSPI,,49200,2,-400,-0.81,49600,49800,48700,4604,225371450,215432482800,4378709,STK
304100,KR7304100001,솔트룩스,KOSDAQ,기술성장기업부,17080,2,-1460,-7.87,17920,18370,17080,95571,1666202140,215103043400,12593855,KSQ
092220,KR7092220003,KEC,KOSPI,,5350,1,210,4.09,5060,6500,4970,6809995,39630100250,214816559800,40152628,STK
053300,KR7053300000,한국정보인증,KOSDAQ,우량기업부,5280,2,-130,-2.4,5400,5520,5240,241538,1293467795,214320986880,40591096,KSQ
226320,KR7226320000,잇츠한불,KOSPI,,9770,2,-10,-0.1,9690,10150,9690,19209,187934485,214249407550,21929315,STK
244920,KR7244920005,에이플러스에셋,KOSPI,,9430,1,30,0.32,9400,9880,9270,85436,825143100,213190544990,22607693,STK
0007C0,KR70007C0003,아크릴,KOSDAQ,기술성장기업부,26500,2,-1000,-3.64,27200,27250,24800,141865,3665446850,212803586000,8030324,KSQ
159010,KR7159010008,아스플로,KOSDAQ,벤처기업부,15950,2,-1150,-6.73,16000,17280,15950,126631,2079474470,212689087050,13334739,KSQ
033920,KR7033920000,무학,KOSPI,,7440,2,-10,-0.13,7450,7550,7370,49954,371110790,212040000000,28500000,STK
013120,KR7013120001,동원개발,KOSDAQ,우량기업부,2335,1,10,0.43,2320,2360,2275,68760,158540850,212036913500,90808100,KSQ
008490,KR7008490005,서흥,KOSPI,,18300,1,50,0.27,18390,18660,18010,24492,449908865,211714767900,11569113,STK
053210,KR7053210001,스카이라이프,KOSPI,,4450,1,60,1.37,4390,4450,4315,46187,201365696,211477149750,47522955,STK
402030,KR7402030001,코난테크놀로지,KOSDAQ,기술성장기업부,16890,2,-1440,-7.86,17850,17850,16600,38530,657706550,211420372320,12517488,KSQ
003650,KR7003650009,미창석유,KOSPI,,121300,2,-800,-0.66,124400,126300,120100,2299,282030500,211022213600,1739672,STK
051905,KR7051901007,LG생활건강우,KOSPI,,100600,2,-1800,-1.76,102300,102700,100000,7575,762628250,210883655400,2096259,STK
001630,KR7001630003,종근당홀딩스,KOSPI,,42050,2,-500,-1.18,42500,42800,41950,4302,181576800,210664655050,5009861,STK
068930,KR7068930007,디지털대성,KOSDAQ,우량기업부,7590,2,-10,-0.13,7600,7670,7530,19654,149146740,210055845780,27675342,KSQ
353810,KR7353810005,이지바이오,KOSDAQ,우량기업부,6340,1,120,1.93,6250,6420,6000,154550,965456995,209739372800,33081920,KSQ
03473K,KR703473K016,SK우,KOSPI,,370000,2,-32500,-8.07,390500,390500,354500,3979,1474288500,209469950000,566135,STK
064550,KR7064550007,바이오니아,KOSDAQ,중견기업부,8070,2,-210,-2.54,8300,8340,8000,107182,871491695,208289048370,25810291,KSQ
377190,KR7377190004,디앤디플랫폼리츠,KOSPI,,2350,1,35,1.51,2365,2370,2300,144495,336922608,207740000000,88400000,STK
484810,KR7484810007,티엑스알로보틱스,KOSDAQ,벤처기업부,13420,2,-870,-6.09,13970,14150,12900,46109,617103405,207351279300,15450915,KSQ
092070,KR7092070002,디엔에프,KOSDAQ,중견기업부,17900,2,-450,-2.45,18350,18350,17170,85099,1489663515,207136258200,11571858,KSQ
380540,KR7380540005,옵티코어,KOSDAQ,관리종목(소속부없음),8450,0,0,0.0,0,0,0,0,0,206658126350,24456583,KSQ
488280,KR7488280009,에스투더블유,KOSDAQ,기술성장기업부,19120,1,1890,10.97,21000,21600,18850,505965,10078527485,206562652320,10803486,KSQ
065710,KR7065710006,서호전기,KOSDAQ,우량기업부,40100,2,-1200,-2.91,41000,41850,40100,11200,451996900,206515000000,5150000,KSQ
241590,KR7241590009,화승엔터프라이즈,KOSPI,,3405,2,-55,-1.59,3360,3475,3310,61724,208176370,206306484780,60589276,STK
004980,KR7004980009,성신양회,KOSPI,,8410,2,-190,-2.21,8600,8600,8300,68149,574572590,206180173930,24516073,STK
126730,KR7126730001,코칩,KOSDAQ,벤처기업부,23500,1,600,2.62,21550,26950,20950,3941400,96539554500,206097961000,8770126,KSQ
404990,KR7404990004,신한서부티엔디리츠,KOSPI,,3365,1,55,1.66,3310,3405,3295,73762,248345964,206047645160,61232584,STK
035150,KR7035150002,백산,KOSPI,,10270,2,-40,-0.39,10210,10450,10120,23016,236133850,205696197070,20028841,STK
004380,KR7004380002,삼익THK,KOSPI,,9920,2,-80,-0.8,10090,10090,9500,103743,1019535320,205344000000,20700000,STK
005710,KR7005710009,대원산업,KOSDAQ,우량기업부,10230,1,120,1.19,10110,10400,9920,10342,104904350,204984648000,20037600,KSQ
123860,KR7123860009,아나패스,KOSDAQ,우량기업부,16850,2,-960,-5.39,17810,17810,16810,56793,973792440,204279542750,12123415,KSQ
256840,KR7256840000,한국비엔씨,KOSDAQ,우량기업부,2980,2,-10,-0.33,2950,3055,2930,257491,770388434,203816760280,68394886,KSQ
053690,KR7053690004,한미글로벌,KOSPI,,18590,2,-350,-1.85,18820,18890,18160,119094,2208754610,203700854500,10957550,STK
382800,KR7382800001,지앤비에스 에코,KOSDAQ,우량기업부,6390,2,-470,-6.85,6780,6780,6290,716375,4611813430,203400351990,31831041,KSQ
119610,KR7119610004,인터로조,KOSDAQ,우량기업부,17760,2,-600,-3.27,18360,18470,17500,63914,1142479370,202708146720,11413747,KSQ
339770,KR7339770000,교촌에프앤비,KOSPI,,4045,1,15,0.37,4065,4065,3930,104275,416375350,202108748600,49965080,STK
457550,KR7457550002,우진엔텍,KOSDAQ,중견기업부,21650,2,-650,-2.91,21550,21900,20850,51465,1104757425,201755440700,9318958,KSQ
417010,KR7417010006,나노팀,KOSDAQ,벤처기업부,9990,2,-320,-3.1,10100,11160,9620,496722,5071068960,201525552720,20172728,KSQ
464080,KR7464080001,에스오에스랩,KOSDAQ,기술성장기업부,11220,2,-650,-5.48,12000,12010,10810,243910,2696645960,201365844900,17947045,KSQ
232680,KR7232680009,라온로보틱스,KOSDAQ,기술성장기업부,15210,2,-1380,-8.32,16560,16560,14990,388033,5954864445,200254084290,13165949,KSQ
418550,KR7418550000,제이오,KOSDAQ,기술성장기업부,6250,2,-420,-6.3,6670,6700,6180,227326,1434757525,200110456250,32017673,KSQ
039570,KR7039570007,HDC랩스,KOSPI,,7700,2,-70,-0.9,7770,7840,7570,22562,172563160,199873527700,25957601,STK
004560,KR7004560009,현대비앤지스틸,KOSPI,,13220,2,-570,-4.13,13650,13790,13000,84919,1125017065,199341881420,15078811,STK
402490,KR7402490007,그린리소스,KOSDAQ,기술성장기업부,11750,2,-1040,-8.13,12500,12570,11530,290149,3424660915,198988799750,16935217,KSQ
214180,KR7214180002,헥토이노베이션,KOSDAQ,우량기업부,15310,2,-480,-3.04,15550,15950,15250,71060,1095995820,198928448770,12993367,KSQ
432720,KR7432720001,퀄리타스반도체,KOSDAQ,기술성장기업부,14000,2,-1210,-7.96,14760,14840,13550,281691,3957239160,198626008000,14187572,KSQ
001780,KR7001780006,알루코,KOSPI,,2045,2,-75,-3.54,2090,2110,2030,597326,1228552219,198017619940,96830132,STK
013890,KR7013890009,지누스,KOSPI,,9010,2,-120,-1.31,9260,9260,8970,21369,192941290,197551575130,21925813,STK
034810,KR7034810002,해성산업,KOSDAQ,중견기업부,6240,2,-260,-4.0,6450,6450,6200,36054,226464630,197060148480,31580152,KSQ
117580,KR7117580001,대성에너지,KOSPI,,7160,2,-260,-3.5,7420,7420,7150,108715,783131995,196900000000,27500000,STK
126600,KR7126600006,BGF에코머티리얼즈,KOSDAQ,우량기업부,3135,2,-150,-4.57,3205,3230,3095,144233,453937080,196774228365,62766899,KSQ
037560,KR7037560000,LG헬로비전,KOSPI,,2525,2,-215,-7.85,2615,2650,2375,4515157,11331603604,195553334125,77446865,STK
102260,KR7102260007,동성케미컬,KOSPI,,3855,1,75,1.98,3830,3905,3730,104529,400234785,195331273305,50669591,STK
138360,KR7138360003,앤로보틱스,KOSDAQ,벤처기업부,2535,1,60,2.42,2455,2775,2385,1333931,3404920750,195174015270,76991722,KSQ
487570,KR7487570004,HS효성,KOSPI,,52300,2,-1500,-2.79,53800,53800,51700,11615,606724700,194865982100,3725927,STK
308080,KR7308080001,바이젠셀,KOSDAQ,기술성장기업부,9500,2,-280,-2.86,10300,10300,9350,335459,3315258075,194742970000,20499260,KSQ
036190,KR7036190007,금화피에스시,KOSDAQ,우량기업부,32450,1,850,2.69,31600,34300,31400,27827,909030550,194700000000,6000000,KSQ
052330,KR7052330008,코텍,KOSDAQ,우량기업부,10950,1,30,0.27,10920,11000,10580,20878,222477235,194489399550,17761589,KSQ
001130,KR7001130004,대한제분,KOSPI,,11480,2,-270,-2.3,11980,11980,11290,10767,123484080,194012000000,16900000,STK
066620,KR7066620006,국보디자인,KOSDAQ,우량기업부,25850,1,450,1.77,25200,25850,24400,11439,286623800,193875000000,7500000,KSQ
446540,KR7446540007,메가터치,KOSDAQ,중견기업부,6660,2,-270,-3.9,6940,7060,6630,132346,894379740,193666879260,29079111,KSQ
095570,KR7095570008,AJ네트웍스,KOSPI,,4275,2,-70,-1.61,4340,4340,4165,168187,709161525,193455544725,45252759,STK
036560,KR7036560001,KZ정밀,KOSDAQ,우량기업부,12280,1,50,0.41,12250,12510,11970,9727,117089010,193410000000,15750000,KSQ
211270,KR7211270004,AP위성,KOSDAQ,우량기업부,12800,2,-570,-4.26,13370,13370,12380,140993,1798034970,193053491200,15082304,KSQ
298690,KR7298690009,에어부산,KOSPI,,1652,2,-8,-0.48,1661,1704,1625,201133,331628466,192689280000,116640000,STK
237880,KR7237880000,클리오,KOSDAQ,우량기업부,10590,1,70,0.67,10420,10750,10410,35149,372753090,191375628270,18071353,KSQ
003547,KR7003542008,대신증권2우B,KOSPI,,19510,2,-50,-0.26,19980,19980,19290,27399,533338130,191263026830,9803333,STK
007860,KR7007860000,서연,KOSPI,,8140,2,-280,-3.33,8330,8460,8000,104850,854817235,191125930160,23479844,STK
001080,KR7001080001,만호제강,KOSPI,,4600,2,-170,-3.56,4930,4930,4545,19400,89893450,190900000000,41500000,STK
033530,KR7033530007,SJG세종,KOSPI,,6840,2,-210,-2.98,7050,7050,6760,150541,1031733550,190295373240,27820961,STK
405100,KR7405100009,큐알티,KOSDAQ,중견기업부,15470,2,-1080,-6.53,16510,16510,15190,83628,1305688630,190115486470,12289301,KSQ
004310,KR7004310009,현대약품,KOSPI,,5940,2,-60,-1.0,6000,6000,5800,298745,1765651215,190080000000,32000000,STK
000140,KR7000140004,하이트진로홀딩스,KOSPI,,8190,1,120,1.49,8070,8190,8050,13988,113381280,190063405350,23206765,STK
083310,KR7083310003,엘오티베큠,KOSDAQ,우량기업부,10670,2,-930,-8.02,11800,11800,10510,150947,1632520005,190033052110,17810033,KSQ
054450,KR7054450002,텔레칩스,KOSDAQ,중견기업부,12540,2,-920,-6.84,13250,13250,12480,206719,2632320235,189908681820,15144233,KSQ
192440,KR7192440006,슈피겐코리아,KOSDAQ,우량기업부,30450,2,-400,-1.3,30600,31350,29750,22757,684629250,189288253350,6216363,KSQ
474170,KR7474170008,루미르,KOSDAQ,기술성장기업부,10600,3,0,0.0,10150,10920,10150,179226,1891229230,188867577600,17817696,KSQ
094820,KR7094820008,일진파워,KOSDAQ,우량기업부,12510,2,-560,-4.28,12750,13050,12200,250810,3134579585,188634649590,15078709,KSQ
016580,KR7016580003,환인제약,KOSPI,,10130,2,-110,-1.07,10380,10380,10050,17503,177358730,188418709100,18600070,STK
028100,KR7028100006,동아지질,KOSPI,,14050,2,-60,-0.43,14130,14140,13850,10031,139697805,188122503100,13389502,STK
039830,KR7039830005,오로라,KOSDAQ,우량기업부,17470,2,-320,-1.8,17790,17790,16530,34381,593521095,188027688300,10762890,KSQ
462860,KR7462860008,더즌,KOSDAQ,벤처기업부,2620,2,-100,-3.68,2690,2710,2610,188322,498962856,188002090260,71756523,KSQ
016790,KR7016790008,현대사료,KOSDAQ,관리종목(소속부없음),994,0,0,0.0,0,0,0,0,0,187340898626,188471729,KSQ
216080,KR7216080002,제테마,KOSDAQ,벤처기업부,5020,2,-160,-3.09,5010,5200,4880,163086,820210195,187181236980,37287099,KSQ
321550,KR7321550006,티움바이오,KOSDAQ,기술성장기업부,6210,3,0,0.0,6210,6370,5830,232183,1420679260,186538929750,30038475,KSQ
003350,KR7003350006,한국화장품제조,KOSPI,,8210,2,-180,-2.15,8390,8420,8070,61892,506943350,186038600000,22660000,STK
122990,KR7122990005,와이솔,KOSDAQ,중견기업부,6980,2,-140,-1.97,6880,7110,6880,126361,879295115,185940785380,26639081,KSQ
003610,KR7003610003,방림,KOSPI,,5130,1,10,0.2,5120,5190,5010,184146,943324110,185717070540,36202158,STK
372170,KR7372170001,윤성에프앤씨,KOSDAQ,우량기업부,23250,2,-1100,-4.52,23450,24150,22850,12882,299091775,185512866000,7979048,KSQ
100250,KR7100250000,진양홀딩스,KOSPI,,2900,2,-45,-1.53,2945,3020,2900,330042,970645996,185310000000,63900000,STK
039840,KR7039840004,디오,KOSDAQ,중견기업부,13790,2,-200,-1.43,13990,14000,13390,20878,286548170,185004268120,13415828,KSQ
121440,KR7121440002,골프존홀딩스,KOSDAQ,우량기업부,4315,2,-130,-2.92,4445,4455,4300,41033,179038725,184840869670,42836818,KSQ
123330,KR7123330003,제닉,KOSDAQ,우량기업부,23050,2,-400,-1.71,24800,25350,22700,242267,5777609425,183678074000,7968680,KSQ
083930,KR7083930008,아바코,KOSDAQ,우량기업부,12510,2,-420,-3.25,12940,12940,12300,128572,1614417880,183612384990,14677249,KSQ
041020,KR7041020009,폴라리스오피스,KOSDAQ,벤처기업부,3695,2,-155,-4.03,3755,3775,3600,554082,2039773372,183581615135,49683793,KSQ
012200,KR7012200002,계양전기,KOSPI,,6740,2,-80,-1.17,6820,6900,6510,470136,3163958320,183481867460,27222829,STK
078070,KR7078070000,유비쿼스홀딩스,KOSDAQ,중견기업부,10420,2,-570,-5.19,10850,10870,10300,93422,980455975,183441724240,17604772,KSQ
024840,KR7024840001,KBI메탈,KOSDAQ,중견기업부,4470,1,55,1.25,4560,4585,4105,1956878,8495014109,183220338300,40988890,KSQ
042600,KR7042600007,새로닉스,KOSDAQ,중견기업부,14660,2,-1020,-6.51,15330,15620,14160,23999,352687100,182129594840,12423574,KSQ
176750,KR7176750008,듀켐바이오,KOSDAQ,기술성장기업부,6390,1,70,1.11,6100,6390,5970,23763,145617560,182042920800,28488720,KSQ
102460,KR7102460003,이연제약,KOSPI,,9780,2,-160,-1.61,9940,9950,9600,57238,557023420,181779011580,18586811,STK
001045,KR7001041003,CJ우,KOSPI,,80400,2,-1500,-1.83,81900,81900,78200,5794,459829200,181721929200,2260223,STK
086820,KR7086820008,바이오솔루션,KOSDAQ,기술성장기업부,6990,2,-180,-2.51,7300,7330,6830,90837,637434010,181209354150,25924085,KSQ
082800,KR7082800004,비보존 제약,KOSDAQ,중견기업부,2980,1,395,15.28,2655,3360,2625,10037659,31635809957,180944604680,60719666,KSQ
388790,KR7388790008,라이콤,KOSDAQ,벤처기업부,5910,1,1000,20.37,5000,6300,4910,18169084,103985384185,180929685600,30614160,KSQ
102120,KR7102120003,어보브반도체,KOSDAQ,벤처기업부,10170,2,-870,-7.88,10700,11020,10070,391646,4035891425,180830258010,17780753,KSQ
199430,KR7199430000,케이엔알시스템,KOSDAQ,기술성장기업부,16220,2,-1350,-7.68,17570,17570,15590,59445,957286810,180756377460,11144043,KSQ
950140,KR8840110108,잉글우드랩,KOSDAQ,외국기업(소속부없음),9090,2,-160,-1.73,9290,9500,8740,16983,155333110,180598901940,19867866,KSQ
489500,KR7489500009,엘케이켐,KOSDAQ,벤처기업부,28250,2,-550,-1.91,28300,29300,26450,58207,1600621450,180552473500,6391238,KSQ
032580,KR7032580003,피델릭스,KOSDAQ,중견기업부,5440,2,-830,-13.24,5980,6000,5440,901983,5115930045,180238428160,33132064,KSQ
194480,KR7194480000,데브시스터즈,KOSDAQ,벤처기업부,14850,2,-670,-4.32,15130,15330,14730,59583,888454360,180117877500,12129150,KSQ
484120,KR7484120001,도우인시스,KOSDAQ,중견기업부,16420,2,-420,-2.49,16630,17800,16000,17645,296963600,179920869240,10957422,KSQ
024060,KR7024060006,흥구석유,KOSDAQ,중견기업부,11950,2,-250,-2.05,11930,12340,11690,491379,5857270565,179250000000,15000000,KSQ
418420,KR7418420006,라온텍,KOSDAQ,기술성장기업부,5820,2,-560,-8.78,6380,6380,5740,461127,2713477690,178679430060,30700933,KSQ
013580,KR7013580006,계룡건설,KOSPI,,20000,2,-500,-2.44,20600,20700,19620,79544,1588302815,178618140000,8930907,STK
000390,KR7000390005,SP삼화,KOSPI,,6560,2,-110,-1.65,6610,6720,6480,168744,1105543790,178454756640,27203469,STK
126700,KR7126700004,하이비젼시스템,KOSDAQ,우량기업부,11910,2,-740,-5.85,12510,12600,11730,139823,1677108310,177960553920,14942112,KSQ
071200,KR7071200000,인피니트헬스케어,KOSDAQ,중견기업부,7290,1,120,1.67,7170,7430,6960,46784,338257010,177850178820,24396458,KSQ
361390,KR7361390008,제노코,KOSDAQ,벤처기업부,18250,2,-520,-2.77,18770,18780,17800,79582,1449169520,177688953250,9736381,KSQ
119830,KR7119830008,아이텍,KOSDAQ,중견기업부,6740,2,-300,-4.26,7040,7210,6610,210809,1429023220,177592415020,26349023,KSQ
108380,KR7108380007,대양전기공업,KOSDAQ,우량기업부,18540,2,-860,-4.43,19220,19320,18260,72285,1344779770,177378353820,9567333,KSQ
140610,KR7140610007,엔솔바이오사이언스,KONEX,일반기업부,12770,1,520,4.24,12950,13200,12300,16048,203039500,177363462210,13889073,KNX
264850,KR7264850009,이랜시스,KOSDAQ,중견기업부,5850,2,-400,-6.4,6190,6190,5730,449092,2648801260,177223480200,30294612,KSQ
002150,KR7002150001,도화엔지니어링,KOSPI,,5220,2,-90,-1.69,5390,5390,5200,56310,294952115,176018400000,33720000,STK
003460,KR7003460003,유화증권,KOSPI,,3100,3,0,0.0,3155,3155,3045,61142,188950395,175777486500,56702415,STK
002100,KR7002100006,경농,KOSPI,,9000,1,50,0.56,8950,9050,8870,25298,226126600,175703175000,19522575,STK
452450,KR7452450000,피아이이,KOSDAQ,벤처기업부,4865,2,-215,-4.23,5000,5090,4795,186735,911077065,175278652500,36028500,KSQ
123410,KR7123410003,코리아에프티,KOSDAQ,우량기업부,6290,2,-250,-3.82,6370,6480,6160,202306,1274112570,175120292560,27841064,KSQ
377450,KR7377450002,리파인,KOSDAQ,우량기업부,10090,2,-100,-0.98,10010,10420,9860,43416,435592430,174859700000,17330000,KSQ
234080,KR7234080000,JW생명과학,KOSPI,,11040,2,-70,-0.63,11120,11220,10900,67242,740575395,174813476160,15834554,STK
008350,KR7008350001,남선알미늄,KOSPI,,1353,2,-19,-1.38,1370,1372,1330,1636400,2205042700,174644008770,129079090,STK
000300,KR7000300004,DH오토넥스,KOSPI,,4200,0,0,0.0,0,0,0,0,0,174035631000,41437055,STK
031440,KR7031440001,신세계푸드,KOSPI,,44750,2,-1550,-3.35,46350,46450,43750,16247,734532050,173293480000,3872480,STK
084680,KR7084680008,이월드,KOSPI,,1221,2,-9,-0.73,1201,1252,1201,245221,299108409,173145361653,141806193,STK
270660,KR7270660004,에브리봇,KOSDAQ,벤처기업부,13630,2,-580,-4.08,13830,13970,13150,43362,586012635,172972646290,12690583,KSQ
264450,KR7264450008,유비쿼스,KOSDAQ,우량기업부,11790,2,-380,-3.12,12120,12120,11460,104167,1218522625,172906162470,14665493,KSQ
114840,KR7114840002,아이패밀리에스씨,KOSDAQ,우량기업부,9980,1,50,0.5,9840,10350,9810,114879,1166639410,172852602000,17319900,KSQ
042420,KR7042420000,네오위즈홀딩스,KOSDAQ,우량기업부,21200,2,-100,-0.47,21050,21700,20500,8623,182536750,172616399600,8142283,KSQ
187790,KR7187790001,나노,KOSDAQ,벤처기업부,5590,2,-40,-0.71,5680,5680,5350,217509,1184938500,172400239700,30840830,KSQ
016450,KR7016450009,한세예스24홀딩스,KOSPI,,4295,1,45,1.06,4250,4300,4220,11244,47833650,171800000000,40000000,STK
080160,KR7080160005,모두투어,KOSDAQ,우량기업부,9060,1,30,0.33,8960,9180,8840,70275,632910045,171234000000,18900000,KSQ
079960,KR7079960001,동양이엔피,KOSDAQ,우량기업부,21750,3,0,0.0,21750,22200,20850,39052,838037025,170955000000,7860000,KSQ
118990,KR7118990001,모트렉스,KOSDAQ,우량기업부,6950,2,-90,-1.28,6960,6980,6680,117554,800182065,170534728450,24537371,KSQ
039860,KR7039860002,나노엔텍,KOSDAQ,중견기업부,4470,2,-195,-4.18,4690,4690,4470,216521,983574988,170275946910,38093053,KSQ
143160,KR7143160000,아이디스,KOSDAQ,우량기업부,15860,2,-60,-0.38,15920,16300,15520,13589,215780280,169961945400,10716390,KSQ
146320,KR7146320007,비씨엔씨,KOSDAQ,벤처기업부,13220,2,-760,-5.44,13990,13990,13010,42630,570027170,169188542060,12797923,KSQ
012610,KR7012610002,경인양행,KOSPI,,4060,2,-145,-3.45,4205,4255,4010,421298,1723118783,168962441900,41616365,STK
101530,KR7101530004,해태제과식품,KOSPI,,5790,1,90,1.58,5690,5790,5630,26742,151890845,168586399380,29116822,STK
481070,KR7481070001,에이유브랜즈,KOSDAQ,중견기업부,11740,2,-680,-5.48,12400,13190,11400,70881,831197990,168237135000,14330250,KSQ
092130,KR7092130004,이크레더블,KOSDAQ,중견기업부,13960,2,-190,-1.34,14040,14150,13930,8267,115978580,168128656000,12043600,KSQ
024800,KR7024800005,유성티엔에스,KOSDAQ,우량기업부,4535,2,-245,-5.13,4780,4780,4520,134528,622984790,168029967420,37051812,KSQ
058820,KR7058820002,CMG제약,KOSDAQ,중견기업부,1134,2,-18,-1.56,1141,1160,1125,358089,407637426,167653035522,147842183,KSQ
011690,KR7011690005,와이투솔루션,KOSPI,,4530,2,-190,-4.03,4645,4700,4440,274760,1244264907,166270904820,36704394,STK
044820,KR7044820009,코스맥스비티아이,KOSPI,,17300,2,-830,-4.58,18030,18500,17140,29375,516821805,166147833300,9603921,STK
086980,KR7086980000,쇼박스,KOSDAQ,중견기업부,2650,1,55,2.12,2595,2660,2555,214795,560787538,165990700000,62638000,KSQ
371950,KR7371950007,풍원정밀,KOSDAQ,기술성장기업부,7320,2,-470,-6.03,7790,7980,7110,127944,939745355,165889851360,22662548,KSQ
015230,KR7015230006,대창단조,KOSPI,,6100,1,90,1.5,5990,6100,5890,48239,288837195,165576082000,27143620,STK
016880,KR7016880007,웅진,KOSPI,,2070,3,0,0.0,2070,2100,1966,490929,1000338120,165449055600,79927080,STK
462520,KR7462520008,조선내화,KOSPI,,13930,2,-240,-1.69,14310,14670,13750,9204,128532000,165142490240,11855168,STK
293580,KR7293580007,나우IB,KOSDAQ,중견기업부,1736,2,-84,-4.62,1777,1816,1736,855589,1512347925,164798393200,94929950,KSQ
032620,KR7032620007,GC메디아이,KOSDAQ,우량기업부,3155,2,-15,-0.47,3250,3250,3115,94645,298339964,164681973545,52197139,KSQ
388050,KR7388050007,지투파워,KOSDAQ,우량기업부,8800,2,-550,-5.88,9200,9200,8600,314202,2779910715,164643045600,18709437,KSQ
000860,KR7000860007,강남제비스코,KOSPI,,12600,1,190,1.53,12530,12770,12220,15604,196367055,163800000000,13000000,STK
025820,KR7025820002,이구산업,KOSPI,,4890,2,-120,-2.4,5010,5020,4790,312259,1523267662,163531380000,33442000,STK
097955,KR7097951008,CJ제일제당 우,KOSPI,,123100,2,-1300,-1.05,124400,124500,122900,5125,632288100,163407002300,1327433,STK
226590,KR7226590008,엠디바이스,KOSDAQ,기술성장기업부,15190,2,-1030,-6.35,15510,16305,14955,88512,1357950870,162787948960,10716784,KSQ
143240,KR7143240000,사람인,KOSDAQ,우량기업부,15160,1,160,1.07,14850,15380,14810,5243,79073580,162708201960,10732731,KSQ
049430,KR7049430002,코메론,KOSDAQ,우량기업부,17980,2,-400,-2.18,18230,18230,17200,18732,333752450,162683040000,9048000,KSQ
293480,KR7293480000,하나제약,KOSPI,,9130,1,30,0.33,9240,9240,8990,38474,349180370,162266996980,17772946,STK
400760,KR7400760005,NH올원리츠,KOSPI,,2945,2,-10,-0.34,2950,2985,2915,113171,332692858,161766714875,54929275,STK
267320,KR7267320000,나인테크,KOSDAQ,벤처기업부,2815,2,-160,-5.38,2900,2965,2815,867326,2481806862,161624055425,57415295,KSQ
038390,KR7038390001,레드캡투어,KOSDAQ,우량기업부,9660,1,20,0.21,9640,9670,9320,43616,412820015,161523140520,16720822,KSQ
011785,KR7011781002,금호석유화학우,KOSPI,,53400,2,-1800,-3.26,55200,55200,53000,8805,471526350,161454152400,3023486,STK
140670,KR7140670001,알에스오토메이션,KOSDAQ,중견기업부,12520,2,-310,-2.42,12700,12740,11920,190139,2337440090,160754796800,12839840,KSQ
209640,KR7209640002,와이제이링크,KOSDAQ,중견기업부,5650,2,-330,-5.52,5980,5990,5510,518499,2935883790,160703774900,28443146,KSQ
458650,KR7458650009,성우,KOSDAQ,벤처기업부,10680,2,-510,-4.56,10880,11060,10460,55564,595831850,160687755600,15045670,KSQ
403850,KR7403850001,더핑크퐁컴퍼니,KOSDAQ,중견기업부,11140,2,-460,-3.97,11450,11470,11110,47780,536626460,159870251400,14351010,KSQ
066410,KR7066410002,버킷스튜디오,KOSDAQ,투자주의환기종목(소속부없음),1153,0,0,0.0,0,0,0,0,0,159637252154,138453818,KSQ
046070,KR7046070009,코다코,KOSDAQ,관리종목(소속부없음),10280,0,0,0.0,0,0,0,0,0,159196994920,15486089,KSQ
115500,KR7115500001,케이씨에스,KOSDAQ,중견기업부,13250,2,-790,-5.63,13500,13740,13040,157592,2098489455,159000000000,12000000,KSQ
203400,KR7203400007,에이비온,KOSDAQ,기술성장기업부,1763,2,-156,-8.13,1980,1980,1763,822029,1490906260,158848598952,90101304,KSQ
060150,KR7060150000,인선이엔티,KOSDAQ,중견기업부,3475,2,-30,-0.86,3505,3565,3425,69787,241448095,158333551700,45563612,KSQ
017550,KR7017550005,수산세보틱스,KOSPI,,2530,2,-70,-2.69,2530,2570,2460,785819,1973248669,157869798900,62399130,STK
071840,KR7071840003,롯데하이마트,KOSPI,,6670,2,-20,-0.3,6690,6750,6570,22558,149210880,157463439040,23607712,STK
007330,KR7007330004,푸른저축은행,KOSDAQ,투자주의환기종목(소속부없음),10420,2,-180,-1.7,10510,11510,10160,180430,1942325210,157162776000,15082800,KSQ
077500,KR7077500007,유니퀘스트,KOSPI,,7270,2,-480,-6.19,7570,7570,7070,288089,2101818475,157032741540,21600102,STK
460850,KR7460850001,동국씨엠,KOSPI,,5250,2,-110,-2.05,5310,5680,5100,111755,584211560,156967944000,29898656,STK
260870,KR7260870001,SK시그넷,KONEX,일반기업부,7240,2,-110,-1.5,7280,7380,6600,13372,93802230,156925168280,21674747,KNX
007570,KR7007570005,일양약품,KOSPI,,8210,2,-40,-0.48,8250,8400,8070,35406,290262880,156693301440,19085664,STK
109740,KR7109740001,디에스케이,KOSDAQ,벤처기업부,6090,1,870,16.67,5350,6490,4970,268253,1593892145,156576275100,25710390,KSQ
285490,KR7285490009,노바텍,KOSDAQ,벤처기업부,14800,2,-530,-3.46,15150,15180,14480,68677,1013062985,156522298800,10575831,KSQ
023910,KR7023910003,대한약품,KOSDAQ,우량기업부,26050,2,-150,-0.57,26250,26400,25850,10402,270696925,156300000000,6000000,KSQ
048870,KR7048870000,시너지이노베이션,KOSDAQ,중견기업부,1769,1,69,4.06,1672,1802,1668,471782,822610089,155861217547,88106963,KSQ
380550,KR7380550004,뉴로핏,KOSDAQ,기술성장기업부,12770,2,-540,-4.06,13130,13410,12680,112482,1448586005,155779518820,12198866,KSQ
106190,KR7106190002,하이텍팜,KOSDAQ,우량기업부,14610,1,10,0.07,14500,14680,14310,13352,193714760,155350657530,10633173,KSQ
025560,KR7025560004,미래산업,KOSPI,,30500,2,-1650,-5.13,32000,32000,29000,84708,2580128450,155270254000,5090828,STK
000520,KR7000520007,삼일제약,KOSPI,,7150,2,-230,-3.12,7380,7480,7040,101744,723238100,155096448650,21691811,STK
234690,KR7234690006,녹십자웰빙,KOSDAQ,우량기업부,8590,2,-110,-1.26,8720,8950,8480,101224,872171285,154304661100,17963290,KSQ
002170,KR7002170009,SYTS,KOSPI,,51400,2,-200,-0.39,51700,51900,51200,1049,53962900,154200000000,3000000,STK
046440,KR7046440004,KG파이낸셜,KOSDAQ,우량기업부,4055,2,-30,-0.73,4055,4120,4010,67937,274938260,154133802110,38010802,KSQ
166480,KR7166480004,코아스템켐온,KOSDAQ,벤처기업부,2915,2,-255,-8.04,3130,3165,2870,500853,1479085082,154117146040,52870376,KSQ
147830,KR7147830004,제룡산업,KOSDAQ,벤처기업부,7700,2,-230,-2.9,7850,7850,7480,294861,2254095600,154000000000,20000000,KSQ
104480,KR7104480009,티케이케미칼,KOSDAQ,중견기업부,1692,2,-19,-1.11,1713,1731,1686,339536,579780056,153795074328,90895434,KSQ
018470,KR7018470005,조일알미늄,KOSPI,,1214,2,-13,-1.06,1210,1227,1187,889227,1073128443,153730909294,126631721,STK
049960,KR7049960008,쎌바이오텍,KOSDAQ,벤처기업부,16330,2,-570,-3.37,16760,16760,16030,21542,351644970,153502000000,9400000,KSQ
011040,KR7011040003,경동제약,KOSDAQ,중견기업부,4970,2,-20,-0.4,5040,5060,4945,27365,136605595,152920767020,30768766,KSQ
000020,KR7000020008,동화약품,KOSPI,,5470,1,70,1.3,5400,5600,5380,150052,819485595,152785140900,27931470,STK
259630,KR7259630002,엠플러스,KOSDAQ,우량기업부,12500,2,-740,-5.59,12900,13230,12320,169522,2134918660,152779950000,12222396,KSQ
040350,KR7040350001,크레오에스지,KOSDAQ,벤처기업부,7820,1,470,6.39,7030,8100,6810,343899,2556498065,152650560240,19520532,KSQ
037030,KR7037030004,파워넷,KOSDAQ,우량기업부,5980,2,-530,-8.14,6320,6320,5950,737533,4473266940,152567692160,25512992,KSQ
213500,KR7213500002,한솔제지,KOSPI,,6400,2,-20,-0.31,6440,6470,6290,57581,367830815,152323686400,23800576,STK
445180,KR7445180003,퓨릿,KOSDAQ,우량기업부,8860,2,-450,-4.83,9280,9280,8790,78034,699663925,152296205680,17189188,KSQ
004090,KR7004090007,한국석유,KOSPI,,11990,2,-310,-2.52,12250,12290,11920,138188,1664542250,152202498800,12694120,STK
095700,KR7095700001,제넥신,KOSDAQ,기술성장기업부,3340,2,-150,-4.3,3460,3460,3305,179336,603066375,152105249960,45540494,KSQ
179290,KR7179290002,엠아이텍,KOSDAQ,우량기업부,4695,2,-5,-0.11,4645,4790,4630,106080,497477832,151956858210,32365678,KSQ
003830,KR7003830007,대한화섬,KOSPI,,113800,2,-200,-0.18,115600,115600,112100,90,10181700,151126400000,1328000,STK
051980,KR7051980001,중앙첨단소재,KOSDAQ,중견기업부,1355,2,-74,-5.18,1429,1429,1330,785355,1068925177,150529265695,111091709,KSQ
000970,KR7000970004,한국주철관,KOSPI,,6600,1,20,0.3,6600,6750,6540,24746,163359750,150483300000,22800500,STK
293780,KR7293780003,압타바이오,KOSDAQ,기술성장기업부,5350,1,40,0.75,5310,5690,5230,92975,498021535,150299716750,28093405,KSQ
072870,KR7072870009,메가스터디,KOSDAQ,우량기업부,12580,1,20,0.16,12560,12620,12450,17559,220051860,149965664220,11920959,KSQ
004150,KR7004150009,한솔홀딩스,KOSPI,,3655,2,-260,-6.64,3910,3945,3635,396883,1477518962,149952296100,41026620,STK
090350,KR7090350000,노루페인트,KOSPI,,7490,2,-120,-1.58,7610,7610,7430,66235,495796285,149800000000,20000000,STK
105330,KR7105330005,케이엔더블유,KOSDAQ,중견기업부,9350,1,410,4.59,8330,9430,8120,129199,1113610555,149782512000,16019520,KSQ
473980,KR7473980001,노머스,KOSDAQ,기술성장기업부,13540,2,-460,-3.29,13860,14140,13160,14408,197041290,149743219880,11059322,KSQ
271980,KR7271980005,제일약품,KOSPI,,10180,2,-490,-4.59,10410,10900,10180,27310,284728980,149695596960,14704872,STK
053080,KR7053080008,케이엔솔,KOSDAQ,중견기업부,11510,2,-900,-7.25,12410,12410,11360,122606,1423980365,149627778570,12999807,KSQ
221800,KR7221800006,지구홀딩스,KOSDAQ,투자주의환기종목(소속부없음),9160,2,-70,-0.76,9600,9600,8650,80744,730047360,149480675160,16318851,KSQ
047310,KR7047310008,파워로직스,KOSDAQ,우량기업부,4060,2,-110,-2.64,4060,4125,3950,297172,1197015449,148639665300,36610755,KSQ
039560,KR7039560008,다산네트웍스,KOSDAQ,중견기업부,3465,2,-35,-1.0,3425,3660,3305,285643,973851728,148608541620,42888468,KSQ
001540,KR7001540004,안국약품,KOSDAQ,우량기업부,11370,1,170,1.52,11220,11810,11070,174627,1981616555,148292315400,13042420,KSQ
081000,KR7081000002,일진다이아,KOSPI,,10440,2,-560,-5.09,10280,10670,10230,59380,617328295,148279059000,14202975,STK
006060,KR7006060008,화승인더,KOSPI,,2675,1,5,0.19,2670,2745,2630,62425,165806521,147981000000,55320000,STK
083500,KR7083500009,에프엔에스테크,KOSDAQ,우량기업부,17210,2,-1660,-8.8,18500,18650,17110,176579,3121337765,147588175620,8575722,KSQ
298000,KR7298000001,효성화학,KOSPI,,38900,0,0,0.0,0,0,0,0,0,147501447900,3791811,STK
289930,KR7289930000,웨이비스,KOSDAQ,기술성장기업부,11180,2,-680,-5.73,11750,11860,10940,102989,1150711870,147005931800,13149010,KSQ
289080,KR7289080004,SV인베스트먼트,KOSDAQ,중견기업부,2440,2,-130,-5.06,2635,2635,2405,719680,1781824588,146737288520,60138233,KSQ
067280,KR7067280008,멀티캠퍼스,KOSDAQ,우량기업부,24750,2,-450,-1.79,24800,25200,24300,11637,288369900,146687780250,5926779,KSQ
005990,KR7005990007,매일홀딩스,KOSDAQ,우량기업부,11000,2,-550,-4.76,11550,11550,10730,5399,58678510,146281344000,13298304,KSQ
054800,KR7054800008,아이디스홀딩스,KOSDAQ,중견기업부,14120,2,-260,-1.81,14540,14540,13790,9939,139429970,146110314720,10347756,KSQ
086670,KR7086670007,비엠티,KOSDAQ,우량기업부,14700,2,-510,-3.35,15210,15240,14580,54883,813218360,145910509500,9925885,KSQ
260970,KR7260970009,에스앤디,KOSDAQ,우량기업부,50400,2,-600,-1.18,51000,53800,49550,36893,1870954500,145794801600,2892754,KSQ
062970,KR7062970009,한국첨단소재,KOSDAQ,중견기업부,2550,2,-105,-3.95,2645,2645,2450,1450095,3652666113,145575965700,57088614,KSQ
0011A0,KR70011A0009,액스비스,KOSDAQ,벤처기업부,15590,2,-950,-5.74,16010,16400,15500,110409,1746957810,145513006600,9333740,KSQ
004970,KR7004970000,신라교역,KOSPI,,9080,2,-60,-0.66,9140,9150,9010,7540,68348320,145280000000,16000000,STK
003480,KR7003480001,한진중공업홀딩스,KOSPI,,4910,2,-60,-1.21,4940,5170,4840,79512,390254235,144991376920,29529812,STK
073010,KR7073010001,케이에스피,KOSDAQ,우량기업부,3600,2,-145,-3.87,3710,3710,3500,217119,776386549,144688500000,40191250,KSQ
282880,KR7282880004,코윈테크,KOSDAQ,우량기업부,12350,2,-480,-3.74,12830,13190,12230,49227,610465820,144421912700,11694082,KSQ
005960,KR7005960000,동부건설,KOSPI,,6280,2,-300,-4.56,6890,6890,6210,62637,396517960,144105043640,22946663,STK
204610,KR7204610000,티쓰리,KOSDAQ,벤처기업부,2585,1,95,3.82,2480,2640,2430,239097,616311651,143522353700,55521220,KSQ
331920,KR7331920009,셀레믹스,KOSDAQ,기술성장기업부,14600,2,-1280,-8.06,15100,16170,14600,35596,535750710,143035864200,9796977,KSQ
036010,KR7036010007,아비코전자,KOSDAQ,중견기업부,10760,2,-850,-7.32,11480,11480,10330,330456,3575789780,143031969840,13292934,KSQ
300080,KR7300080009,플리토,KOSDAQ,기술성장기업부,8660,2,-570,-6.18,9030,9030,8500,81286,708946855,142937205660,16505451,KSQ
220260,KR7220260004,켐트로스,KOSDAQ,벤처기업부,4440,2,-95,-2.09,4525,4555,4305,140980,622513146,142399924200,32072055,KSQ
041440,KR7041440009,현대에버다임,KOSDAQ,우량기업부,7980,2,-10,-0.13,8000,8180,7750,190675,1510954485,142376861760,17841712,KSQ
125210,KR7125210005,아모그린텍,KOSDAQ,우량기업부,8630,2,-360,-4.0,8910,8980,8490,157500,1367585250,142367297700,16496790,KSQ
217950,KR7217950005,파마리서치바이오,KONEX,일반기업부,34000,1,400,1.19,32300,34000,32150,5900,195607900,142230160000,4183240,KNX
334970,KR7334970001,프레스티지바이오로직스,KOSDAQ,기술성장기업부,1828,2,-11,-0.6,1705,1840,1705,90419,161912502,142131820436,77752637,KSQ
093190,KR7093190007,빅솔론,KOSDAQ,우량기업부,7380,2,-10,-0.14,7390,7680,7250,16560,122353510,141983118900,19238905,KSQ
094280,KR7094280005,효성ITX,KOSPI,,12170,2,-140,-1.14,12310,12310,12070,14059,170748045,140663294000,11558200,STK
307930,KR7307930008,컴퍼니케이,KOSDAQ,중견기업부,9000,2,-530,-5.56,9150,9760,8560,718325,6515185975,140490000000,15610000,KSQ
222040,KR7222040008,코스맥스엔비티,KOSDAQ,중견기업부,6810,2,-290,-4.08,7100,7150,6720,176850,1207931680,140476680000,20628000,KSQ
002990,KR7002990000,금호건설,KOSPI,,3770,2,-120,-3.08,3890,3980,3740,67207,254199799,140470101980,37259974,STK
000700,KR7000700005,유수홀딩스,KOSPI,,5390,1,110,2.08,5350,5410,5240,49238,262735960,140365366680,26041812,STK
008970,KR7008970006,KBI동양철관,KOSPI,,1350,2,-16,-1.17,1340,1366,1320,554856,745143699,140085324450,103766907,STK
396300,KR7396300006,세아메카닉스,KOSDAQ,우량기업부,5280,2,-310,-5.55,5420,5560,5050,661761,3442469890,139864560000,26489500,KSQ
056090,KR7056090004,시지메드텍,KOSDAQ,벤처기업부,1354,1,2,0.15,1352,1387,1333,693617,939102113,139812734744,103259036,KSQ
299030,KR7299030007,하나기술,KOSDAQ,벤처기업부,17470,2,-1250,-6.68,18320,18360,17360,30905,542381265,139671077700,7994910,KSQ
001520,KR7001520006,동양,KOSPI,,585,2,-25,-4.1,609,620,585,406247,240365716,139630176855,238684063,STK
049720,KR7049720006,고려신용정보,KOSDAQ,우량기업부,9760,1,100,1.04,9660,9970,9660,56982,559764290,139568000000,14300000,KSQ
264660,KR7264660002,씨앤지하이테크,KOSDAQ,우량기업부,14350,2,-930,-6.09,15280,15280,14110,90516,1305563080,139498818200,9721172,KSQ
142210,KR7142210004,유니트론텍,KOSDAQ,우량기업부,6720,2,-450,-6.28,7070,7170,6640,500637,3398641280,139449428160,20751403,KSQ
021080,KR7021080007,에이티넘인베스트,KOSDAQ,우량기업부,2900,2,-115,-3.81,2980,3005,2845,762155,2221739829,139200000000,48000000,KSQ
317400,KR7317400000,자이에스앤디,KOSPI,,3585,2,-125,-3.37,3710,3750,3540,84250,302332355,139035334200,38782520,STK
217270,KR7217270008,넵튠,KOSDAQ,중견기업부,2965,1,55,1.89,2890,3000,2850,57239,166791464,138571181495,46735643,KSQ
023600,KR7023600000,삼보판지,KOSDAQ,우량기업부,8640,2,-140,-1.59,8810,8990,8400,11502,99502100,138311712000,16008300,KSQ
321370,KR7321370009,센서뷰,KOSDAQ,기술성장기업부,2665,2,-335,-11.17,2900,2900,2530,1448040,3860551231,137686974490,51664906,KSQ
00279K,KR700279K010,아모레퍼시픽홀딩스3우C,KOSPI,,19350,2,-150,-0.77,19500,19760,19200,9227,178315400,137234070000,7092200,STK
158430,KR7158430009,아톤,KOSDAQ,벤처기업부,5600,2,-200,-3.45,5630,5760,5450,396720,2211103615,137099715200,24482092,KSQ
474610,KR7474610003,RF시스템즈,KOSDAQ,벤처기업부,9540,2,-680,-6.65,10070,10490,9350,99954,959007210,136494961920,14307648,KSQ
015890,KR7015890007,태경산업,KOSPI,,4660,2,-110,-2.31,4800,4855,4660,49942,234814265,136205975000,29228750,STK
005160,KR7005160007,동국산업,KOSDAQ,중견기업부,2510,2,-75,-2.9,2585,2640,2500,116516,294778287,136153649820,54244482,KSQ
009070,KR7009070004,KCTC,KOSPI,,4535,2,-25,-0.55,4520,4645,4470,102998,468061470,136050000000,30000000,STK
163730,KR7163730005,핑거,KOSDAQ,벤처기업부,14460,1,760,5.55,13700,14760,13560,187873,2664528855,136018973280,9406568,KSQ
101170,KR7101170009,우림피티에스,KOSDAQ,벤처기업부,10060,2,-840,-7.71,10580,10810,9830,138115,1391526040,135810000000,13500000,KSQ
297890,KR7297890006,HB솔루션,KOSDAQ,우량기업부,1856,2,-69,-3.58,1930,1930,1833,379658,706845768,135749536384,73140914,KSQ
307750,KR7307750000,국전,KOSDAQ,중견기업부,2510,2,-95,-3.65,2580,2605,2460,176986,447068022,135505582880,53986288,KSQ
108230,KR7108230004,톱텍,KOSDAQ,우량기업부,3560,2,-60,-1.66,3625,3800,3455,102328,362448297,135362752200,38023245,KSQ
210540,KR7210540001,디와이파워,KOSPI,,12240,2,-300,-2.39,12500,12500,12100,37447,459546730,135150505920,11041708,STK
038290,KR7038290003,마크로젠,KOSDAQ,중견기업부,12460,2,-190,-1.5,12650,12970,12200,33162,417225920,135083844000,10841400,KSQ
240550,KR7240550004,동방메디컬,KOSDAQ,중견기업부,6450,2,-160,-2.42,6520,6590,6250,86261,549912785,135023913000,20933940,KSQ
408920,KR7408920007,메쎄이상,KOSDAQ,우량기업부,3105,1,25,0.81,3145,3175,3000,33991,103858520,134236772775,43232455,KSQ
469610,KR7469610000,이노테크,KOSDAQ,중견기업부,15010,2,-1240,-7.63,15820,16000,15000,61708,948487960,134232929000,8942900,KSQ
214420,KR7214420002,토니모리,KOSPI,,5580,2,-120,-2.11,5660,5720,5500,132522,738381000,134225778420,24054799,STK
017510,KR7017510009,세명전기,KOSDAQ,벤처기업부,8800,2,-280,-3.08,8800,8970,8515,283980,2484566610,134164800000,15246000,KSQ
272550,KR7272550005,삼양패키징,KOSPI,,8890,2,-190,-2.09,9080,9100,8820,31679,282535300,133958129340,15068406,STK
059120,KR7059120006,아진엑스텍,KOSDAQ,벤처기업부,7300,2,-500,-6.41,7770,7770,7100,376474,2758578895,133663481800,18310066,KSQ
002780,KR7002780005,진흥기업,KOSPI,,916,2,-17,-1.82,930,931,890,1197523,1089575305,133252118420,145471745,STK
008830,KR7008830002,대동기어,KOSDAQ,중견기업부,14810,2,-1020,-6.44,15830,15900,14250,114223,1708430260,133105171200,8987520,KSQ
086890,KR7086890001,이수앱지스,KOSDAQ,중견기업부,3260,2,-5,-0.15,3220,3340,3220,90860,295894852,132925359000,40774650,KSQ
205500,KR7205500002,넥써쓰,KOSDAQ,중견기업부,2070,1,86,4.33,1959,2085,1867,378482,753891915,132712044930,64112099,KSQ
263860,KR7263860009,지니언스,KOSDAQ,벤처기업부,14600,2,-530,-3.5,15130,15130,14510,32734,481340670,132562160000,9079600,KSQ
269620,KR7269620001,시스웍,KOSDAQ,관리종목(소속부없음),889,0,0,0.0,0,0,0,0,0,132090012299,148582691,KSQ
013990,KR7013990007,아가방컴퍼니,KOSDAQ,우량기업부,4005,2,-145,-3.49,4115,4150,3950,177673,713341105,131714581680,32887536,KSQ
101970,KR7101970002,우양에이치씨,KOSDAQ,중견기업부,8900,2,-300,-3.26,9150,9150,8900,10773,97327555,131631080100,14790009,KSQ
011280,KR7011280005,태림포장,KOSPI,,1858,2,-43,-2.26,1902,1979,1829,167653,322806412,131557436520,70805940,STK
001360,KR7001360007,삼성제약,KOSPI,,1394,2,-22,-1.55,1416,1440,1391,763604,1074957931,131261938126,94162079,STK
024090,KR7024090003,디씨엠,KOSPI,,11490,1,60,0.52,11310,11520,10900,8569,94921490,130986000000,11400000,STK
016740,KR7016740003,두올,KOSPI,,4540,2,-45,-0.98,4550,4580,4455,110497,496714613,130180068960,28674024,STK
037350,KR7037350006,성도이엔지,KOSDAQ,우량기업부,8550,2,-410,-4.58,8950,8960,8290,115829,990883850,130045500000,15210000,KSQ
004080,KR7004080008,신흥,KOSPI,,13760,1,190,1.4,13510,13910,13380,31999,435848660,129344000000,9400000,STK
107590,KR7107590002,미원홀딩스,KOSPI,,55700,2,-400,-0.71,55900,55900,55500,98,5461400,129224000000,2320000,STK
040160,KR7040160004,누리플렉스,KOSDAQ,중견기업부,10710,2,-1140,-9.62,11800,11800,10550,104859,1143088520,129114779850,12055535,KSQ
214390,KR7214390007,경보제약,KOSPI,,5400,2,-180,-3.23,5500,5630,5320,56110,303912085,129097044000,23906860,STK
115310,KR7115310005,인포바인,KOSDAQ,벤처기업부,8080,2,-60,-0.74,8060,8240,7810,16511,132053090,128992473200,15964415,KSQ
306620,KR7306620006,지아이에스,KOSDAQ,벤처기업부,2690,1,55,2.09,2525,2770,2420,933399,2420745363,128964474960,47942184,KSQ
078000,KR7078000007,텔코웨어,KOSPI,,13940,2,-60,-0.43,14480,14480,13710,2848,39423625,128806673380,9240077,STK
069510,KR7069510006,에스텍,KOSDAQ,우량기업부,11800,1,290,2.52,11770,11900,11430,11669,135928315,128738000000,10910000,KSQ
066430,KR7066430000,아이로보틱스,KOSDAQ,중견기업부,3285,4,755,29.84,2495,3285,2435,3276348,10200524582,128619168660,39153476,KSQ
019180,KR7019180009,티에이치엔,KOSPI,,7140,2,-400,-5.31,7470,7500,7010,338352,2430236605,128520000000,18000000,STK
148150,KR7148150006,세경하이테크,KOSDAQ,우량기업부,3615,2,-80,-2.17,3695,3700,3515,106685,383043454,128487287070,35542818,KSQ
089470,KR7089470009,HDC현대EP,KOSPI,,4025,2,-40,-0.98,4100,4100,3970,67056,269651447,128397500000,31900000,STK
002220,KR7002220002,한일철강,KOSPI,,4805,1,130,2.78,4610,4975,4570,270130,1294057749,128281295300,26697460,STK
453450,KR7453450009,그리드위즈,KOSDAQ,중견기업부,16130,2,-870,-5.12,16700,16840,15900,42115,678718710,128116557500,7942750,KSQ
340450,KR7340450006,지씨지놈,KOSDAQ,기술성장기업부,5400,2,-160,-2.88,5640,5640,5330,85456,463997370,127714282200,23650793,KSQ
014710,KR7014710008,사조씨푸드,KOSPI,,7400,2,-230,-3.01,7570,7950,7190,41057,303387680,127417218200,17218543,STK
047560,KR7047560008,이스트소프트,KOSDAQ,중견기업부,10820,2,-210,-1.9,10840,10970,10510,59666,639433050,127168347240,11753082,KSQ
136540,KR7136540002,윈스테크넷,KOSDAQ,우량기업부,10350,2,-130,-1.24,10410,10440,10250,21997,226766875,127095371100,12279746,KSQ
256940,KR7256940008,킵스파마,KOSDAQ,벤처기업부,6330,2,-50,-0.78,6300,6580,6250,35520,226844330,127094670510,20078147,KSQ
212560,KR7212560007,네오오토,KOSDAQ,우량기업부,10710,1,310,2.98,10400,11020,9570,201814,2089547280,126509101110,11812241,KSQ
350520,KR7350520003,이지스레지던스리츠,KOSPI,,3430,1,25,0.73,3495,3495,3385,60950,207588948,126451072860,36866202,STK
322180,KR7322180001,LS티라유텍,KOSDAQ,벤처기업부,6030,2,-210,-3.37,6190,6230,5910,121766,734896380,126159563520,20921984,KSQ
003100,KR7003100005,선광,KOSDAQ,우량기업부,19110,2,-430,-2.2,19540,19540,19080,15309,293977740,126126000000,6600000,KSQ
095190,KR7095190005,신화프리텍,KOSDAQ,중견기업부,1931,2,-69,-3.45,2000,2000,1901,143352,276228595,126017952122,65260462,KSQ
122450,KR7122450000,KX,KOSDAQ,중견기업부,2810,2,-20,-0.71,2810,2890,2760,76528,214506465,125943733540,44819834,KSQ
079430,KR7079430005,현대리바트,KOSPI,,6260,1,10,0.16,6210,6400,6120,94451,586153780,125914904520,20114202,STK
009270,KR7009270000,신원,KOSPI,,1097,1,16,1.48,1061,1110,1060,611911,664941325,125903121121,114770393,STK
015590,KR7015590003,DKME,KOSPI,,2355,2,-40,-1.67,2395,2415,2245,158581,366428063,125748305340,53396308,STK
036690,KR7036690006,코맥스,KOSDAQ,관리종목(소속부없음),2885,0,0,0.0,0,0,0,0,0,125692107675,43567455,KSQ
080420,KR7080420003,모다이노칩,KOSDAQ,중견기업부,1575,1,65,4.3,1510,1623,1480,8293,12769014,125561554650,79721622,KSQ
008040,KR7008040008,사조동아원,KOSPI,,889,2,-10,-1.11,899,915,872,374647,329652355,125477549400,141144600,STK
053700,KR7053700001,삼보모터스,KOSDAQ,우량기업부,4930,2,-80,-1.6,5010,5060,4550,288997,1394446854,125437776240,25443768,KSQ
032940,KR7032940009,원익,KOSDAQ,우량기업부,6890,2,-540,-7.27,7210,7270,6780,102844,718561365,125351354700,18193230,KSQ
037070,KR7037070000,파세코,KOSDAQ,중견기업부,6260,2,-30,-0.48,6290,6420,6120,160395,1004815745,125200000000,20000000,KSQ
004960,KR7004960001,한신공영,KOSPI,,10810,2,-10,-0.09,10820,10990,10220,49510,527986065,125079288620,11570702,STK
396270,KR7396270001,넥스트칩,KOSDAQ,벤처기업부,3795,2,-250,-6.18,4000,4000,3620,324775,1233406389,124807800645,32887431,KSQ
192410,KR7192410009,오늘이엔엠,KOSDAQ,중견기업부,4955,2,-135,-2.65,5090,5160,4530,213077,1014272179,124796179095,25185909,KSQ
067990,KR7067990002,도이치모터스,KOSDAQ,우량기업부,4275,1,35,0.83,4320,4370,4175,60299,256903597,124751126250,29181550,KSQ
014280,KR7014280002,금강공업,KOSPI,,4250,2,-100,-2.3,4315,4340,4170,67321,285369382,124649767250,29329357,STK
297090,KR7297090003,씨에스베어링,KOSDAQ,투자주의환기종목(소속부없음),4570,2,-150,-3.18,4720,4740,4495,149863,685104969,124623900000,27270000,KSQ
054920,KR7054920004,한컴위드,KOSDAQ,중견기업부,4410,2,-250,-5.36,4570,4570,4300,331134,1479098795,124437327210,28217081,KSQ
452190,KR7452190002,한빛레이저,KOSDAQ,벤처기업부,5190,2,-480,-8.47,5470,5550,5110,590895,3095817950,124147690830,23920557,KSQ
007540,KR7007540008,샘표,KOSPI,,43100,3,0,0.0,43000,43850,42350,5447,233201950,123946980000,2875800,STK
475230,KR7475230009,엔알비,KOSDAQ,벤처기업부,11350,2,-520,-4.38,11870,11900,11280,104327,1190966690,123700052050,10898683,KSQ
027710,KR7027710003,팜스토리,KOSDAQ,우량기업부,1110,1,7,0.63,1108,1119,1082,677726,743746792,123672426000,111416600,KSQ
068790,KR7068790005,DMS,KOSDAQ,우량기업부,5470,2,-200,-3.53,5670,5670,5300,95446,517033185,123459125280,22570224,KSQ
051160,KR7051160000,지어소프트,KOSDAQ,중견기업부,7960,1,10,0.13,7890,8020,7750,59548,471215475,123176462800,15474430,KSQ
090850,KR7090850009,현대이지웰,KOSDAQ,우량기업부,5470,2,-350,-6.01,5830,5870,5460,34180,191765235,122954129410,22477903,KSQ
027970,KR7027970003,한국제지,KOSPI,,646,1,5,0.78,636,648,614,306113,190435524,122837365120,190150720,STK
267290,KR7267290005,경동도시가스,KOSPI,,20750,1,50,0.24,20700,21000,20550,6315,130355300,122329674500,5895406,STK
205100,KR7205100001,엑셈,KOSDAQ,벤처기업부,1726,2,-54,-3.03,1779,1779,1709,427417,741052612,122004766098,70686423,KSQ
290740,KR7290740000,액트로,KOSDAQ,벤처기업부,12060,2,-410,-3.29,12500,13000,11550,81251,986959970,121384032660,10065011,KSQ
950250,KR8826050005,테라뷰,KOSDAQ,기술성장기업부,3400,2,-140,-3.95,3350,3980,3350,1290641,4770014210,120760285400,35517731,KSQ
381620,KR7381620004,제닉스로보틱스,KOSDAQ,중견기업부,9180,2,-660,-6.71,9520,9760,9120,275963,2564361815,120422505600,13117920,KSQ
035000,KR7035000009,HS애드,KOSPI,,7400,3,0,0.0,7400,7490,7300,26837,197764390,119936565600,16207644,STK
123040,KR7123040008,엠에스오토텍,KOSDAQ,중견기업부,1913,2,-41,-2.1,1953,1953,1820,61495,116182043,119807935987,62628299,KSQ
336680,KR7336680004,탑런토탈솔루션,KOSDAQ,중견기업부,3060,2,-45,-1.45,2975,3100,2950,39463,118638750,119785407480,39145558,KSQ
020120,KR7020120002,키다리스튜디오,KOSPI,,3230,2,-80,-2.42,3300,3300,3160,113840,367136519,119715964180,37063766,STK
012800,KR7012800009,대창,KOSPI,,1313,2,-11,-0.83,1324,1335,1281,711433,925089106,119667475187,91140499,STK
0004V0,KR70004V0003,엔비알모션,KOSDAQ,기술성장기업부,11500,2,-1290,-10.09,12690,12690,11310,190763,2212596630,119651382000,10404468,KSQ
333430,KR7333430007,일승,KOSDAQ,중견기업부,3890,2,-230,-5.58,4085,4095,3830,70476,276129206,119527045830,30726747,KSQ
005800,KR7005800008,신영와코루,KOSPI,,13270,2,-420,-3.07,13830,13830,13240,8657,115595540,119430000000,9000000,STK
323990,KR7323990002,박셀바이오,KOSDAQ,기술성장기업부,5120,2,-260,-4.83,5380,5500,5120,122901,644220405,119077606400,23257345,KSQ
235980,KR7235980000,메드팩토,KOSDAQ,기술성장기업부,3465,1,75,2.21,3510,3570,3345,125490,436212145,118763294265,34275121,KSQ
357580,KR7357580000,아모센스,KOSDAQ,기술성장기업부,10070,2,-1090,-9.77,10610,11050,9840,161509,1634224575,118722903340,11789762,KSQ
365330,KR7365330000,에스와이스틸텍,KOSDAQ,우량기업부,2365,3,0,0.0,2300,2410,2250,359065,833543189,118654415000,50171000,KSQ
070960,KR7070960000,모나용평,KOSPI,,2465,1,15,0.61,2430,2515,2430,41856,103695980,118648665845,48133333,STK
457370,KR7457370005,한켐,KOSDAQ,중견기업부,14670,4,3380,29.94,10870,14670,10400,8326936,112410695195,118271505780,8062134,KSQ
025620,KR7025620006,차AI헬스케어,KOSPI,,6480,1,160,2.53,6310,6480,5990,16029,99744020,117961745040,18203973,STK
002620,KR7002620003,제일파마홀딩스,KOSPI,,7380,2,-50,-0.67,7370,7450,7180,11744,85394110,117883359900,15973355,STK
089600,KR7089600001,KT나스미디어,KOSDAQ,우량기업부,10190,2,-10,-0.1,10200,10290,10150,22657,231223850,117879580970,11568163,KSQ
093640,KR7093640001,케이알엠,KOSDAQ,벤처기업부,3605,1,35,0.98,3600,3750,3500,105297,380020262,117794982830,32675446,KSQ
014530,KR7014530000,극동유화,KOSPI,,3365,2,-15,-0.44,3305,3390,3270,90369,301711351,117335598300,34869420,STK
084670,KR7084670009,동양고속,KOSPI,,40500,2,-950,-2.29,48000,52500,40000,857345,39234071325,117270544500,2895569,STK
013520,KR7013520002,화승코퍼레이션,KOSPI,,2340,2,-30,-1.27,2295,2395,2270,229658,529267235,117119929680,50051252,STK
310200,KR7310200001,애니플러스,KOSDAQ,중견기업부,2245,2,-5,-0.22,2235,2275,2110,180020,398540017,117105566820,52162836,KSQ
338220,KR7338220007,뷰노,KOSDAQ,기술성장기업부,8350,2,-60,-0.71,8450,8540,8110,41480,343791040,116915222050,14001823,KSQ
016710,KR7016710006,대성홀딩스,KOSPI,,7260,3,0,0.0,7430,7430,7040,26032,185199220,116809472340,16089459,STK
010100,KR7010100006,한국무브넥스,KOSPI,,3835,2,-80,-2.04,3915,3960,3700,208764,790324617,116777360700,30450420,STK
33626K,KR733626K013,두산퓨얼셀1우,KOSPI,,8730,2,-370,-4.07,9100,9250,8310,34031,297491570,116669466000,13364200,STK
013310,KR7013310008,아진산업,KOSDAQ,우량기업부,3000,2,-50,-1.64,3025,3030,2940,421753,1259682335,116419746000,38806582,KSQ
156100,KR7156100000,엘앤케이바이오,KOSDAQ,벤처기업부,5200,2,-90,-1.7,5120,5450,5010,101204,519083990,116225995600,22351153,KSQ
006620,KR7006620009,동구바이오제약,KOSDAQ,우량기업부,4080,2,-75,-1.81,4220,4220,4055,74103,304064358,116137167360,28464992,KSQ
041590,KR7041590001,플래스크,KOSDAQ,관리종목(소속부없음),2370,0,0,0.0,0,0,0,0,0,116064014460,48972158,KSQ
012320,KR7012320008,경동인베스트,KOSPI,,49000,2,-1300,-2.58,50000,50700,48400,6797,334531050,115886127000,2365023,STK
002450,KR7002450005,삼익악기,KOSPI,,1275,2,-25,-1.92,1300,1300,1265,220846,281164444,115426916625,90530915,STK
088130,KR7088130000,동아엘텍,KOSDAQ,우량기업부,6580,2,-530,-7.45,6900,6960,6480,220826,1460450850,115053366120,17485314,KSQ
086960,KR7086960002,MDS테크,KOSDAQ,우량기업부,2730,2,-150,-5.21,2840,2915,2730,735381,2035025613,114974272140,42115118,KSQ
339950,KR7339950008,아이비김영,KOSDAQ,우량기업부,2555,1,20,0.79,2535,2585,2505,82984,210029493,114838703525,44946655,KSQ
047770,KR7047770003,코데즈컴바인,KOSDAQ,중견기업부,3030,1,135,4.66,2840,3310,2760,2845193,8795992394,114663084060,37842602,KSQ
040300,KR7040300006,YTN,KOSDAQ,중견기업부,2400,2,-110,-4.38,2505,2505,2380,167316,404419982,114424752000,47676980,KSQ
078890,KR7078890001,가온그룹,KOSDAQ,중견기업부,6210,2,-490,-7.31,6580,6580,6090,319148,2001962290,114418896030,18424943,KSQ
382840,KR7382840007,원준,KOSDAQ,중견기업부,7480,2,-120,-1.58,7460,8260,7170,550193,4248484665,114231425880,15271581,KSQ
063570,KR7063570006,NICE인프라,KOSDAQ,우량기업부,3345,2,-60,-1.76,3405,3420,3310,57782,192961510,114224150160,34147728,KSQ
052900,KR7052900008,KX하이텍,KOSDAQ,우량기업부,1641,2,-129,-7.29,1725,1780,1634,3702775,6263342440,114018701712,69481232,KSQ
215100,KR7215100009,로보로보,KOSDAQ,벤처기업부,5600,2,-250,-4.27,5750,5850,5400,242337,1345676595,113951342400,20348454,KSQ
021820,KR7021820006,세원정공,KOSPI,,11390,2,-340,-2.9,11840,11840,11360,7532,86777600,113900000000,10000000,STK
034590,KR7034590000,인천도시가스,KOSPI,,25950,1,150,0.58,25850,26000,25350,1802,46178950,113524866300,4374754,STK
009580,KR7009580002,무림P&P,KOSPI,,1820,2,-23,-1.25,1843,1898,1790,209553,379796512,113510349680,62368324,STK
323350,KR7323350009,다원넥스뷰,KOSDAQ,기술성장기업부,14160,2,-1410,-9.06,15570,15570,13820,86181,1230253795,113432531520,8010772,KSQ
366030,KR7366030005,공구우먼,KOSDAQ,중견기업부,5000,2,-300,-5.66,5240,5280,4870,138537,690371860,113269250000,22653850,KSQ
054540,KR7054540000,삼영엠텍,KOSDAQ,우량기업부,8710,2,-470,-5.12,9170,9170,8500,101400,883033825,113230000000,13000000,KSQ
109610,KR7109610006,에스와이,KOSDAQ,중견기업부,2315,1,15,0.65,2345,2375,2250,195536,451361796,113220631000,48907400,KSQ
120030,KR7120030002,조선선재,KOSPI,,89900,3,0,0.0,88800,90500,87700,1171,104680600,113062824900,1257651,STK
054050,KR7054050000,NH농우바이오,KOSDAQ,우량기업부,7040,2,-10,-0.14,7050,7100,6990,31685,222572275,112855149440,16030561,KSQ
107600,KR7107600009,새빗켐,KOSDAQ,벤처기업부,19920,2,-1080,-5.14,20650,21000,19350,17470,346107535,112367803680,5640954,KSQ
073560,KR7073560005,우리손에프앤지,KOSDAQ,우량기업부,1622,2,-38,-2.29,1660,1709,1588,330764,542018679,112303456946,69237643,KSQ
067900,KR7067900001,와이엔텍,KOSDAQ,우량기업부,6150,2,-90,-1.44,6240,6320,6130,27681,171527560,111927902850,18199659,KSQ
002390,KR7002390003,한독,KOSPI,,8130,1,20,0.25,8070,8230,7830,21108,169737715,111897523290,13763533,STK
018120,KR7018120006,진로발효,KOSDAQ,우량기업부,16870,2,-120,-0.71,17030,17030,16770,3205,54034575,111698294400,6621120,KSQ
475580,KR7475580007,에이럭스,KOSDAQ,벤처기업부,8190,2,-210,-2.5,8450,8490,8090,93949,772349770,111587931000,13624900,KSQ
004250,KR7004250007,NPC,KOSPI,,3035,1,10,0.33,3100,3100,2970,38432,115079616,111445200000,36720000,STK
052260,KR7052260007,현대바이오랜드,KOSDAQ,우량기업부,3710,2,-50,-1.33,3730,3775,3670,55158,203701268,111300000000,30000000,KSQ
263720,KR7263720005,디앤씨미디어,KOSDAQ,우량기업부,8950,2,-250,-2.72,9100,9360,8830,15035,135944470,111092689450,12412591,KSQ
049520,KR7049520000,유아이엘,KOSDAQ,우량기업부,3600,1,30,0.84,3635,3650,3515,93761,334925466,111033450000,30842625,KSQ
036630,KR7036630002,세종텔레콤,KOSDAQ,우량기업부,11100,2,-1050,-8.64,11910,11910,10600,20866,239605470,111000000000,10000000,KSQ
214680,KR7214680001,디알텍,KOSDAQ,벤처기업부,1328,2,-11,-0.82,1330,1400,1275,349532,460475624,110857530368,83477056,KSQ
950190,KR8344390008,고스트스튜디오,KOSDAQ,외국기업(소속부없음),8470,1,140,1.68,8120,8540,8120,37821,316878820,110254489730,13017059,KSQ
115440,KR7115440000,우리넷,KOSDAQ,우량기업부,10200,2,-890,-8.03,10800,10990,9900,198630,2026454475,110101778400,10794292,KSQ
389030,KR7389030008,지니너스,KOSDAQ,기술성장기업부,3275,1,10,0.31,3265,3390,3100,176588,576656498,110002157375,33588445,KSQ
014580,KR7014580005,태경비케이,KOSPI,,3985,2,-135,-3.28,4090,4120,3945,191765,770080094,109918653500,27583100,STK
083420,KR7083420000,그린케미칼,KOSPI,,4575,2,-70,-1.51,4620,4675,4510,30379,138696442,109800000000,24000000,STK
041520,KR7041520008,이엘씨,KOSDAQ,투자주의환기종목(소속부없음),9000,2,-160,-1.75,9200,9250,8800,17974,161304720,109698570000,12188730,KSQ
129920,KR7129920005,대성하이텍,KOSDAQ,벤처기업부,6750,2,-490,-6.77,7240,7240,6550,125922,847581975,109678698000,16248696,KSQ
227840,KR7227840006,현대코퍼레이션홀딩스,KOSPI,,12050,2,-140,-1.15,12100,12370,11900,24154,288926340,109665073800,9100836,STK
228850,KR7228850004,레이언스,KOSDAQ,우량기업부,6600,1,200,3.13,6400,6690,6150,44720,287486050,109500692400,16591014,KSQ
011810,KR7011810009,STX,KOSPI,,3530,0,0,0.0,0,0,0,0,0,109493282310,31017927,STK
255440,KR7255440000,야스,KOSDAQ,벤처기업부,8380,1,80,0.96,8300,8590,8070,32873,272212230,109426040000,13058000,KSQ
038540,KR7038540001,상상인,KOSDAQ,중견기업부,1973,2,-82,-3.99,2090,2090,1941,24351,48312259,109162761549,55328313,KSQ
487580,KR7487580003,폴레드,KOSDAQ,벤처기업부,4325,2,-50,-1.14,4325,5250,4235,2954089,14169450401,108915873825,25182861,KSQ
172670,KR7172670002,에이엘티,KOSDAQ,벤처기업부,12150,2,-700,-5.45,12700,12820,11970,175186,2144565060,108867146850,8960259,KSQ
267850,KR7267850006,아시아나IDT,KOSPI,,9740,2,-10,-0.1,9750,9850,9500,26151,251226100,108114000000,11100000,STK
021320,KR7021320007,KCC건설,KOSDAQ,우량기업부,5050,2,-210,-3.99,5250,5250,4990,29480,149178510,108070000000,21400000,KSQ
007610,KR7007610009,선도전기,KOSPI,,5990,2,-610,-9.24,6600,6650,5900,604407,3695125095,107820000000,18000000,STK
009780,KR7009780008,엠에스씨,KOSDAQ,우량기업부,6110,2,-10,-0.16,6120,6150,6060,9902,60374060,107536000000,17600000,KSQ
322510,KR7322510009,제이엘케이,KOSDAQ,기술성장기업부,4180,2,-50,-1.18,4220,4320,4050,180673,753260573,107534228560,25725892,KSQ
007210,KR7007210008,벽산,KOSPI,,1645,2,-46,-2.72,1701,1701,1637,101836,168228182,107517200000,65360000,STK
234030,KR7234030005,싸이닉솔루션,KOSDAQ,중견기업부,4550,2,-185,-3.91,4690,4690,4380,119067,535412758,107402750000,23605000,KSQ
309960,KR7309960003,LB인베스트먼트,KOSDAQ,중견기업부,4620,2,-115,-2.43,4735,4735,4560,56627,260855330,107263644180,23217239,KSQ
123690,KR7123690000,한국화장품,KOSPI,,6670,2,-130,-1.91,6710,6900,6640,56520,380703025,107173560000,16068000,STK
002230,KR7002230001,피에스텍,KOSDAQ,우량기업부,5720,2,-150,-2.56,5870,5870,5590,228630,1305722440,106994430400,18705320,KSQ
006660,KR7006660005,삼성공조,KOSPI,,13130,2,-890,-6.35,13550,13630,12800,369816,4885019320,106698502820,8126314,STK
217820,KR7217820000,원익피앤이,KOSDAQ,중견기업부,2245,2,-80,-3.44,2335,2400,2170,170424,378825558,106535484955,47454559,KSQ
071280,KR7071280002,로체시스템즈,KOSDAQ,우량기업부,6960,2,-550,-7.32,7520,7520,6940,243901,1733494875,106464356880,15296603,KSQ
149980,KR7149980005,하이로닉,KOSDAQ,중견기업부,5020,2,-80,-1.57,5060,5200,4710,51223,253102693,106395702260,21194363,KSQ
330730,KR7330730003,스톤브릿지벤처스,KOSDAQ,벤처기업부,5840,2,-140,-2.34,5840,6050,5740,65251,384212215,106392127200,18217830,KSQ
396470,KR7396470007,워트,KOSDAQ,중견기업부,6600,2,-280,-4.07,6820,7010,6520,136756,906249365,106392000000,16120000,KSQ
377480,KR7377480009,마음AI,KOSDAQ,기술성장기업부,14950,2,-2650,-15.06,17060,21500,14810,5387584,98174499280,106298611250,7110275,KSQ
250060,KR7250060001,모비스,KOSDAQ,기술성장기업부,3300,2,-80,-2.37,3385,3400,3190,369903,1204277477,106165336200,32171314,KSQ
001290,KR7001290006,상상인증권,KOSPI,,979,2,-4,-0.41,1000,1110,954,1631406,1689658425,106062040480,108337120,STK
002460,KR7002460004,HS화성,KOSPI,,10380,3,0,0.0,10500,10580,10230,12105,125747030,105357000000,10150000,STK
074430,KR7074430000,아미노로직스,KOSDAQ,중견기업부,1199,1,61,5.36,1109,1216,1109,263959,309891238,105304385956,87826844,KSQ
493330,KR7493330005,지에프아이,KOSDAQ,벤처기업부,13680,1,160,1.18,13520,14890,13030,33753,459629310,105091757280,7682146,KSQ
141000,KR7141000000,비아트론,KOSDAQ,벤처기업부,8670,2,-580,-6.27,9010,9050,8520,57432,500713435,105034535700,12114710,KSQ
049950,KR7049950009,미래컴퍼니,KOSDAQ,중견기업부,11890,2,-500,-4.04,12360,12360,11690,53782,640493275,104844640760,8817884,KSQ
005860,KR7005860002,한일사료,KOSDAQ,우량기업부,2660,2,-10,-0.37,2680,2710,2620,310008,821963106,104813802100,39403685,KSQ
065450,KR7065450009,빅텍,KOSDAQ,벤처기업부,3550,2,-50,-1.39,3575,3590,3500,316638,1121616521,104710100650,29495803,KSQ
225190,KR7225190008,LK삼양,KOSDAQ,중견기업부,1482,2,-23,-1.53,1506,1541,1425,343210,500678755,104434228080,70468440,KSQ
417500,KR7417500006,제이아이테크,KOSDAQ,우량기업부,3180,2,-185,-5.5,3365,3480,3135,243233,780304707,104255485920,32784744,KSQ
248170,KR7248170003,샘표식품,KOSPI,,22800,2,-250,-1.08,23050,23500,22550,15690,358038625,104156920800,4568286,STK
131030,KR7131030009,옵투스제약,KOSDAQ,우량기업부,5880,2,-170,-2.81,6080,6080,5860,67562,401690300,103761949200,17646590,KSQ
085670,KR7085670008,뉴프렉스,KOSDAQ,우량기업부,4235,2,-105,-2.42,4300,4305,4090,283533,1183942445,103760722835,24500761,KSQ
104460,KR7104460001,디와이피엔에프,KOSDAQ,우량기업부,9850,2,-210,-2.09,10060,10090,9760,21123,209373020,103603294850,10518101,KSQ
246710,KR7246710008,티앤알바이오팹,KOSDAQ,기술성장기업부,2155,1,85,4.11,2110,2155,2045,203422,428570561,102717006120,47664504,KSQ
264900,KR7264900002,크라운제과,KOSPI,,8200,1,100,1.23,8100,8200,7970,23485,189749990,102695570000,12523850,STK
223250,KR7223250002,드림씨아이에스,KOSDAQ,벤처기업부,4165,2,-165,-3.81,4250,4300,4005,122310,510064179,102460849260,24600444,KSQ
489460,KR7489460006,바이오비쥬,KOSDAQ,벤처기업부,6810,1,90,1.34,6590,6960,6430,71348,482466180,102452568300,15044430,KSQ
042510,KR7042510008,라온시큐어,KOSDAQ,벤처기업부,9210,2,-310,-3.26,9040,9430,8910,188223,1707344640,102284675880,11105828,KSQ
052860,KR7052860004,아이앤씨,KOSDAQ,벤처기업부,5720,2,-80,-1.38,5800,5870,5440,114844,645264130,102175524880,17862854,KSQ
025950,KR7025950007,동신건설,KOSDAQ,우량기업부,12160,2,-620,-4.85,12340,12510,12140,15216,186164755,102144000000,8400000,KSQ
212710,KR7212710008,아이에스티이,KOSDAQ,기술성장기업부,10600,2,-910,-7.91,11200,11500,10090,171117,1797974075,102003566800,9622978,KSQ
039340,KR7039340005,한국경제TV,KOSDAQ,우량기업부,4630,3,0,0.0,4630,4630,4600,1402,6486595,101860000000,22000000,KSQ
331740,KR7331740001,아우토크립트,KOSDAQ,기술성장기업부,10440,2,-140,-1.32,10590,11100,9800,87647,898120425,101786774040,9749691,KSQ
412350,KR7412350001,레이저쎌,KOSDAQ,기술성장기업부,7040,2,-900,-11.34,7800,7890,7030,505143,3649621090,101624385280,14435282,KSQ
456070,KR7456070002,이엔셀,KOSDAQ,기술성장기업부,9210,2,-570,-5.83,9310,9750,9200,76764,721535245,101574483570,11028717,KSQ
096250,KR7096250006,와이즈넛,KOSDAQ,기술성장기업부,7740,2,-150,-1.9,7800,7950,7460,41879,319975060,101435362560,13105344,KSQ
388870,KR7388870008,파로스아이바이오,KOSDAQ,기술성장기업부,7820,1,1520,24.13,6310,7980,6160,605702,4404810260,101237188240,12945932,KSQ
317770,KR7317770006,엑스페릭스,KOSDAQ,벤처기업부,2765,2,-170,-5.79,2850,2935,2745,312269,871521577,100885296925,36486545,KSQ
119650,KR7119650000,KC코트렐,KOSPI,,918,0,0,0.0,0,0,0,0,0,100782913662,109785309,STK
013570,KR7013570007,디와이,KOSPI,,3820,3,0,0.0,3835,3900,3750,67531,257099247,100540998060,26319633,STK
229500,KR7229500004,노브메타파마,KONEX,일반기업부,7800,2,-150,-1.89,7950,8200,7800,5302,42318220,100164121200,12841554,KNX
360070,KR7360070007,탑머티리얼,KOSDAQ,중견기업부,12200,2,-480,-3.79,12600,12940,12150,21840,270039930,99894124600,8188043,KSQ
014790,KR7014790000,HL D&I,KOSPI,,2630,2,-100,-3.66,2730,2730,2585,87333,229151320,99568120630,37858601,STK
067830,KR7067830000,세이브존I&C,KOSPI,,2425,2,-75,-3.0,2500,2525,2365,196070,477491440,99524170375,41040895,STK
092040,KR7092040005,아미코젠,KOSDAQ,기술성장기업부,1408,2,-12,-0.85,1450,1454,1392,345763,490850331,99482784896,70655387,KSQ
246720,KR7246720007,아스타,KOSDAQ,관리종목(소속부없음),6070,0,0,0.0,0,0,0,0,0,99434491000,16381300,KSQ
023450,KR7023450000,동남합성,KOSPI,,28400,2,-250,-0.87,28500,28550,28050,1852,52222650,99400000000,3500000,STK
182360,KR7182360008,큐브엔터,KOSDAQ,우량기업부,6390,1,30,0.47,6240,6520,6200,43516,277745765,99363535110,15549849,KSQ
019680,KR7019680008,대교,KOSPI,,1172,1,32,2.81,1140,1179,1114,75020,85349637,99271740200,84702850,STK
044990,KR7044990000,에이치엔에스하이텍,KOSDAQ,기술성장기업부,12910,2,-310,-2.34,12950,13410,12530,39195,503330730,99218836750,7685425,KSQ
058850,KR7058850009,KTcs,KOSPI,,2395,2,-20,-0.83,2395,2410,2370,102614,245238009,99163657750,41404450,STK
0007J0,KR70007J0006,인벤테라,KOSDAQ,기술성장기업부,12600,2,-220,-1.72,12840,13330,12500,32602,415839730,99107996400,7865714,KSQ
0015S0,KR70015S0005,페스카로,KOSDAQ,기술성장기업부,10030,2,-350,-3.37,10290,10690,9900,50593,508088620,98963301900,9866730,KSQ
000440,KR7000440008,중앙에너비스,KOSDAQ,중견기업부,15850,2,-390,-2.4,16240,16240,15480,18516,292506215,98700010500,6227130,KSQ
011000,KR7011000007,진원생명과학,KOSPI,,1085,2,-135,-11.07,1231,1470,1076,14411704,18085275140,98607954095,90882907,STK
035080,KR7035080001,그래디언트,KOSDAQ,중견기업부,8620,2,-320,-3.58,8900,8900,8400,43915,377149825,98537668080,11431284,KSQ
282720,KR7282720002,금양그린파워,KOSDAQ,중견기업부,8100,2,-120,-1.46,8000,8390,7900,60291,487057185,98167950000,12119500,KSQ
059210,KR7059210005,메타바이오메드,KOSDAQ,우량기업부,3605,2,-30,-0.83,3655,3705,3550,68251,245839785,97953059225,27171445,KSQ
413630,KR7413630005,씨피시스템,KOSDAQ,벤처기업부,2685,2,-190,-6.61,2875,2905,2610,124202,334848556,97832340810,36436626,KSQ
047820,KR7047820006,초록뱀미디어,KOSDAQ,중견기업부,4000,2,-10,-0.25,4010,4065,3900,43860,173880068,97815720000,24453930,KSQ
023900,KR7023900004,풍국주정,KOSDAQ,우량기업부,7760,2,-150,-1.9,8000,8000,7730,36690,286310515,97776000000,12600000,KSQ
039980,KR7039980008,폴라리스AI,KOSDAQ,중견기업부,6790,2,-510,-6.99,7300,7600,6790,420839,2999715995,97648443060,14381214,KSQ
045970,KR7045970001,코아시아,KOSDAQ,중견기업부,3710,2,-275,-6.9,3935,3935,3670,128843,483728142,97628189960,26314876,KSQ
038110,KR7038110003,에코플라스틱,KOSDAQ,우량기업부,2370,2,-60,-2.47,2405,2430,2335,380722,903465453,97571406900,41169370,KSQ
032300,KR7032300006,한국파마,KOSDAQ,중견기업부,8920,1,30,0.34,8640,9160,8630,17444,153855730,97287772920,10906701,KSQ
066790,KR7066790007,씨씨에스,KOSDAQ,관리종목(소속부없음),1493,0,0,0.0,0,0,0,0,0,97271994227,65152039,KSQ
008700,KR7008700007,아남전자,KOSPI,,1260,2,-60,-4.55,1290,1311,1250,1086240,1376711417,97177273200,77124820,STK
009190,KR7009190000,대양금속,KOSPI,,2205,2,-10,-0.45,2300,2300,2135,582591,1286299562,96989736375,43986275,STK
389140,KR7389140005,포바이포,KOSDAQ,벤처기업부,6780,2,-380,-5.31,6990,7130,6650,269281,1828465180,96748803300,14269735,KSQ
036220,KR7036220002,오상헬스케어,KOSDAQ,우량기업부,6750,2,-100,-1.46,7280,7280,6630,26380,178155685,96588558000,14309416,KSQ
100700,KR7100700004,세운메디칼,KOSDAQ,우량기업부,2205,2,-5,-0.23,2200,2225,2160,160477,350816755,96579000000,43800000,KSQ
068240,KR7068240001,다원시스,KOSDAQ,관리종목(소속부없음),2530,0,0,0.0,0,0,0,0,0,96553495610,38163437,KSQ
096240,KR7096240007,크레버스,KOSDAQ,우량기업부,8990,3,0,0.0,9000,9030,8700,27702,247021000,96536238200,10738180,KSQ
029480,KR7029480001,광무,KOSDAQ,중견기업부,1612,2,-82,-4.84,1779,1779,1600,196932,320927076,96267240784,59719132,KSQ
352090,KR7352090005,스톰테크,KOSDAQ,우량기업부,3570,2,-40,-1.11,3615,3615,3475,49120,172853767,95936602860,26872998,KSQ
109070,KR7109070003,주성코퍼레이션,KOSPI,,1815,1,48,2.72,1767,1837,1616,1248537,2198988040,95850567450,52810230,STK
136150,KR7136150000,원일티엔아이,KOSDAQ,벤처기업부,11420,2,-660,-5.46,12140,12140,11040,19637,223293860,95711362600,8381030,KSQ
950130,KR8840090003,엑세스바이오,KOSDAQ,외국기업(소속부없음),2715,2,-90,-3.21,2785,2880,2655,134830,365385060,95496959310,35173834,KSQ
288180,KR7288180003,케이피항공산업,KOSDAQ,중견기업부,12900,1,240,1.9,12470,14200,12040,598149,7786843145,95373079800,7393262,KSQ
063080,KR7063080006,컴투스홀딩스,KOSDAQ,중견기업부,14460,2,-360,-2.43,14820,14820,14000,21483,305906530,95366476320,6595192,KSQ
357230,KR7357230002,에이치피오,KOSDAQ,우량기업부,2305,2,-5,-0.22,2300,2340,2270,102186,234639195,95181462180,41293476,KSQ
001275,KR7001271006,부국증권우,KOSPI,,31650,3,0,0.0,31900,31900,31650,1960,62041050,94950000000,3000000,STK
120240,KR7120240007,대정화금,KOSDAQ,우량기업부,13190,2,-380,-2.8,13450,13500,13060,24720,328385685,94841257290,7190391,KSQ
059270,KR7059270009,해성에어로보틱스,KOSDAQ,기술성장기업부,8490,2,-360,-4.07,8840,8840,8360,154647,1314467025,94793388510,11165299,KSQ
226400,KR7226400000,오스테오닉,KOSDAQ,기술성장기업부,4585,1,15,0.33,4625,4815,4515,149335,691632425,94733440585,20661601,KSQ
094840,KR7094840006,슈프리마에이치큐,KOSDAQ,벤처기업부,9630,1,150,1.58,9410,9800,9200,54955,523733175,94432829670,9806109,KSQ
036580,KR7036580009,팜스코,KOSPI,,2570,1,115,4.68,2455,2665,2425,243523,624638287,94390813510,36727943,STK
464490,KR7464490002,쿼드메디슨,KOSDAQ,기술성장기업부,8220,1,10,0.12,8210,8700,8040,69457,573332810,94382968860,11482113,KSQ
139990,KR7139990006,아주스틸,KOSPI,,2430,2,-60,-2.41,2490,2510,2370,77732,187636908,94175656020,38755414,STK
004140,KR7004140000,동방,KOSPI,,1960,2,-9,-0.46,1955,1985,1921,301632,587883451,94024661360,47971766,STK
002210,KR7002210003,동성제약,KOSPI,,973,0,0,0.0,0,0,0,0,0,94010780311,96619507,STK
078140,KR7078140001,대봉엘에스,KOSDAQ,우량기업부,8470,2,-40,-0.47,8480,8600,8360,15360,130386545,93903324130,11086579,KSQ
078935,KR7078931003,GS우,KOSPI,,52700,2,-2100,-3.83,54300,55100,52400,20645,1090762250,93788925200,1779676,STK
451220,KR7451220008,아이엠티,KOSDAQ,기술성장기업부,11900,2,-770,-6.08,12670,12670,11700,70064,840802920,93707870900,7874611,KSQ
217330,KR7217330000,싸이토젠,KOSDAQ,기술성장기업부,4050,2,-290,-6.68,4340,4800,3980,171187,707725989,93674665350,23129547,KSQ
049080,KR7049080005,기가레인,KOSDAQ,벤처기업부,1103,2,-68,-5.81,1186,1188,1068,2714648,2993314827,93626331741,84883347,KSQ
265740,KR7265740001,엔에프씨,KOSDAQ,벤처기업부,5240,2,-220,-4.03,5320,5460,5140,93149,485768180,93605264000,17863600,KSQ
066310,KR7066310004,큐에스아이,KOSDAQ,벤처기업부,10080,2,-530,-5.0,10220,10380,9910,138643,1403073405,93457939680,9271621,KSQ
443670,KR7443670005,에스피소프트,KOSDAQ,중견기업부,3770,2,-110,-2.84,3810,3860,3705,100531,380642052,93275047840,24741392,KSQ
011700,KR7011700002,한신기계,KOSPI,,2860,2,-105,-3.54,2940,2960,2765,285535,811956999,92795991860,32446151,STK
131370,KR7131370009,알서포트,KOSDAQ,벤처기업부,1742,2,-37,-2.08,1751,1778,1742,177884,312116258,92791258586,53267083,KSQ
053260,KR7053260006,금강철강,KOSDAQ,우량기업부,4950,2,-430,-7.99,5270,5370,4930,59965,303065315,92664000000,18720000,KSQ
032560,KR7032560005,황금에스티,KOSPI,,5450,2,-140,-2.5,5620,5630,5400,28493,155575000,92650000000,17000000,STK
036420,KR7036420008,콘텐트리중앙,KOSPI,,4795,1,85,1.8,4710,4860,4680,49887,239106115,92362766860,19262308,STK
066980,KR7066980004,한성크린텍,KOSDAQ,벤처기업부,1778,1,97,5.77,1620,1824,1578,1959821,3355494950,92340652250,51935125,KSQ
417970,KR7417970001,모델솔루션,KOSDAQ,우량기업부,14420,2,-200,-1.37,14620,15120,13660,46367,654887140,92240414000,6396700,KSQ
063170,KR7063170005,서울옥션,KOSDAQ,중견기업부,5180,2,-150,-2.81,5290,5290,5000,70296,360554865,92070703060,17774267,KSQ
086710,KR7086710001,선진뷰티사이언스,KOSDAQ,우량기업부,7540,2,-360,-4.56,7850,7940,7510,25701,195847840,92012731200,12203280,KSQ
408470,KR7408470003,한패스,KOSDAQ,중견기업부,8690,2,-230,-2.58,8810,8910,8500,60758,525799980,91870680000,10572000,KSQ
37550L,KR737550K029,DL이앤씨2우(전환),KOSPI,,43500,2,-100,-0.23,43000,44550,41250,2674,113605700,91869868500,2111951,STK
042500,KR7042500009,링네트,KOSDAQ,우량기업부,4120,2,-110,-2.6,4200,4200,4090,213362,879925192,91839513280,22291144,KSQ
035610,KR7035610005,솔본,KOSDAQ,투자주의환기종목(소속부없음),3350,1,20,0.6,3370,3495,3290,50804,173013730,91609089950,27345997,KSQ
123010,KR7123010001,알엔티엑스,KOSDAQ,기술성장기업부,2720,1,145,5.63,2530,2820,2360,1316221,3547197503,91452566240,33622267,KSQ
090470,KR7090470006,제이스로보틱스,KOSDAQ,벤처기업부,5230,2,-80,-1.51,5310,5350,5080,48263,249438810,91402586620,17476594,KSQ
055490,KR7055490007,테이팩스,KOSPI,,19140,2,-1010,-5.01,19890,19900,18700,39449,762962150,91291101000,4769650,STK
023800,KR7023800006,인지컨트롤스,KOSPI,,5770,2,-130,-2.2,6120,6120,5670,70317,405752870,91219066690,15809197,STK
363280,KR7363280009,티와이홀딩스,KOSPI,,2000,2,-5,-0.25,2020,2020,1960,38772,77013663,90994666000,45497333,STK
100130,KR7100130004,동국S&C,KOSDAQ,중견기업부,1592,2,-106,-6.24,1698,1698,1580,252076,403164684,90971656000,57143000,KSQ
033340,KR7033340001,좋은사람들,KOSDAQ,중견기업부,937,1,57,6.48,851,958,851,2671776,2457188919,90842672846,96950558,KSQ
067000,KR7067000000,조이시티,KOSDAQ,중견기업부,1298,2,-16,-1.22,1302,1339,1271,229563,298024717,90734672908,69903446,KSQ
004890,KR7004890000,동일산업,KOSPI,,37400,2,-750,-1.97,38050,38050,37200,441,16561800,90703041000,2425215,STK
100590,KR7100590009,머큐리,KOSDAQ,중견기업부,5290,2,-430,-7.52,5630,5680,5080,329504,1740001195,90668193050,17139545,KSQ
290720,KR7290720002,푸드나무,KOSDAQ,중견기업부,2545,1,5,0.2,2730,2740,2475,103952,266438770,90245066295,35459751,KSQ
337930,KR7337930002,젝시믹스,KOSDAQ,우량기업부,3040,2,-35,-1.14,3075,3195,3007,157391,484579085,90216484000,29676475,KSQ
058860,KR7058860008,KTis,KOSPI,,2585,2,-25,-0.96,2590,2620,2555,51404,132744009,89963170000,34802000,STK
303810,KR7303810006,동국생명과학,KOSDAQ,중견기업부,2805,2,-85,-2.94,2855,2890,2800,36028,101745773,89715512700,31984140,KSQ
014160,KR7014160006,대영포장,KOSPI,,827,2,-20,-2.36,847,859,820,632914,524140189,89642292023,108394549,STK
131400,KR7131400004,이브이첨단소재,KOSDAQ,벤처기업부,1503,2,-74,-4.69,1577,1577,1497,1174420,1777793160,89566598646,59591882,KSQ
002200,KR7002200004,한국수출포장,KOSPI,,2670,1,95,3.69,2575,2690,2495,374905,993063005,89444842470,33499941,STK
066700,KR7066700006,테라젠이텍스,KOSDAQ,중견기업부,2405,2,-60,-2.43,2570,2570,2405,86678,211009690,89351464280,37152376,KSQ
189330,KR7189330004,씨이랩,KOSDAQ,기술성장기업부,9510,2,-1190,-11.12,10360,10650,9480,504877,4990528310,89225520840,9382284,KSQ
203690,KR7203690003,아크솔루션스,KOSDAQ,관리종목(소속부없음),4425,0,0,0.0,0,0,0,0,0,89196141000,20157320,KSQ
099750,KR7099750002,이지케어텍,KOSDAQ,벤처기업부,6530,2,-220,-3.26,6990,6990,6530,15348,101500230,89194399690,13659173,KSQ
033290,KR7033290008,로젠,KOSDAQ,우량기업부,1584,2,-72,-4.35,1580,1665,1561,90765,145183235,88951580784,56156301,KSQ
040420,KR7040420002,정상제이엘에스,KOSDAQ,우량기업부,5670,3,0,0.0,5680,5740,5630,32509,183956015,88891719840,15677552,KSQ
311320,KR7311320006,지오엘리먼트,KOSDAQ,기술성장기업부,7030,2,-240,-3.3,7120,7230,6850,51073,357614770,88680356800,12614560,KSQ
053580,KR7053580007,웹케시,KOSDAQ,우량기업부,6840,2,-10,-0.15,6850,6920,6660,47679,322325025,88608342240,12954436,KSQ
330350,KR7330350000,위더스제약,KOSDAQ,우량기업부,6710,2,-260,-3.73,7040,7040,6640,27040,182495920,88586352690,13202139,KSQ
262260,KR7262260003,에이프로,KOSDAQ,우량기업부,5870,2,-390,-6.23,6270,6270,5680,169496,991153035,88505864200,15077660,KSQ
014440,KR7014440002,영보화학,KOSPI,,4425,2,-45,-1.01,4470,4470,4380,15168,67052190,88500000000,20000000,STK
004100,KR7004100004,태양금속,KOSPI,,2410,2,-180,-6.95,2575,2585,2400,818413,2013186660,88447000000,36700000,STK
418470,KR7418470001,KT밀리의서재,KOSDAQ,우량기업부,10310,1,80,0.78,10230,10820,10030,85603,889185980,88313284590,8565789,KSQ
024880,KR7024880007,케이피에프,KOSDAQ,우량기업부,4370,2,-125,-2.78,4495,4495,4310,212431,930257229,88111234980,20162754,KSQ
072020,KR7072020001,중앙백신,KOSDAQ,벤처기업부,9290,1,60,0.65,9160,9320,9100,17557,161124900,87871202230,9458687,KSQ
101330,KR7101330009,모베이스,KOSDAQ,중견기업부,3785,2,-175,-4.42,3960,3975,3700,127566,486472330,87611504765,23147029,KSQ
063160,KR7063160006,종근당바이오,KOSPI,,15960,2,-200,-1.24,16160,16490,15910,5882,94188355,87555953520,5485962,STK
302550,KR7302550009,리메드,KOSDAQ,기술성장기업부,2830,2,-70,-2.41,2850,2910,2830,37866,108509980,87467234500,30907150,KSQ
006840,KR7006840003,AK홀딩스,KOSPI,,6600,2,-290,-4.21,6910,6910,6500,14243,94217000,87433902600,13247561,STK
298540,KR7298540006,더네이쳐홀딩스,KOSDAQ,우량기업부,6030,1,30,0.5,6060,6150,5810,43801,260691620,87352907580,14486386,KSQ
348350,KR7348350000,위드텍,KOSDAQ,벤처기업부,8750,2,-340,-3.74,8900,9080,8430,58346,502877355,87312750000,9978600,KSQ
321260,KR7321260002,프로이천,KOSDAQ,벤처기업부,3095,2,-340,-9.9,3360,3365,3030,771223,2426044124,87254499980,28192084,KSQ
023000,KR7023000003,삼원강재,KOSPI,,2195,2,-30,-1.35,2195,2205,2185,8109,17796259,87229203420,39739956,STK
093920,KR7093920007,서원인텍,KOSDAQ,우량기업부,4680,1,50,1.08,4680,4690,4540,46624,213616795,87048000000,18600000,KSQ
347890,KR7347890006,엠엑스온,KOSDAQ,벤처기업부,5130,2,-90,-1.72,5380,5380,5000,29687,151073150,87021236520,16963204,KSQ
009300,KR7009300005,삼아제약,KOSDAQ,우량기업부,13650,2,-10,-0.07,14210,14210,13460,6458,87406145,86950500000,6370000,KSQ
008260,KR7008260002,NI스틸,KOSPI,,3035,2,-40,-1.3,3050,3070,2990,59095,178223072,86801355095,28600117,STK
163560,KR7163560006,동일고무벨트,KOSPI,,6230,2,-80,-1.27,6310,6450,6130,22477,139881890,86597000000,13900000,STK
058630,KR7058630005,엠게임,KOSDAQ,우량기업부,4495,1,30,0.67,4430,4620,4360,44349,199647110,86315570130,19202574,KSQ
043610,KR7043610005,KT지니뮤직,KOSDAQ,중견기업부,1484,1,13,0.88,1471,1497,1455,48145,71014042,86243309992,58115438,KSQ
475430,KR7475430005,키스트론,KOSDAQ,중견기업부,4810,1,130,2.78,4550,4890,4405,393489,1813360399,85849409100,17848110,KSQ
039010,KR7039010004,현대에이치티,KOSDAQ,우량기업부,9920,2,-80,-0.8,9830,10170,9660,60890,601762035,85560000000,8625000,KSQ
117670,KR7117670000,알파칩스,KOSDAQ,벤처기업부,12830,2,-820,-6.01,13500,13500,12240,18703,240069270,85470149860,6661742,KSQ
072950,KR7072950009,빛샘전자,KOSDAQ,벤처기업부,10600,2,-800,-7.02,11200,11250,10350,236968,2529499350,85357666000,8052610,KSQ
010280,KR7010280006,아이티센엔텍,KOSDAQ,우량기업부,6550,2,-240,-3.53,6790,6900,6150,68930,446077110,85312158350,13024757,KSQ
005740,KR7005740006,크라운해태홀딩스,KOSPI,,5740,2,-50,-0.86,5810,5850,5640,39110,225139950,85223771780,14847347,STK
007110,KR7007110000,일신석재,KOSPI,,1098,1,23,2.14,1075,1131,1040,618960,673832442,85047357780,77456610,STK
052420,KR7052420007,오성첨단소재,KOSDAQ,우량기업부,8700,2,-600,-6.45,9080,9200,8700,72374,645000920,84755478300,9742009,KSQ
058400,KR7058400003,KNN,KOSDAQ,우량기업부,640,1,29,4.75,611,672,609,1450335,931629926,84755020800,132429720,KSQ
024830,KR7024830002,세원물산,KOSDAQ,관리종목(소속부없음),10150,2,-50,-0.49,10200,10590,10100,2667,27017150,84752500000,8350000,KSQ
130580,KR7130580004,나이스디앤비,KOSDAQ,우량기업부,5500,2,-40,-0.72,5540,5610,5480,5823,32153510,84700000000,15400000,KSQ
251120,KR7251120002,바이오에프디엔씨,KOSDAQ,기술성장기업부,9710,2,-140,-1.42,9690,9990,9500,31486,303661580,84435247000,8695700,KSQ
011370,KR7011370004,서한,KOSDAQ,우량기업부,834,2,-26,-3.02,861,883,826,889142,747114130,84146317410,100894865,KSQ
225530,KR7225530005,HC보광산업,KOSDAQ,우량기업부,2315,1,90,4.04,2225,2325,2135,97539,214868932,84124153005,36338727,KSQ
950220,KR8840140006,네오이뮨텍,KOSDAQ,기술성장기업부,501,0,0,0.0,0,0,0,0,0,83987339400,167639400,KSQ
049180,KR7049180003,셀루메드,KOSDAQ,투자주의환기종목(소속부없음),1009,0,0,0.0,0,0,0,0,0,83975227728,83226192,KSQ
095720,KR7095720009,웅진씽크빅,KOSPI,,1477,1,19,1.3,1377,1480,1377,32755,47110186,83933604545,56827085,STK
004650,KR7004650008,창해에탄올,KOSDAQ,우량기업부,9120,2,-30,-0.33,9070,9400,9060,16622,151478570,83820871200,9190885,KSQ
183490,KR7183490002,엔지켐생명과학,KOSDAQ,관리종목(소속부없음),990,0,0,0.0,0,0,0,0,0,83793832650,84640235,KSQ
000230,KR7000230003,일동홀딩스,KOSPI,,7260,2,-40,-0.55,7320,7590,6990,19084,137266260,83783304000,11540400,STK
041930,KR7041930009,SY동아,KOSDAQ,우량기업부,5510,2,-60,-1.08,5630,5630,5400,68704,377014435,83752000000,15200000,KSQ
411080,KR7411080005,샌즈랩,KOSDAQ,기술성장기업부,5480,2,-360,-6.16,5790,5960,5450,60903,339960370,83666656240,15267638,KSQ
208370,KR7208370007,셀바스헬스케어,KOSDAQ,벤처기업부,3250,1,10,0.31,3290,3320,3180,103907,336251693,83656833000,25740564,KSQ
253840,KR7253840003,수젠텍,KOSDAQ,중견기업부,4995,1,40,0.81,4985,5460,4960,516239,2658846040,83632284000,16743200,KSQ
173130,KR7173130006,오파스넷,KOSDAQ,중견기업부,6400,2,-260,-3.9,6560,6660,6330,156148,1004371535,83497427200,13046473,KSQ
002600,KR7002600005,조흥,KOSPI,,139000,2,-1000,-0.71,139200,140200,136500,62,8568300,83400000000,600000,STK
002700,KR7002700003,신일전자,KOSPI,,1190,1,6,0.51,1178,1199,1167,362741,429436873,83356549990,70047521,STK
088390,KR7088390000,이녹스,KOSDAQ,중견기업부,8870,2,-450,-4.83,9490,9490,8800,18068,161499440,83252436280,9385844,KSQ
382480,KR7382480002,지아이텍,KOSDAQ,벤처기업부,2115,2,-60,-2.76,2175,2175,2060,245192,515410442,83240351100,39357140,KSQ
004840,KR7004840005,DRB동일,KOSPI,,4315,2,-115,-2.6,4430,4490,4290,42237,183424283,83160250660,19272364,STK
076610,KR7076610005,해성옵틱스,KOSDAQ,벤처기업부,1505,2,-95,-5.94,1570,1650,1494,1366766,2097709630,83039037200,55175440,KSQ
048530,KR7048530000,인트론바이오,KOSDAQ,기술성장기업부,2685,1,50,1.9,2605,2745,2600,125866,335038902,82944370230,30891758,KSQ
066590,KR7066590001,스모트로닉,KOSDAQ,중견기업부,2140,2,-10,-0.47,2105,2145,2070,101296,213948550,82770785180,38677937,KSQ
476040,KR7476040001,오가노이드사이언스,KOSDAQ,기술성장기업부,12550,2,-800,-5.99,13130,13350,12370,64744,819262660,82651288000,6585760,KSQ
004590,KR7004590006,한국가구,KOSDAQ,중견기업부,5490,1,20,0.37,5690,5690,5430,49590,272400840,82350000000,15000000,KSQ
079810,KR7079810008,APS이노베이션,KOSDAQ,우량기업부,3815,2,-115,-2.93,3895,3950,3735,234229,897737060,82129678610,21528094,KSQ
048550,KR7048550008,SM C&C,KOSDAQ,중견기업부,848,2,-3,-0.35,851,877,829,223471,189046903,82013997760,96714620,KSQ
037760,KR7037760006,쎄니트,KOSDAQ,중견기업부,2420,3,0,0.0,2420,2440,2375,26576,63788365,81875668820,33832921,KSQ
101670,KR7101670008,하이드로리튬,KOSDAQ,중견기업부,1442,2,-88,-5.75,1500,1518,1429,462961,672218922,81872703654,56777187,KSQ
307870,KR7307870006,비투엔,KOSDAQ,벤처기업부,1101,2,-5,-0.45,1096,1120,1022,262136,278910419,81803512785,74299285,KSQ
040910,KR7040910002,아이씨디,KOSDAQ,중견기업부,4500,2,-205,-4.36,4705,4705,4500,62473,286057685,81784237500,18174275,KSQ
299660,KR7299660001,셀리드,KOSDAQ,기술성장기업부,2765,2,-90,-3.15,2900,2990,2700,192632,540530151,81575731405,29502977,KSQ
175250,KR7175250000,아이큐어,KOSDAQ,관리종목(소속부없음),2170,0,0,0.0,0,0,0,0,0,81501658560,37558368,KSQ
007980,KR7007980006,TP,KOSPI,,1737,2,-24,-1.36,1761,1761,1702,259396,448968790,81460696950,46897350,STK
419050,KR7419050000,삼기에너지솔루션즈,KOSDAQ,중견기업부,1422,2,-19,-1.32,1441,1446,1365,271103,379547744,81333053280,57196240,KSQ
091120,KR7091120006,이엠텍,KOSDAQ,중견기업부,4740,2,-165,-3.36,4860,5020,4695,58645,281229875,81210116640,17132936,KSQ
000590,KR7000590000,CS홀딩스,KOSPI,,70300,2,-1800,-2.5,71600,71600,70300,1512,106891200,81160084600,1154482,STK
412540,KR7412540007,제일엠앤에스,KOSDAQ,관리종목(소속부없음),3935,0,0,0.0,0,0,0,0,0,81063616775,20600665,KSQ
054670,KR7054670005,대한뉴팜,KOSDAQ,우량기업부,5630,2,-50,-0.88,5630,5770,5560,44176,249271130,80818199600,14354920,KSQ
294630,KR7294630009,서남,KOSDAQ,기술성장기업부,3065,2,-125,-3.92,3190,3315,2950,241067,733619102,80812767735,26366319,KSQ
432470,KR7432470003,케이엔에스,KOSDAQ,벤처기업부,9210,2,-610,-6.21,9500,9940,9130,52303,484831490,80786030760,8771556,KSQ
424960,KR7424960003,스마트레이더시스템,KOSDAQ,기술성장기업부,4895,2,-105,-2.1,4900,4980,4730,82892,400625642,80694613450,16485110,KSQ
234300,KR7234300002,에스트래픽,KOSDAQ,우량기업부,2965,2,-50,-1.66,2970,3060,2935,49484,146780790,80671067700,27207780,KSQ
096775,KR7096771001,SK이노베이션우,KOSPI,,64500,2,-1000,-1.53,65500,65600,62500,4267,271364450,80523477000,1248426,STK
005870,KR7005870001,휴니드,KOSPI,,5700,2,-150,-2.56,5840,6080,5620,118436,681277140,80461285500,14116015,STK
001020,KR7001020007,페이퍼코리아,KOSPI,,2260,1,40,1.8,2350,2645,2160,74139,175996095,80448456120,35596662,STK
142280,KR7142280007,녹십자엠에스,KOSDAQ,중견기업부,3680,2,-245,-6.24,3950,4100,3635,1247259,4784708995,80283351040,21816128,KSQ
362320,KR7362320004,청담글로벌,KOSDAQ,중견기업부,3795,2,-185,-4.65,3935,4080,3795,127753,502763495,80269145550,21151290,KSQ
265560,KR7265560003,영화테크,KOSDAQ,우량기업부,7500,2,-40,-0.53,7590,7600,7280,16681,124297830,80176350000,10690180,KSQ
290660,KR7290660000,다이나믹솔루션,KOSDAQ,기술성장기업부,939,0,0,0.0,0,0,0,0,0,80052794238,85253242,KSQ
017370,KR7017370008,우신시스템,KOSPI,,4370,2,-130,-2.89,4645,4645,4260,35585,153916805,80032415980,18314054,STK
111380,KR7111380002,동인기연,KOSPI,,13050,2,-110,-0.84,13060,13130,12710,7656,97649080,79970400000,6128000,STK
007590,KR7007590003,동방아그로,KOSPI,,5870,2,-50,-0.84,5930,5930,5850,4174,24534070,79935176990,13617577,STK
413390,KR7413390006,엠오티,KOSDAQ,중견기업부,6890,2,-450,-6.13,7260,7320,6890,46539,326068150,79787440200,11580180,KSQ
019540,KR7019540004,일지테크,KOSDAQ,우량기업부,5900,3,0,0.0,5890,5950,5730,71208,415056960,79729650000,13513500,KSQ
439580,KR7439580002,블루엠텍,KOSDAQ,기술성장기업부,2355,1,155,7.05,2300,2585,2275,1659646,3985785109,79708618185,33846547,KSQ
001470,KR7001470004,삼부토건,KOSPI,,347,0,0,0.0,0,0,0,0,0,79699592928,229681824,STK
222160,KR7222160004,NPX,KOSDAQ,관리종목(소속부없음),8040,0,0,0.0,0,0,0,0,0,79551289560,9894439,KSQ
460940,KR7460940000,피앤에스로보틱스,KOSDAQ,기술성장기업부,5910,2,-320,-5.14,6150,6220,5750,106676,628383130,79520704800,13455280,KSQ
030960,KR7030960009,양지사,KOSDAQ,중견기업부,4970,2,-220,-4.24,5000,5980,4970,334027,1807658390,79420600000,15980000,KSQ
054620,KR7054620000,APS,KOSDAQ,중견기업부,4315,2,-15,-0.35,4335,4555,4150,66112,281951795,79371063615,18394221,KSQ
011320,KR7011320009,유니크,KOSDAQ,우량기업부,4105,2,-290,-6.6,4390,4390,4100,93917,389943075,79311452975,19320695,KSQ
302430,KR7302430004,이노메트리,KOSDAQ,벤처기업부,8060,2,-290,-3.47,8260,8400,7770,81279,654816215,79255656480,9833208,KSQ
065510,KR7065510000,휴비츠,KOSDAQ,우량기업부,6900,2,-40,-0.58,6980,6980,6700,28795,195704170,79252454700,11485863,KSQ
448710,KR7448710004,코츠테크놀로지,KOSDAQ,벤처기업부,14990,1,70,0.47,14690,15050,14050,33040,483577535,79226527080,5285292,KSQ
060590,KR7060590007,씨티씨바이오,KOSDAQ,중견기업부,3275,2,-45,-1.36,3295,3350,3230,47684,156749698,79192840500,24181020,KSQ
006890,KR7006890008,태경케미컬,KOSPI,,6820,2,-180,-2.57,6870,7140,6730,39103,267521175,79112000000,11600000,STK
000105,KR7000101006,유한양행우,KOSPI,,66900,2,-1600,-2.34,69000,69100,66000,3535,237813850,79004886000,1180940,STK
370090,KR7370090003,퓨런티어,KOSDAQ,기술성장기업부,9200,2,-250,-2.65,9300,9440,8980,40868,373401350,78722836000,8556830,KSQ
017650,KR7017650003,대림제지,KOSDAQ,우량기업부,8960,1,60,0.67,8780,9150,8780,91863,834668080,78713600000,8785000,KSQ
110790,KR7110790003,크리스에프앤씨,KOSDAQ,우량기업부,3350,1,5,0.15,3320,3350,3245,32993,109023783,78493716000,23430960,KSQ
048770,KR7048770002,TPC로보틱스,KOSDAQ,벤처기업부,5000,1,170,3.52,4700,5060,4520,667322,3171307416,78489955000,15697991,KSQ
084730,KR7084730001,팅크웨어,KOSDAQ,중견기업부,7060,2,-110,-1.53,6990,7170,6850,26384,184414390,78432533440,11109424,KSQ
067570,KR7067570002,엔브이에이치코리아,KOSDAQ,중견기업부,1858,2,-2,-0.11,1910,1910,1820,44839,82181971,78351860000,42170000,KSQ
170030,KR7170030001,현대공업,KOSDAQ,우량기업부,5100,2,-120,-2.3,5180,5200,5010,73775,374101015,78234000000,15340000,KSQ
003580,KR7003580008,HLB글로벌,KOSPI,,1544,1,15,0.98,1515,1667,1501,143563,223225100,78224451720,50663505,STK
273640,KR7273640003,와이엠텍,KOSDAQ,벤처기업부,7110,2,-310,-4.18,7420,7420,6990,36152,256508290,77968260000,10966000,KSQ
006140,KR7006140008,피제이전자,KOSDAQ,우량기업부,5240,2,-90,-1.69,5280,5390,5100,31194,161996630,77892600000,14865000,KSQ
054040,KR7054040001,한국컴퓨터,KOSDAQ,우량기업부,4830,2,-15,-0.31,4895,4895,4760,121649,582617842,77624330700,16071290,KSQ
041910,KR7041910001,폴라리스AI파마,KOSDAQ,우량기업부,5840,2,-210,-3.47,6000,6050,5730,58028,339141900,77574764000,13283350,KSQ
228670,KR7228670006,레이,KOSDAQ,벤처기업부,4955,2,-95,-1.88,5060,5130,4890,86478,430540449,77496304055,15640021,KSQ
277880,KR7277880001,티에스아이,KOSDAQ,우량기업부,3905,2,-125,-3.1,4030,4030,3830,60055,234089035,77487742860,19843212,KSQ
124560,KR7124560004,태웅로직스,KOSDAQ,우량기업부,1998,2,-22,-1.09,2000,2040,1939,332257,660742874,77364180378,38720811,KSQ
020710,KR7020710000,시공테크,KOSDAQ,우량기업부,3850,2,-60,-1.53,3860,3905,3720,142550,542628800,77184684500,20047970,KSQ
024740,KR7024740003,한일단조,KOSDAQ,우량기업부,2345,2,-35,-1.47,2385,2395,2295,154394,361648161,77143579905,32897049,KSQ
320000,KR7320000003,한울반도체,KOSDAQ,중견기업부,11500,2,-280,-2.38,11800,12180,10560,129485,1419953325,76691315000,6668810,KSQ
009180,KR7009180001,한솔로지스틱스,KOSPI,,2720,2,-25,-0.91,2800,2800,2690,58245,159091604,76583844000,28155825,STK
089230,KR7089230007,THE E&M,KOSDAQ,중견기업부,2045,2,-20,-0.97,2065,2120,1985,340301,687118571,76526668930,37421354,KSQ
101140,KR7101140002,인바이오젠,KOSPI,,7590,1,830,12.28,6710,7600,6100,21472,146322980,76235599440,10044216,STK
168330,KR7168330009,내츄럴엔도텍,KOSDAQ,투자주의환기종목(소속부없음),2400,1,30,1.27,2385,2550,2340,63786,154660515,76211760000,31754900,KSQ
201490,KR7201490000,미투온,KOSDAQ,중견기업부,2335,2,-25,-1.06,2310,2360,2270,176866,410184658,76106546350,32593810,KSQ
0015N0,KR70015N0000,아로마티카,KOSDAQ,벤처기업부,5980,2,-60,-0.99,5870,6100,5860,60417,362167520,76035999000,12715050,KSQ
463020,KR7463020008,뉴엔AI,KOSDAQ,기술성장기업부,8550,2,-270,-3.06,8820,8880,8290,36800,310779090,75917160000,8879200,KSQ
014970,KR7014970008,삼륭물산,KOSDAQ,중견기업부,5110,2,-230,-4.31,5340,5340,4775,31249,160444695,75755750000,14825000,KSQ
067370,KR7067370007,선바이오,KOSDAQ,기술성장기업부,6210,2,-440,-6.62,6610,6610,6210,4972,31267110,75721976550,12193555,KSQ
102370,KR7102370004,케이옥션,KOSDAQ,기술성장기업부,2780,2,-10,-0.36,2755,2820,2665,94933,259357690,75697203800,27229210,KSQ
263800,KR7263800005,데이타솔루션,KOSDAQ,중견기업부,4660,2,-245,-4.99,4890,4905,4505,200452,938754665,75610270800,16225380,KSQ
171120,KR7171120009,라이온켐텍,KOSDAQ,우량기업부,2105,2,-45,-2.09,2150,2160,2100,210726,446102422,75573204800,35901760,KSQ
036640,KR7036640001,HRS,KOSDAQ,우량기업부,4620,2,-75,-1.6,4700,4755,4615,58223,270675792,75559176000,16354800,KSQ
317830,KR7317830008,에스피시스템스,KOSDAQ,벤처기업부,7010,2,-400,-5.4,7070,7400,6800,74486,519910330,75524464180,10773818,KSQ
067290,KR7067290007,JW신약,KOSDAQ,중견기업부,1346,2,-28,-2.04,1470,1470,1345,243107,332374855,75425940638,56037103,KSQ
001260,KR7001260009,남광토건,KOSPI,,7650,2,-70,-0.91,7520,7850,7480,19187,145577605,75219175800,9832572,STK
026150,KR7026150003,특수건설,KOSDAQ,중견기업부,4285,2,-130,-2.94,4440,4485,4225,45882,197790045,75186028335,17546331,KSQ
205470,KR7205470008,휴마시스,KOSDAQ,중견기업부,3045,2,-75,-2.4,3050,3220,3015,100966,308620097,75135378045,24675001,KSQ
006090,KR7006090005,사조오양,KOSPI,,7970,1,70,0.89,7970,8050,7900,3746,29769645,75099229830,9422739,STK
217190,KR7217190008,제너셈,KOSDAQ,벤처기업부,5690,2,-80,-1.39,5770,6090,5450,93592,530960020,74844900090,13153761,KSQ
010960,KR7010960003,삼호개발,KOSPI,,3100,1,35,1.14,3065,3100,3010,44897,136658325,74772000000,24120000,STK
007820,KR7007820004,엠엑스로보틱스,KOSDAQ,중견기업부,3730,2,-200,-5.09,3925,3925,3665,185644,695279927,74726618580,20033946,KSQ
031820,KR7031820004,아이티센씨티에스,KOSPI,,6150,2,-70,-1.13,6270,6270,5900,27476,166016495,74446647900,12105146,STK
011150,KR7011150000,CJ씨푸드,KOSPI,,2070,2,-50,-2.36,2100,2120,2005,101278,209778833,74376700110,35930773,STK
900250,KYG2115T1076,크리스탈신소재,KOSDAQ,외국기업(소속부없음),519,0,0,0.0,0,0,0,0,0,74351942076,143260004,KSQ
003310,KR7003310000,대주산업,KOSDAQ,우량기업부,2100,1,20,0.96,2040,2110,2010,841936,1732510053,74323935000,35392350,KSQ
000180,KR7000180000,성창기업지주,KOSPI,,5320,2,-30,-0.56,5400,5490,5170,11952,62376470,74215702400,13950320,STK
012700,KR7012700001,리드코프,KOSDAQ,우량기업부,2830,2,-55,-1.91,2925,2925,2815,92012,261896910,74131431160,26194852,KSQ
013870,KR7013870001,지엠비코리아,KOSPI,,3885,2,-20,-0.51,3910,3965,3825,34386,133005105,74095807800,19072280,STK
017480,KR7017480005,삼현철강,KOSDAQ,우량기업부,4795,2,-35,-0.72,4830,4840,4715,24870,118583132,74048657550,15442890,KSQ
091440,KR7091440008,한울소재과학,KOSDAQ,투자주의환기종목(소속부없음),2215,1,50,2.31,2105,2215,2010,115449,238581610,73942233070,33382498,KSQ
126880,KR7126880004,제이엔케이글로벌,KOSDAQ,우량기업부,3185,1,55,1.76,3165,3225,3000,73445,226890032,73907616055,23204903,KSQ
128660,KR7128660008,피제이메탈,KOSDAQ,우량기업부,2970,2,-30,-1.0,3000,3030,2890,70563,206207539,73666005930,24803369,KSQ
069730,KR7069730000,DSR제강,KOSPI,,5110,1,100,2.0,4980,5110,4920,34853,174830555,73584000000,14400000,STK
038460,KR7038460002,바이오스마트,KOSDAQ,우량기업부,2910,1,135,4.86,2750,2990,2725,411780,1169315405,73548917220,25274542,KSQ
208140,KR7208140004,정다운,KOSDAQ,우량기업부,2250,1,5,0.22,2255,2260,2225,42753,96152122,73539553500,32684246,KSQ
045660,KR7045660008,에이텍,KOSDAQ,우량기업부,8890,2,-70,-0.78,8980,8990,8770,43214,382396990,73431400000,8260000,KSQ
082850,KR7082850009,우리바이오,KOSDAQ,중견기업부,1515,2,-61,-3.87,1551,1565,1500,203332,309201007,73411715670,48456578,KSQ
348150,KR7348150004,고바이오랩,KOSDAQ,기술성장기업부,3780,1,170,4.71,3620,3900,3615,80423,299388669,73403400420,19418889,KSQ
001560,KR7001560002,제일연마,KOSPI,,9650,1,220,2.33,9550,9650,9420,3175,30148870,73340000000,7600000,STK
005750,KR7005750005,대림바스,KOSPI,,4415,2,-60,-1.34,4545,4545,4340,28351,125076750,73254739600,16592240,STK
238090,KR7238090005,앤디포스,KOSDAQ,벤처기업부,2400,2,-100,-4.0,2500,2510,2265,73838,176590250,73177056000,30490440,KSQ
053280,KR7053280004,예스24,KOSDAQ,중견기업부,2925,1,35,1.21,2915,2935,2840,36529,105428024,73125000000,25000000,KSQ
025550,KR7025550005,한국선재,KOSDAQ,중견기업부,2850,2,-75,-2.56,2920,2960,2830,199246,570557896,72714911400,25514004,KSQ
900260,HK0000295359,로스웰,KOSDAQ,외국기업(소속부없음),1579,2,-3,-0.19,1582,1591,1565,8546,13449916,72680905774,46029706,KSQ
340360,KR7340360007,다보링크,KOSDAQ,투자주의환기종목(소속부없음),1388,1,3,0.22,1369,1390,1287,310968,411061499,72263127536,52062772,KSQ
019550,KR7019550003,SBI인베스트먼트,KOSDAQ,중견기업부,891,2,-35,-3.78,888,937,888,511396,466059665,72200658717,81033287,KSQ
000850,KR7000850008,화천기공,KOSPI,,32800,2,-200,-0.61,32950,32950,32000,10678,345423400,72160000000,2200000,STK
048430,KR7048430003,유라테크,KOSDAQ,우량기업부,6260,1,10,0.16,6200,6320,6100,25052,155246220,72115200000,11520000,KSQ
002720,KR7002720001,국제약품,KOSPI,,3400,2,-105,-3.0,3475,3545,3400,113606,392241260,71943428800,21159832,STK
007460,KR7007460009,에이프로젠,KOSPI,,3205,2,-115,-3.46,3320,3480,3200,182271,599418636,71864439410,22422602,STK
234920,KR7234920007,자이글,KOSDAQ,관리종목(소속부없음),5310,0,0,0.0,0,0,0,0,0,71849132100,13530910,KSQ
085310,KR7085310001,엔케이,KOSPI,,9650,2,-290,-2.92,9940,10240,9490,28372,272808385,71584414100,7418074,STK
096350,KR7096350004,대창솔루션,KOSDAQ,벤처기업부,1940,2,-95,-4.67,2040,2050,1920,245070,477323312,71498238280,36854762,KSQ
35320K,KR735320K011,대덕전자1우,KOSPI,,34100,2,-2350,-6.45,36400,36400,31800,40293,1349584025,71457197900,2095519,STK
032540,KR7032540007,TJ미디어,KOSDAQ,우량기업부,3415,1,185,5.73,3210,3590,3210,52213,180210882,71364665395,20897413,KSQ
241690,KR7241690007,유니테크노,KOSDAQ,우량기업부,2915,2,-20,-0.68,2915,2940,2840,60933,175928425,71332107990,24470706,KSQ
036000,KR7036000008,예림당,KOSDAQ,중견기업부,3095,2,-65,-2.06,3135,3280,3055,42400,130611340,71291087315,23034277,KSQ
033130,KR7033130006,디지틀조선,KOSDAQ,중견기업부,1920,1,30,1.59,1890,1965,1780,262731,494499454,71261312640,37115267,KSQ
373200,KR7373200005,엑스플러스,KOSDAQ,벤처기업부,2840,2,-130,-4.38,2975,2975,2715,70301,197088315,71122793080,25043237,KSQ
002800,KR7002800001,신신제약,KOSDAQ,우량기업부,4680,2,-15,-0.32,4695,4740,4590,26850,124802495,70997940000,15170500,KSQ
038680,KR7038680005,에스넷,KOSDAQ,우량기업부,3565,2,-155,-4.17,3690,3760,3555,153566,551165400,70988568730,19912642,KSQ
032850,KR7032850000,비트컴퓨터,KOSDAQ,벤처기업부,4265,2,-60,-1.39,4325,4385,4265,118621,511871592,70898344645,16623293,KSQ
094860,KR7094860004,네오리진,KOSDAQ,중견기업부,1334,1,3,0.23,1331,1371,1290,207264,277079723,70848758676,53110014,KSQ
126640,KR7126640002,화신정공,KOSDAQ,우량기업부,2020,1,20,1.0,1980,2090,1803,712805,1398262384,70812938200,35055910,KSQ
056360,KR7056360001,코위버,KOSDAQ,벤처기업부,7210,2,-530,-6.85,7510,7580,6970,173957,1243644670,70634928000,9796800,KSQ
013700,KR7013700000,까뮤이앤씨,KOSPI,,1180,1,15,1.29,1177,1188,1111,102527,119232660,70505979400,59750830,STK
204840,KR7204840003,지엘팜텍,KOSDAQ,기술성장기업부,908,2,-2,-0.22,915,926,880,121088,108841628,70414497448,77549006,KSQ
079980,KR7079980009,휴비스,KOSPI,,2040,1,35,1.75,2000,2195,1987,220859,446600737,70380000000,34500000,STK
315640,KR7315640003,딥노이드,KOSDAQ,기술성장기업부,2395,2,-25,-1.03,2415,2480,2320,104060,250214918,70346495640,29372232,KSQ
081180,KR7081180002,쎄크,KOSDAQ,기술성장기업부,7970,2,-150,-1.85,8120,8250,7700,96388,763020685,70339513950,8825535,KSQ
014470,KR7014470009,부방,KOSDAQ,벤처기업부,1171,2,-79,-6.32,1254,1255,1170,545813,655638292,70321196460,60052260,KSQ
187420,KR7187420005,HLB제넥스,KOSDAQ,기술성장기업부,2160,2,-55,-2.48,2285,2380,2150,123389,271933115,70317257760,32554286,KSQ
060310,KR7060310000,3S,KOSDAQ,벤처기업부,1325,2,-127,-8.75,1428,1428,1286,882515,1176948699,70303228000,53059040,KSQ
451250,KR7451250005,삐아,KOSDAQ,벤처기업부,6870,1,40,0.59,6800,6970,6730,18711,127589330,70251774990,10225877,KSQ
263600,KR7263600009,덕우전자,KOSDAQ,중견기업부,4405,2,-130,-2.87,4625,4625,4365,46239,205662690,70173015550,15930310,KSQ
105740,KR7105740005,디케이락,KOSDAQ,우량기업부,6900,2,-140,-1.99,7050,7050,6770,79179,543665290,70162739700,10168513,KSQ
140070,KR7140070004,서플러스글로벌,KOSDAQ,벤처기업부,1896,2,-89,-4.48,1969,1970,1850,79033,148731724,70129248000,36988000,KSQ
004720,KR7004720009,팜젠사이언스,KOSPI,,3090,2,-75,-2.37,3140,3230,3060,22907,71806942,70001987850,22654365,STK
081150,KR7081150005,티플랙스,KOSDAQ,중견기업부,2880,2,-25,-0.86,2890,2930,2850,179634,517638585,69892997760,24268402,KSQ
049480,KR7049480007,오픈베이스,KOSDAQ,우량기업부,2220,2,-35,-1.55,2210,2255,2180,248853,551419228,69757690260,31422383,KSQ
261780,KR7261780001,아리바이오랩,KOSDAQ,기술성장기업부,2590,2,-60,-2.26,2775,3020,2510,1435456,3822116880,69704659640,26912996,KSQ
064800,KR7064800006,포니링크,KOSDAQ,중견기업부,2725,2,-190,-6.52,2915,2960,2625,65215,178905270,69654975775,25561459,KSQ
039610,KR7039610001,화성밸브,KOSDAQ,우량기업부,6690,2,-370,-5.24,7060,7160,6610,63738,428992280,69645576000,10410400,KSQ
037440,KR7037440005,희림,KOSDAQ,우량기업부,5000,2,-60,-1.19,5020,5220,4955,229455,1156284020,69612375000,13922475,KSQ
073640,KR7073640005,테라사이언스,KOSDAQ,관리종목(소속부없음),654,0,0,0.0,0,0,0,0,0,69571715580,106378770,KSQ
007280,KR7007280001,한국특강,KOSPI,,2285,1,125,5.79,2200,2300,2100,54156,120018755,69479206675,30406655,STK
137950,KR7137950002,제이씨케미칼,KOSDAQ,우량기업부,3120,2,-60,-1.89,3180,3195,3035,136099,418516147,69475579680,22267814,KSQ
391710,KR7391710001,코닉오토메이션,KOSDAQ,벤처기업부,1630,2,-31,-1.87,1675,1675,1560,61523,99583311,69471366100,42620470,KSQ
083790,KR7083790006,CG인바이츠,KOSDAQ,벤처기업부,900,2,-40,-4.26,940,940,770,855084,708092421,69204763800,76894182,KSQ
196490,KR7196490007,디에이테크놀로지,KOSDAQ,투자주의환기종목(소속부없음),6090,0,0,0.0,0,0,0,0,0,69131518050,11351645,KSQ
478560,KR7478560006,블랙야크아이앤씨,KOSDAQ,벤처기업부,2675,2,-45,-1.65,2730,2730,2620,48699,129586531,69096047150,25830298,KSQ
016090,KR7016090003,대현,KOSPI,,1554,2,-22,-1.4,1575,1576,1549,83065,129357470,68814709740,44282310,STK
251630,KR7251630000,브이원텍,KOSDAQ,벤처기업부,4315,2,-150,-3.36,4430,4435,4155,67518,288312910,68793553090,15942886,KSQ
452200,KR7452200009,민테크,KOSDAQ,기술성장기업부,2835,2,-200,-6.59,2970,3015,2830,368657,1068269054,68699988000,24232800,KSQ
175140,KR7175140003,휴먼테크놀로지,KOSDAQ,투자주의환기종목(소속부없음),2750,2,-115,-4.01,2865,2900,2670,95399,261583041,68596695750,24944253,KSQ
347000,KR7347000002,센코,KOSDAQ,기술성장기업부,1813,2,-16,-0.87,1814,1827,1773,103997,185409677,68551063798,37810846,KSQ
092300,KR7092300003,현우산업,KOSDAQ,우량기업부,3400,2,-200,-5.56,3530,3555,3320,289649,991708550,68509561400,20149871,KSQ
013360,KR7013360003,일성건설,KOSPI,,1268,2,-8,-0.63,1274,1276,1230,166950,209169301,68503547840,54024880,STK
459100,KR7459100004,위츠,KOSDAQ,중견기업부,5070,2,-160,-3.06,5240,5240,4945,72226,364050445,68273127000,13466100,KSQ
347860,KR7347860009,알체라,KOSDAQ,중견기업부,1652,2,-59,-3.45,1689,1734,1620,279758,461694589,68229174356,41300953,KSQ
043710,KR7043710003,코스리거글로벌,KOSDAQ,중견기업부,3940,3,0,0.0,3940,4110,3900,3086,12252195,68211257880,17312502,KSQ
044340,KR7044340008,위닉스,KOSDAQ,중견기업부,3815,2,-330,-7.96,4145,4235,3800,104926,409813778,68187116375,17873425,KSQ
463480,KR7463480004,모티브링크,KOSDAQ,중견기업부,5490,2,-110,-1.96,5560,5610,5320,24517,132767280,68023065420,12390358,KSQ
222110,KR7222110009,팬젠,KOSDAQ,기술성장기업부,5030,2,-80,-1.57,5120,5150,4855,9202,45677120,67977980270,13514509,KSQ
007815,KR7007811003,코리아써우,KOSPI,,22900,2,-1050,-4.38,23950,23950,22500,800,18331600,67891401000,2964690,STK
417790,KR7417790003,트루엔,KOSDAQ,벤처기업부,6480,2,-50,-0.77,6550,6650,6310,14192,92863460,67835173680,10468391,KSQ
338100,KR7338100001,NH프라임리츠,KOSPI,,3630,2,-60,-1.63,3690,3795,3625,59646,218237267,67735800000,18660000,STK
443250,KR7443250006,레뷰코퍼레이션,KOSDAQ,벤처기업부,6080,1,70,1.16,5910,6300,5720,41896,249445910,67717580800,11137760,KSQ
332370,KR7332370006,아이디피,KOSDAQ,벤처기업부,5100,1,60,1.19,5140,5200,5030,43373,222456480,67696002600,13273726,KSQ
111710,KR7111710000,남화산업,KOSDAQ,중견기업부,3285,2,-95,-2.81,3445,3445,3250,3580,11740509,67631580000,20588000,KSQ
061250,KR7061250007,화일약품,KOSDAQ,우량기업부,8020,2,-10,-0.12,7950,8100,7380,48280,367338260,67509023680,8417584,KSQ
120115,KR7120111000,코오롱인더우,KOSPI,,24250,2,-450,-1.82,24700,24700,23950,8518,206182225,67120605000,2767860,STK
216050,KR7216050005,인크로스,KOSDAQ,중견기업부,5490,2,-30,-0.54,5650,5650,5450,59534,327679060,66970434780,12198622,KSQ
065530,KR7065530008,와이어블,KOSDAQ,우량기업부,1398,2,-58,-3.98,1445,1456,1375,131223,184263980,66878585082,47838759,KSQ
068290,KR7068290006,삼성출판사,KOSPI,,6680,2,-30,-0.45,6680,7240,6500,67861,459289700,66800000000,10000000,STK
162300,KR7162300008,신스틸,KOSDAQ,우량기업부,1608,2,-147,-8.38,1770,1770,1595,75488,125384465,66685982256,41471382,KSQ
299170,KR7299170001,더블유에스아이,KOSDAQ,중견기업부,1606,1,9,0.56,1597,1615,1561,205649,326812606,66667128528,41511288,KSQ
453860,KR7453860009,에이에스텍,KOSDAQ,벤처기업부,10320,2,-80,-0.77,10400,10420,10100,5715,58424570,66506445360,6444423,KSQ
061040,KR7061040002,알에프텍,KOSDAQ,중견기업부,7350,2,-740,-9.15,7500,8030,7210,27138,201853900,66504439050,9048223,KSQ
033230,KR7033230004,인성정보,KOSDAQ,중견기업부,1315,2,-54,-3.94,1367,1383,1299,317992,421134119,66427724700,50515380,KSQ
002795,KR7002791002,아모레퍼시픽홀딩스우,KOSPI,,10390,2,-60,-0.57,10450,10530,10270,7368,76183080,66300377080,6381172,STK
123420,KR7123420002,위메이드플레이,KOSDAQ,우량기업부,6280,2,-160,-2.48,6440,6440,6150,19816,123857105,66268657520,10552334,KSQ
109860,KR7109860007,동일금속,KOSDAQ,우량기업부,7280,3,0,0.0,7280,7290,7170,1052,7588860,66248000000,9100000,KSQ
191420,KR7191420009,테고사이언스,KOSDAQ,벤처기업부,8160,2,-400,-4.67,8560,8560,8150,11072,92020060,66168085440,8108834,KSQ
010660,KR7010660009,화천기계,KOSPI,,3005,2,-135,-4.3,3095,3145,2965,715861,2169784161,66110000000,22000000,STK
145170,KR7145170007,노브랜드,KOSDAQ,중견기업부,3900,2,-65,-1.64,3935,3945,3775,63016,242240391,65942779500,16908405,KSQ
100220,KR7100220003,비상교육,KOSPI,,5060,1,50,1.0,5010,5280,4930,70430,355597126,65763509460,12996741,STK
215360,KR7215360009,우리산업,KOSDAQ,우량기업부,7200,2,-150,-2.04,7180,7440,7060,22814,164141690,65751573600,9132163,KSQ
153710,KR7153710009,옵티팜,KOSDAQ,기술성장기업부,4475,2,-70,-1.54,4720,4720,4380,15959,70991475,65648062050,14669958,KSQ
009770,KR7009770009,삼정펄프,KOSPI,,26250,2,-300,-1.13,26700,26725,26100,1041,27418125,65624238750,2499971,STK
018500,KR7018500009,동원금속,KOSPI,,1398,2,-18,-1.27,1431,1431,1361,88454,123598545,65363396334,46754933,STK
067170,KR7067170001,오텍,KOSDAQ,중견기업부,2470,2,-185,-6.97,2510,2640,2445,565499,1409810301,65251736290,26417707,KSQ
155660,KR7155660004,DSR,KOSPI,,4075,1,10,0.25,4065,4075,3990,24627,99222535,65200000000,16000000,STK
003925,KR7003921004,남양유업우,KOSPI,,32600,2,-450,-1.36,33050,33350,32250,3645,119415050,65200000000,2000000,STK
053450,KR7053450003,세코닉스,KOSDAQ,우량기업부,4405,1,30,0.69,4380,4410,4155,130076,553479900,65162297215,14792803,KSQ
000220,KR7000220004,유유제약,KOSPI,,3820,1,80,2.14,3750,3890,3715,264766,1006025432,65063580820,17032351,STK
094940,KR7094940004,푸른로보틱스,KOSDAQ,벤처기업부,7750,2,-450,-5.49,8130,8160,7650,134282,1053698040,64800741500,8361386,KSQ
033320,KR7033320003,제이씨현시스템,KOSDAQ,벤처기업부,3390,2,-25,-0.73,3390,3440,3260,102276,340621525,64797924480,19114432,KSQ
010040,KR7010040004,한국내화,KOSPI,,1577,1,32,2.07,1545,1588,1501,71604,109549256,64762756774,41067062,STK
331380,KR7331380006,포커스에이아이,KOSDAQ,투자주의환기종목(소속부없음),1998,2,-67,-3.24,2065,2065,1956,44233,87310098,64758155022,32411489,KSQ
048910,KR7048910004,대원미디어,KOSDAQ,우량기업부,5140,2,-60,-1.15,5110,5270,5040,58592,299658060,64655782440,12578946,KSQ
046210,KR7046210001,HLB파나진,KOSDAQ,벤처기업부,1420,2,-33,-2.27,1438,1459,1409,47719,68096933,64649703200,45527960,KSQ
039020,KR7039020003,이건홀딩스,KOSDAQ,중견기업부,2860,2,-35,-1.21,2870,2895,2790,42595,120611655,64592267740,22584709,KSQ
027830,KR7027830009,대성창투,KOSDAQ,중견기업부,1196,2,-19,-1.56,1205,1221,1180,158039,190108073,64584000000,54000000,KSQ
024900,KR7024900003,디와이덕양,KOSPI,,1982,1,12,0.61,1931,2000,1913,134361,261946364,64543790360,32564980,STK
043650,KR7043650001,국순당,KOSDAQ,중견기업부,3600,1,60,1.69,3480,3600,3480,20961,73882475,64289894400,17858304,KSQ
084650,KR7084650001,랩지노믹스,KOSDAQ,중견기업부,864,2,-32,-3.57,890,940,835,1155774,1003860418,64143351360,74239990,KSQ
185490,KR7185490000,아이진,KOSDAQ,벤처기업부,1480,2,-25,-1.66,1520,1589,1444,695290,1050083435,63980080320,43229784,KSQ
311690,KR7311690002,CJ 바이오사이언스,KOSDAQ,기술성장기업부,4880,1,55,1.14,4890,5060,4700,31934,154713521,63759454560,13065462,KSQ
071090,KR7071090005,하이스틸,KOSPI,,3135,2,-130,-3.98,3185,3230,3090,220608,695186208,63300261585,20191471,STK
065440,KR7065440000,이루온,KOSDAQ,벤처기업부,2320,2,-175,-7.01,2465,2490,2290,447995,1042772183,63278046400,27275020,KSQ
214260,KR7214260002,라파스,KOSDAQ,기술성장기업부,7090,1,300,4.42,6790,7430,6710,58086,412021530,63260262670,8922463,KSQ
004540,KR7004540001,깨끗한나라,KOSPI,,1698,2,-24,-1.39,1730,1745,1694,23217,39600367,63234696714,37240693,STK
382150,KR7382150001,온코크로스,KOSDAQ,기술성장기업부,5180,2,-170,-3.18,5190,5410,5170,59245,311433900,63175057260,12195957,KSQ
155650,KR7155650005,와이엠씨,KOSDAQ,우량기업부,3325,2,-65,-1.92,3390,3410,3245,45803,151235270,63089740350,18974358,KSQ
109080,KR7109080002,옵티시스,KOSDAQ,벤처기업부,11190,2,-480,-4.11,11600,11610,10800,32201,356701055,63066840000,5636000,KSQ
003010,KR7003010006,혜인,KOSPI,,4960,2,-40,-0.8,5010,5020,4870,92149,454544462,63055225120,12712747,STK
217500,KR7217500008,러셀,KOSDAQ,벤처기업부,1980,2,-105,-5.04,2080,2080,1960,192636,384929481,62987760000,31812000,KSQ
094850,KR7094850005,참좋은여행,KOSDAQ,우량기업부,4490,2,-40,-0.88,4530,4550,4440,32118,144009217,62860000000,14000000,KSQ
080010,KR7080010002,이상네트웍스,KOSDAQ,중견기업부,6390,2,-240,-3.62,6630,6630,6330,13874,89248650,62846103690,9835071,KSQ
215790,KR7215790007,이노인스트루먼트,KOSDAQ,중견기업부,1560,2,-65,-4.0,1544,1865,1514,11725353,19998751621,62841712440,40283149,KSQ
042110,KR7042110007,에스씨디,KOSDAQ,우량기업부,1299,1,17,1.33,1282,1332,1278,156568,203550075,62780103636,48329564,KSQ
214270,KR7214270001,FSN,KOSDAQ,중견기업부,1387,2,-5,-0.36,1392,1419,1324,93439,127951439,62768109395,45254585,KSQ
250030,KR7250030004,진코스텍,KONEX,일반기업부,21700,1,2000,10.15,21000,22000,20500,1766,37943550,62754946100,2891933,KNX
006880,KR7006880009,신송홀딩스,KOSPI,,5300,2,-40,-0.75,5340,5400,5220,18503,97896245,62692947400,11828858,STK
246690,KR7246690002,TS인베스트먼트,KOSDAQ,중견기업부,1317,0,0,0.0,0,0,0,0,0,62631711633,47556349,KSQ
024910,KR7024910002,경창산업,KOSDAQ,중견기업부,1748,1,5,0.29,1706,1791,1695,150625,259957297,62611620740,35819005,KSQ
071670,KR7071670004,에이테크솔루션,KOSDAQ,중견기업부,6260,2,-230,-3.54,6250,6590,6060,45720,283897420,62600000000,10000000,KSQ
001840,KR7001840008,이화공영,KOSDAQ,관리종목(소속부없음),2215,0,0,0.0,0,0,0,0,0,62588831935,28256809,KSQ
060570,KR7060570009,드림어스컴퍼니,KOSDAQ,중견기업부,844,2,-27,-3.1,856,881,838,73135,62517171,62541727612,74101573,KSQ
089850,KR7089850002,유비벨록스,KOSDAQ,우량기업부,4245,2,-25,-0.59,4235,4270,4105,11815,49198895,62529694755,14730199,KSQ
012690,KR7012690004,모나리자,KOSPI,,1705,1,3,0.18,1671,1745,1671,69756,118648982,62353989775,36571255,STK
294090,KR7294090006,이오플로우,KOSDAQ,관리종목(소속부없음),1490,0,0,0.0,0,0,0,0,0,62295566450,41809105,KSQ
104620,KR7104620000,노랑풍선,KOSDAQ,중견기업부,3705,1,25,0.68,3680,3785,3675,66915,250320135,62283095160,16810552,KSQ
296160,KR7296160005,프로젠,KONEX,일반기업부,4050,1,65,1.63,3960,4200,3880,5388,21166525,62269069950,15375079,KNX
088280,KR7088280003,쏘닉스,KOSDAQ,기술성장기업부,3595,2,-275,-7.11,3960,3960,3560,154721,568180015,62216831550,17306490,KSQ
003780,KR7003780004,진양산업,KOSPI,,4785,2,-225,-4.49,5010,5510,4755,1100269,5607404900,62205000000,13000000,STK
456570,KR7456570001,아이엠지티,KONEX,일반기업부,11800,1,370,3.24,11500,11850,10200,320,3329390,62124687200,5264804,KNX
461030,KR7461030009,아이엠비디엑스,KOSDAQ,기술성장기업부,4325,2,-235,-5.15,4500,4570,4220,44597,195761772,61996786025,14334517,KSQ
012790,KR7012790002,신일제약,KOSDAQ,우량기업부,5170,3,0,0.0,5220,5400,5100,18778,96751380,61969765550,11986415,KSQ
452400,KR7452400005,이닉스,KOSDAQ,우량기업부,6830,2,-50,-0.73,6740,6900,6640,16655,111863720,61957853240,9071428,KSQ
039420,KR7039420005,케이엘넷,KOSDAQ,중견기업부,2690,1,20,0.75,2670,2730,2625,73471,196121189,61727413860,22946994,KSQ
009200,KR7009200007,무림페이퍼,KOSPI,,1483,1,7,0.47,1500,1526,1455,59665,87988110,61706606730,41609310,STK
192250,KR7192250009,케이사인,KOSDAQ,벤처기업부,8730,2,-380,-4.17,9100,9100,8730,55012,488886835,61696001250,7067125,KSQ
019990,KR7019990001,에너토크,KOSDAQ,중견기업부,6310,2,-230,-3.52,6680,6680,6160,72433,457151155,61560915280,9756088,KSQ
246960,KR7246960009,SCL사이언스,KOSDAQ,기술성장기업부,1809,2,-60,-3.21,1895,1900,1750,40695,72972340,61536838023,34017047,KSQ
271830,KR7271830002,팸텍,KOSDAQ,벤처기업부,2085,2,-275,-11.65,2500,3045,2050,30403510,81104519274,61487071170,29490202,KSQ
033560,KR7033560004,블루콤,KOSDAQ,중견기업부,3595,1,185,5.43,3395,3630,3395,48973,172726084,61474500000,17100000,KSQ
010240,KR7010240000,흥국,KOSDAQ,우량기업부,5250,3,0,0.0,5250,5270,5140,10371,54074320,61456500000,11706000,KSQ
014950,KR7014950000,삼익제약,KOSDAQ,벤처기업부,6140,1,80,1.32,6060,6660,6030,88964,563259350,61446590320,10007588,KSQ
198440,KR7198440000,강동씨앤엘,KOSDAQ,중견기업부,1005,2,-4,-0.4,1009,1012,955,73395,73267731,61236555480,60931896,KSQ
010770,KR7010770006,평화홀딩스,KOSPI,,4180,2,-235,-5.32,4415,4420,4140,84255,362268633,61134447880,14625466,STK
041460,KR7041460007,한국전자인증,KOSDAQ,중견기업부,3215,2,-60,-1.83,3245,3285,3170,70076,224988590,61085000000,19000000,KSQ
198080,KR7198080004,캐프,KOSDAQ,우량기업부,2835,2,-200,-6.59,3050,3050,2720,200048,568873295,61052249475,21535185,KSQ
099220,KR7099220006,SDN,KOSDAQ,중견기업부,939,2,-22,-2.29,961,974,916,423223,392619842,60982744650,64944350,KSQ
039240,KR7039240007,경남스틸,KOSDAQ,우량기업부,2260,2,-45,-1.95,2285,2340,2250,116696,264942139,60973905040,26979604,KSQ
088910,KR7088910005,동우팜투테이블,KOSDAQ,우량기업부,2350,1,50,2.17,2290,2440,2190,360564,839197720,60704645400,25831764,KSQ
378850,KR7378850002,화승알앤에이,KOSPI,,3195,1,55,1.75,3140,3195,3070,65164,203110796,60684625485,18993623,STK
004780,KR7004780003,대륙제관,KOSDAQ,우량기업부,3810,2,-35,-0.91,3905,3910,3740,28470,108196215,60591188190,15903199,KSQ
053050,KR7053050001,지에스이,KOSDAQ,우량기업부,2020,2,-10,-0.49,2005,2050,1983,196741,395295870,60574945940,29987597,KSQ
016250,KR7016250003,SGC E&C,KOSDAQ,중견기업부,12010,2,-250,-2.04,12310,12540,11600,8540,101256025,60494201860,5036986,KSQ
010470,KR7010470003,오리콤,KOSDAQ,우량기업부,5050,2,-30,-0.59,5080,5150,4950,43986,220349909,60474002500,11975050,KSQ
333620,KR7333620003,엔시스,KOSDAQ,벤처기업부,5490,2,-180,-3.17,5680,5680,5300,25410,138747160,60378525900,10997910,KSQ
111110,KR7111110003,호전실업,KOSPI,,6650,2,-30,-0.45,6770,6820,6610,7972,53376380,60288900000,9066000,STK
092780,KR7092780006,DYP,KOSPI,,4570,2,-85,-1.83,4615,4750,4330,44581,201465654,60179862200,13168460,STK
065130,KR7065130007,탑엔지니어링,KOSDAQ,중견기업부,3750,1,70,1.9,3720,3840,3605,84485,314852185,60015000000,16004000,KSQ
064240,KR7064240005,홈캐스트,KOSDAQ,벤처기업부,1727,2,-9,-0.52,1691,1748,1640,99919,169035433,59916971477,34694251,KSQ
004440,KR7004440004,삼일씨엔에스,KOSPI,,4705,2,-40,-0.84,4855,4855,4630,38225,179564620,59903810635,12731947,STK
033310,KR7033310004,엠투엔,KOSDAQ,중견기업부,1496,2,-4,-0.27,1426,1496,1419,125942,181264204,59798794176,39972456,KSQ
046940,KR7046940003,우원개발,KOSDAQ,우량기업부,3305,2,-90,-2.65,3440,3440,3145,84967,282270730,59735726750,18074350,KSQ
095270,KR7095270005,웨이브일렉트로,KOSDAQ,벤처기업부,4155,2,-240,-5.46,4495,4495,4130,155265,658319289,59717346930,14372406,KSQ
072130,KR7072130008,유엔젤,KOSPI,,4680,1,5,0.11,4700,4835,4610,51050,236846540,59414724720,12695454,STK
222420,KR7222420002,쎄노텍,KOSDAQ,벤처기업부,1224,2,-61,-4.75,1285,1285,1222,232124,287283854,59264272152,48418523,KSQ
049550,KR7049550007,잉크테크,KOSDAQ,우량기업부,3015,2,-85,-2.74,3145,3235,3010,9099,27617535,59112925155,19606277,KSQ
054930,KR7054930003,유신,KOSDAQ,우량기업부,19700,2,-400,-1.99,19780,20200,19570,13544,266998950,59100000000,3000000,KSQ
005670,KR7005670005,푸드웰,KOSDAQ,우량기업부,5910,2,-20,-0.34,5990,5990,5800,25344,148657080,59100000000,10000000,KSQ
004770,KR7004770004,써니전자,KOSPI,,1662,1,26,1.59,1600,1675,1597,357347,582015361,59013361956,35507438,STK
134580,KR7134580000,탑코미디어,KOSDAQ,중견기업부,1197,2,-94,-7.28,1180,1290,1180,51987,63028999,59005096353,49294149,KSQ
317690,KR7317690006,퀀타매트릭스,KOSDAQ,기술성장기업부,2930,2,-5,-0.17,2920,3045,2890,103538,306572710,58995634970,20135029,KSQ
007370,KR7007370000,진양제약,KOSDAQ,우량기업부,4170,1,20,0.48,4120,4255,4120,27359,113960280,58941227790,14134587,KSQ
317850,KR7317850006,대모,KOSDAQ,벤처기업부,7080,2,-130,-1.8,7180,7180,6970,46092,325227370,58936893600,8324420,KSQ
229000,KR7229000005,젠큐릭스,KOSDAQ,기술성장기업부,2510,2,-130,-4.92,2635,2705,2490,417731,1080434123,58804694150,23428165,KSQ
008370,KR7008370009,원풍,KOSDAQ,우량기업부,4895,2,-10,-0.2,4905,5020,4850,4177,20371510,58740000000,12000000,KSQ
136410,KR7136410008,아셈스,KOSDAQ,벤처기업부,5330,2,-50,-0.93,5390,5470,5210,27938,148318985,58731834980,11019106,KSQ
067920,KR7067920009,이글루,KOSDAQ,우량기업부,5340,2,-100,-1.84,5440,5440,5270,50146,267005655,58719275460,10996119,KSQ
241790,KR7241790005,티이엠씨씨엔에스,KOSDAQ,우량기업부,5850,2,-260,-4.26,6290,6290,5750,36320,212592540,58515408900,10002634,KSQ
004060,KR7004060000,SG세계물산,KOSPI,,2890,2,-110,-3.67,3010,3135,2845,150694,443903692,58500813440,20242496,STK
396690,KR7396690000,미래에셋글로벌리츠,KOSPI,,1476,1,48,3.36,1449,1514,1413,179573,265882416,58458367440,39605940,STK
446840,KR7446840001,지슨,KOSDAQ,기술성장기업부,1060,2,-72,-6.36,1132,1132,1048,96349,102885061,58388067980,55083083,KSQ
099520,KR7099520009,DGI,KOSDAQ,관리종목(소속부없음),1284,0,0,0.0,0,0,0,0,0,58141862016,45281824,KSQ
288620,KR7288620008,에스프리즘,KOSDAQ,벤처기업부,8310,2,-890,-9.67,9200,9420,8230,46862,401746595,57998115960,6979316,KSQ
352910,KR7352910004,오비고,KOSDAQ,기술성장기업부,4580,2,-250,-5.18,4710,4830,4300,31222,142710395,57881133160,12637802,KSQ
384470,KR7384470001,코어라인소프트,KOSDAQ,기술성장기업부,3225,1,395,13.96,2830,3395,2765,416779,1334070817,57878081700,17946692,KSQ
263690,KR7263690000,디알젬,KOSDAQ,우량기업부,5100,1,30,0.59,5140,5140,5000,26479,133791840,57760611000,11325610,KSQ
0013V0,KR70013V0002,삼진식품,KOSDAQ,중견기업부,5820,1,170,3.01,5650,6040,5500,138969,804978955,57726577920,9918656,KSQ
163280,KR7163280001,에어레인,KOSDAQ,기술성장기업부,4240,2,-175,-3.96,4350,4410,4170,89834,383590635,57677050720,13603078,KSQ
053620,KR7053620001,태양,KOSDAQ,우량기업부,6690,2,-10,-0.15,6700,6740,6600,5180,34518280,57534000000,8600000,KSQ
245620,KR7245620000,EDGC,KOSDAQ,관리종목(소속부없음),415,0,0,0.0,0,0,0,0,0,57474989665,138493951,KSQ
347740,KR7347740003,피엔케이피부임상연구센타,KOSDAQ,벤처기업부,1915,1,1,0.05,1915,1939,1886,96129,182531789,57470253040,30010576,KSQ
180060,KR7180060006,탑선,KONEX,일반기업부,6140,1,10,0.16,6150,6150,5820,17081,101976010,57394669240,9347666,KNX
036670,KR7036670008,삼양케이씨아이,KOSDAQ,우량기업부,5090,1,10,0.2,5080,5110,5000,14462,72824600,57364300000,11270000,KSQ
002630,KR7002630002,오리엔트바이오,KOSPI,,483,0,0,0.0,0,0,0,0,0,57275591415,118583005,STK
036090,KR7036090009,위지트,KOSDAQ,중견기업부,1449,2,-86,-5.6,1533,1533,1449,406659,602251133,57183473655,39464095,KSQ
273060,KR7273060004,와이즈버즈,KOSDAQ,중견기업부,1133,2,-43,-3.66,1173,1194,1122,306811,353405053,57170706406,50459582,KSQ
129260,KR7129260006,인터지스,KOSPI,,1921,2,-6,-0.31,1925,1956,1901,26234,50445822,57145665954,29747874,STK
104040,KR7104040001,디에스엠,KOSDAQ,벤처기업부,2130,1,131,6.55,1983,2180,1900,86891,180615742,57112893450,26813565,KSQ
219550,KR7219550001,디와이디,KOSDAQ,관리종목(소속부없음),1473,1,2,0.14,1471,1517,1401,57169,83693626,56965706088,38673256,KSQ
045340,KR7045340007,토탈소프트,KOSDAQ,벤처기업부,6650,2,-70,-1.04,6620,6720,6500,52446,345751380,56910966000,8558040,KSQ
092440,KR7092440007,기신정기,KOSPI,,1944,2,-51,-2.56,1995,2025,1880,131878,259129156,56764800000,29200000,STK
014910,KR7014910004,성문전자,KOSPI,,2595,2,-250,-8.79,2825,2825,2500,921426,2390842808,56719581915,21857257,STK
424980,KR7424980001,마이크로투나노,KOSDAQ,기술성장기업부,9540,2,-560,-5.54,10100,10100,9350,36234,345383860,56466210600,5918890,KSQ
000725,KR7000721001,현대건설우,KOSPI,,53500,2,-2500,-4.46,56000,56000,53000,6878,370396900,56426075500,1054693,STK
348080,KR7348080003,큐라티스,KOSDAQ,중견기업부,487,2,-9,-1.81,496,501,447,88329,41937248,56224043347,115449781,KSQ
199550,KR7199550005,레이저옵텍,KOSDAQ,벤처기업부,3775,2,-155,-3.94,3640,4000,3640,34284,130652305,56042861025,14845791,KSQ
036120,KR7036120004,서울평가정보,KOSDAQ,중견기업부,1593,2,-27,-1.67,1635,1635,1578,191648,306559846,55985985000,35145000,KSQ
004830,KR7004830006,덕성,KOSPI,,3570,2,-205,-5.43,3730,3790,3520,177102,633877066,55977600000,15680000,STK
005305,KR7005301007,롯데칠성우,KOSPI,,72200,2,-100,-0.14,72300,73100,70500,1869,133037400,55977382000,775310,STK
021050,KR7021050000,서원,KOSPI,,1178,2,-22,-1.83,1211,1211,1150,448816,526662486,55925067020,47474590,STK
100030,KR7100030006,인지소프트,KOSDAQ,중견기업부,17020,2,-200,-1.16,17210,17390,16200,9670,163174370,55888812280,3283714,KSQ
317530,KR7317530004,에피소드컴퍼니,KOSDAQ,기술성장기업부,3185,2,-160,-4.78,3345,3345,2995,37160,114576385,55721199170,17494882,KSQ
095910,KR7095910006,에스에너지,KOSDAQ,중견기업부,1493,2,-43,-2.8,1536,1552,1471,298357,445332776,55684285137,37296909,KSQ
006980,KR7006980007,우성,KOSPI,,18010,2,-80,-0.44,17950,18700,17950,5336,97805755,55650900000,3090000,STK
027050,KR7027050004,코리아나,KOSDAQ,중견기업부,1390,2,-71,-4.86,1435,1470,1390,159196,229112258,55600000000,40000000,KSQ
340930,KR7340930007,유일에너테크,KOSDAQ,관리종목(소속부없음),806,0,0,0.0,0,0,0,0,0,55513882710,68875785,KSQ
073110,KR7073110009,엘엠에스,KOSDAQ,벤처기업부,6200,1,300,5.08,5900,6280,5840,25946,156529470,55153681000,8895755,KSQ
072990,KR7072990005,에이치시티,KOSDAQ,우량기업부,3800,2,-35,-0.91,3805,3840,3700,16648,62448855,55093182800,14498206,KSQ
001550,KR7001550003,조비,KOSPI,,10590,2,-90,-0.84,10680,10880,10250,28703,303401540,54985811010,5192239,STK
278650,KR7278650007,HLB바이오스텝,KOSDAQ,중견기업부,3150,1,35,1.12,3120,3195,3020,57196,176698864,54912047400,17432396,KSQ
435570,KR7435570007,에르코스,KOSDAQ,벤처기업부,7200,1,530,7.95,6380,7400,6380,43015,296050700,54842277600,7616983,KSQ
072470,KR7072470008,우리산업홀딩스,KOSDAQ,중견기업부,2900,2,-10,-0.34,2860,3000,2800,33235,94308105,54773288900,18887341,KSQ
217480,KR7217480003,에스디생명공학,KOSDAQ,투자주의환기종목(소속부없음),499,0,0,0.0,0,0,0,0,0,54756837359,109733141,KSQ
372910,KR7372910000,한컴라이프케어,KOSPI,,1977,2,-38,-1.89,2015,2020,1941,43535,85486046,54712300662,27674406,STK
040610,KR7040610008,SG&G,KOSDAQ,중견기업부,3210,2,-55,-1.68,3350,3350,3110,31537,99450750,54709949580,17043598,KSQ
002760,KR7002760007,보락,KOSPI,,913,1,1,0.11,904,925,904,48049,43799106,54688700000,59900000,STK
147760,KR7147760003,피엠티,KOSDAQ,벤처기업부,5050,2,-750,-12.93,5590,5930,5050,100817,538894280,54640323300,10819866,KSQ
004450,KR7004450003,삼화왕관,KOSPI,,25350,3,0,0.0,25950,25950,25300,334,8504000,54613507650,2154379,STK
294140,KR7294140009,레몬,KOSDAQ,관리종목(소속부없음),2435,2,-125,-4.88,2750,2750,2400,37735,92575605,54580081830,22414818,KSQ
009835,KR7009831009,한화솔루션우,KOSPI,,21150,2,-950,-4.3,22100,22100,21050,5116,108941200,54468631350,2575349,STK
291650,KR7291650000,압타머사이언스,KOSDAQ,기술성장기업부,891,2,-1,-0.11,892,1000,861,134509,120316033,54385964622,61039242,KSQ
054300,KR7054300009,팬스타엔터프라이즈,KOSDAQ,벤처기업부,939,2,-25,-2.59,995,995,930,143051,135744530,54340817355,57870945,KSQ
444530,KR7444530000,심플랫폼,KOSDAQ,기술성장기업부,8460,2,-90,-1.05,8550,8620,7900,45274,372453070,54301728240,6418644,KSQ
290670,KR7290670009,대보마그네틱,KOSDAQ,중견기업부,6910,2,-460,-6.24,6930,7230,6670,26679,182729040,54296430600,7857660,KSQ
075180,KR7075180000,새론오토모티브,KOSPI,,2820,1,30,1.08,2790,2820,2755,14549,40514675,54144000000,19200000,STK
053350,KR7053350005,이니텍,KOSDAQ,중견기업부,2455,1,90,3.81,2365,2570,2285,65921,160279340,54061714575,22021065,KSQ
305090,KR7305090003,마이크로디지탈,KOSDAQ,기술성장기업부,2900,1,175,6.42,2700,2980,2700,140902,401925757,53925659500,18595055,KSQ
001620,KR7001620004,케이비아이동국실업,KOSPI,,2420,2,-65,-2.62,2485,2485,2360,82255,197305790,53865826520,22258606,STK
001465,KR7001461003,BYC우,KOSPI,,25000,2,-100,-0.4,24900,25000,23950,798,19546300,53846250000,2153850,STK
104540,KR7104540000,코렌텍,KOSDAQ,기술성장기업부,4210,2,-95,-2.21,4270,4305,4180,29204,123342375,53827965400,12785740,KSQ
256630,KR7256630005,포인트엔지니어링,KOSDAQ,벤처기업부,4640,1,20,0.43,4620,4730,4405,6221,27990645,53821280960,11599414,KSQ
460870,KR7460870009,에스엠씨지,KOSDAQ,벤처기업부,2680,2,-145,-5.13,2800,2850,2650,167498,456091785,53796454720,20073304,KSQ
471820,KR7471820001,셀로맥스사이언스,KOSDAQ,벤처기업부,4735,2,-125,-2.57,4810,4820,4730,11982,56888905,53519132065,11302879,KSQ
480370,KR7480370006,씨케이솔루션,KOSPI,,1646,2,-49,-2.89,1685,1703,1611,71056,116975313,53464397568,32481408,STK
214330,KR7214330003,금호에이치티,KOSPI,,2555,2,-90,-3.4,2625,2655,2555,51390,133171631,53434909745,20913859,STK
002410,KR7002410009,범양건영,KOSPI,,1935,0,0,0.0,0,0,0,0,0,53173451700,27479820,STK
050960,KR7050960004,수산아이앤티,KOSDAQ,벤처기업부,7870,2,-170,-2.11,7980,8090,7850,8376,66788890,53130370000,6751000,KSQ
038010,KR7038010005,제일테크노스,KOSDAQ,우량기업부,5900,2,-90,-1.5,5850,5970,5850,14100,83118830,53100000000,9000000,KSQ
015710,KR7015710007,코콤,KOSDAQ,우량기업부,3025,2,-55,-1.79,3080,3110,2995,16874,50943334,53029762500,17530500,KSQ
460470,KR7460470008,아이빔테크놀로지,KOSDAQ,기술성장기업부,3495,2,-250,-6.68,3745,3825,3455,68273,244266969,52842198150,15119370,KSQ
159580,KR7159580000,제로투세븐,KOSDAQ,중견기업부,2635,2,-55,-2.04,2690,2690,2540,38456,99811072,52785995860,20032636,KSQ
950200,KR8840150005,소마젠,KOSDAQ,외국기업(소속부없음),2740,2,-95,-3.35,2875,2875,2720,14859,40903008,52706785220,19236053,KSQ
053270,KR7053270005,구영테크,KOSDAQ,우량기업부,1922,2,-54,-2.73,1935,1977,1891,166880,319442244,52682798410,27410405,KSQ
303360,KR7303360002,프로티아,KOSDAQ,기술성장기업부,4090,1,220,5.68,3960,4115,3800,25407,100167695,52678034350,12879715,KSQ
207760,KR7207760000,미스터블루,KOSDAQ,중견기업부,632,2,-54,-7.87,626,685,625,574987,370135932,52506422856,83079783,KSQ
097800,KR7097800007,윈팩,KOSDAQ,중견기업부,1923,2,-72,-3.61,1995,2025,1900,78892,152464346,52478756535,27290045,KSQ
373160,KR7373160001,데이원컴퍼니,KOSDAQ,기술성장기업부,3800,3,0,0.0,3770,3900,3710,12723,48213960,52468382200,13807469,KSQ
170790,KR7170790000,파이오링크,KOSDAQ,우량기업부,8200,3,0,0.0,8300,8400,8050,21871,179102910,52458147000,6397335,KSQ
479960,KR7479960007,위너스일렉,KOSDAQ,중견기업부,7650,2,-130,-1.67,7510,7780,7450,20327,153744830,52410150000,6851000,KSQ
099410,KR7099410003,동방선기,KOSDAQ,벤처기업부,3740,2,-95,-2.48,3835,3910,3595,106731,394654755,52360000000,14000000,KSQ
122310,KR7122310006,제노레이,KOSDAQ,우량기업부,3595,2,-100,-2.71,3840,3840,3480,23471,83753492,52321069180,14553844,KSQ
023810,KR7023810005,인팩,KOSPI,,5230,2,-80,-1.51,5250,5370,5100,23190,120356560,52300000000,10000000,STK
052220,KR7052220001,iMBC,KOSDAQ,중견기업부,2265,2,-60,-2.58,2345,2345,2245,62390,141460737,52095000000,23000000,KSQ
260930,KR7260930003,씨티케이,KOSDAQ,중견기업부,2690,2,-70,-2.54,2760,2765,2625,29340,79085446,52028879790,19341591,KSQ
006370,KR7006370001,대구백화점,KOSPI,,4800,1,110,2.35,4690,4890,4615,25518,120688130,51943732800,10821611,STK
419080,KR7419080007,엔젯,KOSDAQ,기술성장기업부,4860,2,-220,-4.33,5040,5350,4785,40729,197121115,51929765820,10685137,KSQ
003475,KR7003471000,유안타증권우,KOSPI,,4030,2,-15,-0.37,4065,4080,3980,34666,139696047,51629821100,12811370,STK
096610,KR7096610001,알에프세미,KOSDAQ,투자주의환기종목(소속부없음),2965,0,0,0.0,0,0,0,0,0,51550708615,17386411,KSQ
011390,KR7011390002,부산산업,KOSPI,,48500,2,-400,-0.82,48000,50600,46300,5126,247545825,51216000000,1056000,STK
360350,KR7360350003,코셈,KOSDAQ,기술성장기업부,8910,2,-500,-5.31,9310,9530,7550,298919,2428970035,51125312700,5737970,KSQ
408900,KR7408900009,스튜디오미르,KOSDAQ,중견기업부,1557,2,-26,-1.64,1613,1613,1513,163280,250225756,50996310453,32752929,KSQ
020760,KR7020760005,일진디스플,KOSPI,,902,0,0,0.0,0,0,0,0,0,50984432422,56523761,STK
082210,KR7082210006,옵트론텍,KOSDAQ,중견기업부,1456,1,26,1.82,1430,1549,1360,194660,279904133,50906608480,34963330,KSQ
177900,KR7177900008,쓰리에이로직스,KOSDAQ,기술성장기업부,5280,2,-400,-7.04,5680,5710,5280,91486,493781235,50833728000,9627600,KSQ
299900,KR7299900001,위지윅스튜디오,KOSDAQ,중견기업부,297,1,2,0.68,293,305,271,251450,72453369,50801518548,171048884,KSQ
053980,KR7053980009,오상자이엘,KOSDAQ,우량기업부,2670,1,10,0.38,2690,2695,2590,43208,113954419,50684030610,18982783,KSQ
004920,KR7004920005,씨아이테크,KOSPI,,970,2,-10,-1.02,989,1009,955,239761,233460134,50614475840,52179872,STK
060560,KR7060560000,HC홈센타,KOSDAQ,중견기업부,1987,1,2,0.1,1985,1995,1910,51295,100312746,50445957987,25388001,KSQ
393970,KR7393970009,대진첨단소재,KOSDAQ,관리종목(소속부없음),2825,0,0,0.0,0,0,0,0,0,50428566500,17850820,KSQ
068330,KR7068330000,일신바이오,KOSDAQ,중견기업부,1140,2,-11,-0.96,1140,1168,1121,93169,105743151,50406399600,44216140,KSQ
378800,KR7378800007,샤페론,KOSDAQ,기술성장기업부,1090,2,-28,-2.5,1110,1120,1073,318471,347903141,50404903790,46243031,KSQ
318160,KR7318160009,셀바이오휴먼텍,KOSDAQ,벤처기업부,5390,2,-70,-1.28,5500,5870,5390,40012,224134130,50329195070,9337513,KSQ
277070,KR7277070009,린드먼아시아,KOSDAQ,중견기업부,3660,1,15,0.41,3895,3895,3575,31842,117085475,50112720000,13692000,KSQ
065500,KR7065500001,오리엔트정공,KOSDAQ,중견기업부,1507,2,-23,-1.5,1517,1531,1481,121238,182201151,50097068384,33242912,KSQ
025530,KR7025530007,SJM홀딩스,KOSPI,,3350,2,-90,-2.62,3445,3445,3335,42894,143604302,50028926800,14934008,STK
127980,KR7127980001,화인써키트,KOSDAQ,중견기업부,4220,1,195,4.84,4035,4235,3825,20135,81323377,49967686480,11840684,KSQ
321820,KR7321820003,아티스트컴퍼니,KOSDAQ,기술성장기업부,3200,2,-430,-11.85,3630,3630,3150,249960,824932200,49892403200,15591376,KSQ
317870,KR7317870004,엔바이오니아,KOSDAQ,기술성장기업부,5640,2,-210,-3.59,5850,5850,5530,8562,48107310,49868287800,8841895,KSQ
226330,KR7226330009,신테카바이오,KOSDAQ,기술성장기업부,2055,1,20,0.98,2030,2075,1985,123253,250690596,49851166125,24258475,KSQ
189690,KR7189690001,포시에스,KOSDAQ,벤처기업부,1823,2,-47,-2.51,1870,1871,1798,37215,67675717,49807949487,27321969,KSQ
123700,KR7123700007,SJM,KOSPI,,3190,2,-160,-4.78,3350,3400,3175,36942,118678740,49779624620,15604898,STK
002140,KR7002140002,고려산업,KOSPI,,1990,2,-5,-0.25,1999,2005,1970,68683,136496222,49629455750,24939425,STK
413640,KR7413640004,비아이매트릭스,KOSDAQ,벤처기업부,6870,2,-80,-1.15,6950,6960,6720,25267,171523175,49511677800,7206940,KSQ
058730,KR7058730003,다스코,KOSPI,,2480,3,0,0.0,2480,2540,2425,81073,199479215,49471588080,19948221,STK
361570,KR7361570005,알비더블유,KOSDAQ,중견기업부,1720,1,20,1.18,1736,1736,1649,20068,33699892,49438460520,28743291,KSQ
261520,KR7261520001,이지스,KOSDAQ,기술성장기업부,4810,2,-165,-3.32,4935,5000,4800,29668,144086305,49436218000,10277800,KSQ
000910,KR7000910000,유니온,KOSPI,,3165,2,-60,-1.86,3340,3340,3160,45143,143610387,49410774135,15611619,STK
451700,KR7451700009,엔에이치스팩29호,KOSDAQ,SPAC(소속부없음),3440,0,0,0.0,0,0,0,0,0,49364000000,14350000,KSQ
417860,KR7417860004,오브젠,KOSDAQ,벤처기업부,10500,1,1000,10.53,10000,12350,10000,2313534,27119980330,49317513000,4696906,KSQ
440290,KR7440290005,HB인베스트먼트,KOSDAQ,중견기업부,1792,2,-8,-0.44,1800,1807,1751,61048,108175219,49291522560,27506430,KSQ
003465,KR7003461001,유화증권우,KOSPI,,2820,2,-255,-8.29,3150,3150,2820,7648,22127535,49283518500,17476425,STK
041650,KR7041650003,상신브레이크,KOSPI,,2295,2,-55,-2.34,2335,2360,2280,57886,134045845,49276977750,21471450,STK
016600,KR7016600009,큐캐피탈,KOSDAQ,중견기업부,3455,1,85,2.52,3345,3540,3290,95504,324132056,49267498440,14259768,KSQ
179530,KR7179530001,애드바이오텍,KOSDAQ,기술성장기업부,2500,2,-95,-3.66,2675,2765,2500,121811,320755782,49199075000,19679630,KSQ
053160,KR7053160008,프리엠스,KOSDAQ,중견기업부,8190,2,-160,-1.92,8350,8570,8000,35511,295094710,49140000000,6000000,KSQ
023350,KR7023350002,한국종합기술,KOSPI,,4480,2,-25,-0.55,4600,4600,4390,21283,94222680,49056000000,10950000,STK
137080,KR7137080008,나래나노텍,KOSDAQ,중견기업부,4435,2,-50,-1.11,4485,4485,4335,6332,27844640,49048536570,11059422,KSQ
432430,KR7432430007,와이랩,KOSDAQ,기술성장기업부,2965,2,-15,-0.5,2945,3190,2810,50889,150814370,48947168800,16508320,KSQ
063440,KR7063440002,SM Life Design,KOSDAQ,중견기업부,1080,2,-12,-1.1,1090,1124,1067,159622,174564479,48944913120,45319364,KSQ
104200,KR7104200001,NHN벅스,KOSDAQ,중견기업부,3300,1,35,1.07,3300,3390,3170,87034,288937910,48930915000,14827550,KSQ
219420,KR7219420007,링크제니시스,KOSDAQ,기술성장기업부,4265,2,-260,-5.75,4500,4520,4130,124576,538314930,48917447355,11469507,KSQ
238120,KR7238120000,얼라인드,KOSDAQ,기술성장기업부,3400,2,-110,-3.13,3520,3520,3390,18612,63714090,48888246400,14378896,KSQ
047400,KR7047400007,유니온머티리얼,KOSPI,,1164,2,-43,-3.56,1218,1218,1151,252708,296910262,48888000000,42000000,STK
051390,KR7051390003,YW,KOSDAQ,중견기업부,4305,1,115,2.74,4300,4305,4000,15386,62999013,48884859240,11355368,KSQ
011230,KR7011230000,삼화전자,KOSPI,,2550,2,-175,-6.42,2620,2645,2390,1256894,3167265564,48872751750,19165785,STK
393210,KR7393210000,토마토시스템,KOSDAQ,기술성장기업부,3125,2,-105,-3.25,3200,3350,3050,43635,135916475,48795450000,15614544,KSQ
007680,KR7007680002,대원,KOSDAQ,중견기업부,3620,1,70,1.97,3595,3800,3510,26585,97346926,48676235880,13446474,KSQ
196450,KR7196450001,코아시아씨엠,KOSDAQ,중견기업부,1070,2,-33,-2.99,1129,1129,1053,148223,160100306,48491952740,45319582,KSQ
466410,KR7466410008,사이냅소프트,KOSDAQ,벤처기업부,9620,2,-120,-1.23,9790,9790,9540,12870,123997710,48456161260,5037023,KSQ
033170,KR7033170002,시그네틱스,KOSDAQ,중견기업부,564,2,-19,-3.26,600,608,548,529111,296862038,48350771916,85728319,KSQ
037330,KR7037330008,인지디스플레,KOSDAQ,우량기업부,1100,2,-39,-3.42,1139,1139,1090,67008,73886445,48273746400,43885224,KSQ
184230,KR7184230001,SGA솔루션즈,KOSDAQ,벤처기업부,2555,2,-205,-7.43,2700,2710,2520,397664,1043077563,48258786345,18887979,KSQ
189860,KR7189860000,서전기전,KOSDAQ,벤처기업부,4970,2,-230,-4.42,5230,5230,4840,95126,470585310,48202936600,9698780,KSQ
37550K,KR737550K011,DL이앤씨우,KOSPI,,22750,2,-500,-2.15,23250,23250,22250,6357,143452100,48090883750,2113885,STK
038070,KR7038070009,서린바이오,KOSDAQ,중견기업부,5170,2,-160,-3.0,5260,5330,5120,55784,288871340,48084494920,9300676,KSQ
065170,KR7065170003,비엘팜텍,KOSDAQ,투자주의환기종목(소속부없음),1721,2,-19,-1.09,1740,1752,1645,201085,344522095,48039637753,27913793,KSQ
105550,KR7105550008,엣지파운드리,KOSDAQ,중견기업부,613,1,23,3.9,590,616,567,398351,235383833,48002222263,78307051,KSQ
082660,KR7082660002,코스나인,KOSDAQ,관리종목(소속부없음),480,0,0,0.0,0,0,0,0,0,47827617120,99640869,KSQ
476080,KR7476080007,M83,KOSDAQ,중견기업부,5920,2,-1840,-23.71,8380,9640,5880,6795583,54237374360,47815840000,8077000,KSQ
143540,KR7143540003,영우디에스피,KOSDAQ,벤처기업부,1072,1,17,1.61,1055,1092,1000,225178,236312203,47811087440,44599895,KSQ
014190,KR7014190003,원익큐브,KOSDAQ,우량기업부,1350,2,-37,-2.67,1387,1436,1348,112052,152105914,47783345850,35395071,KSQ
037230,KR7037230000,한국팩키지,KOSDAQ,우량기업부,1599,2,-48,-2.91,1619,1682,1599,43367,70303917,47650722873,29800327,KSQ
418250,KR7418250007,시큐레터,KOSDAQ,관리종목(소속부없음),6550,0,0,0.0,0,0,0,0,0,47629012750,7271605,KSQ
089790,KR7089790000,제이티,KOSDAQ,벤처기업부,4605,2,-255,-5.25,4750,4750,4300,158230,728042056,47502937365,10315513,KSQ
090080,KR7090080003,평화산업,KOSPI,,865,2,-11,-1.26,876,889,845,189524,162043243,47490454035,54902259,STK
459550,KR7459550000,알트,KOSDAQ,중견기업부,1878,4,433,29.97,1445,1878,1431,7197365,12748260791,47364589158,25220761,KSQ
114450,KR7114450000,그린생명과학,KOSDAQ,벤처기업부,2355,2,-40,-1.67,2375,2465,2315,502837,1204071788,47100000000,20000000,KSQ
189980,KR7189980006,흥국에프엔비,KOSDAQ,우량기업부,1173,1,8,0.69,1168,1200,1156,112083,131079932,47081671071,40137827,KSQ
458350,KR7458350006,에스팀,KOSDAQ,중견기업부,5420,2,-170,-3.04,5590,5830,5280,38933,214174375,47062944000,8683200,KSQ
023440,KR7023440001,제이스코홀딩스,KOSDAQ,관리종목(소속부없음),521,0,0,0.0,0,0,0,0,0,46964378481,90142761,KSQ
038060,KR7038060000,루멘스,KOSDAQ,중견기업부,976,2,-32,-3.17,1008,1025,945,323861,314078882,46948595344,48103069,KSQ
066670,KR7066670001,디티씨,KOSDAQ,중견기업부,2510,2,-145,-5.46,2600,2630,2415,33975,86523112,46916714180,18691918,KSQ
357250,KR7357250000,미래에셋맵스리츠,KOSPI,,1877,1,25,1.35,1852,1877,1852,31800,59430448,46915812085,24995105,STK
153460,KR7153460001,네이블,KOSDAQ,중견기업부,7150,1,90,1.27,7060,7150,6530,22323,151004590,46689600100,6530014,KSQ
006125,KR7006121008,SK디스커버리우,KOSPI,,37900,2,-50,-0.13,37900,37950,37150,877,33012525,46681619500,1231705,STK
042940,KR7042940007,상지건설,KOSDAQ,중견기업부,6820,2,-220,-3.13,7040,7040,6600,63732,435695030,46571815840,6828712,KSQ
232830,KR7232830000,아이티센피엔에스,KOSDAQ,벤처기업부,2815,2,-170,-5.7,2985,2985,2700,82429,234555188,46542438690,16533726,KSQ
052790,KR7052790003,액토즈소프트,KOSDAQ,중견기업부,4260,2,-30,-0.7,4320,4320,4145,30467,129231436,46538570220,10924547,KSQ
196300,KR7196300008,HLB펩,KOSDAQ,관리종목(소속부없음),4960,2,-80,-1.59,5200,5200,4685,17484,84043302,46507137440,9376439,KSQ
094970,KR7094970001,제이엠티,KOSDAQ,벤처기업부,2775,2,-45,-1.6,2820,2820,2695,145766,400041893,46476366000,16748240,KSQ
369370,KR7369370002,블리츠웨이엔터테인먼트,KOSDAQ,벤처기업부,931,2,-32,-3.32,962,970,930,62366,59199307,46430749141,49871911,KSQ
069460,KR7069460004,대호에이엘,KOSPI,,2660,0,0,0.0,0,0,0,0,0,46322277400,17414390,STK
009320,KR7009320003,아진전자부품,KOSPI,,938,2,-7,-0.74,945,969,876,321287,297912693,46243184260,49299770,STK
065650,KR7065650004,하이퍼코퍼레이션,KOSDAQ,중견기업부,2110,0,0,0.0,0,0,0,0,0,46192067250,21891975,KSQ
017180,KR7017180001,명문제약,KOSPI,,1360,2,-13,-0.95,1387,1387,1320,86324,116183912,46176697440,33953454,STK
006490,KR7006490007,인스코비,KOSPI,,312,2,-11,-3.41,323,332,306,309666,97268128,46140468192,147886116,STK
351330,KR7351330006,이삭엔지니어링,KOSDAQ,벤처기업부,5550,2,-270,-4.64,5780,5780,5350,38251,211398070,46001286000,8288520,KSQ
314140,KR7314140005,알피바이오,KOSDAQ,우량기업부,5300,1,240,4.74,5050,5750,5010,65823,357398500,45931713300,8666361,KSQ
190650,KR7190650002,코리아에셋투자증권,KOSDAQ,우량기업부,7190,2,-110,-1.51,7310,7370,7150,7187,52282315,45929720000,6388000,KSQ
28513K,KR728513K010,SK케미칼우,KOSPI,,21650,2,-500,-2.26,22850,22850,21150,7354,157860150,45799037850,2115429,STK
234100,KR7234100006,폴라리스세원,KOSDAQ,우량기업부,3130,2,-40,-1.26,3170,3190,3005,49467,153503762,45703120680,14601636,KSQ
420570,KR7420570004,제이투케이바이오,KOSDAQ,벤처기업부,7810,2,-160,-2.01,7970,7970,7520,24072,184638290,45668842230,5847483,KSQ
024950,KR7024950008,삼천리자전거,KOSDAQ,중견기업부,3680,2,-65,-1.74,3745,3780,3615,30765,112830823,45632000000,12400000,KSQ
006920,KR7006920003,모헨즈,KOSDAQ,중견기업부,4175,1,935,28.86,3220,4210,2990,3520281,13472955514,45591000000,10920000,KSQ
070300,KR7070300009,엑스큐어,KOSDAQ,중견기업부,1282,2,-8,-0.62,1290,1290,1217,177826,221870154,45542702578,35524729,KSQ
465480,KR7465480002,인스피언,KOSDAQ,벤처기업부,4490,2,-290,-6.07,4792,4792,4450,60494,273096859,45518596280,10137772,KSQ
066910,KR7066910001,손오공,KOSDAQ,중견기업부,680,0,0,0.0,0,0,0,0,0,45514551520,66933164,KSQ
173940,KR7173940008,에프엔씨엔터,KOSDAQ,중견기업부,2955,1,55,1.9,2975,2975,2740,13262,37902627,45485747640,15392808,KSQ
355390,KR7355390006,크라우드웍스,KOSDAQ,기술성장기업부,2865,2,-115,-3.86,2815,2940,2715,285292,796549829,45479995560,15874344,KSQ
005030,KR7005030002,부산주공,KOSPI,,486,0,0,0.0,0,0,0,0,0,45092532168,92782988,STK
127710,KR7127710002,아시아경제,KOSDAQ,중견기업부,1023,2,-17,-1.63,1024,1024,977,11109,11047398,45062341830,44049210,KSQ
097870,KR7097870000,효성오앤비,KOSDAQ,중견기업부,5300,1,10,0.19,5300,5300,5160,29397,152974090,44997000000,8490000,KSQ
129890,KR7129890000,앱코,KOSDAQ,벤처기업부,987,2,-28,-2.76,1006,1015,984,238071,236404486,44953509174,45545602,KSQ
376290,KR7376290003,씨유테크,KOSDAQ,벤처기업부,2545,1,30,1.19,2515,2550,2440,6616,16466347,44938337500,17657500,KSQ
060850,KR7060850005,영림원소프트랩,KOSDAQ,벤처기업부,5520,2,-170,-2.99,5750,5750,5490,10378,57779170,44883120000,8131000,KSQ
074610,KR7074610007,이엔플러스,KOSPI,,5110,0,0,0.0,0,0,0,0,0,44815400070,8770137,STK
105760,KR7105760003,포스뱅크,KOSDAQ,우량기업부,4400,2,-130,-2.87,4515,4515,4320,55111,242710850,44780502800,10177387,KSQ
227950,KR7227950003,엔투텍,KOSDAQ,벤처기업부,1295,2,-84,-6.09,1368,1371,1233,305549,388782014,44688130655,34508209,KSQ
037950,KR7037950003,엘컴텍,KOSDAQ,중견기업부,2645,2,-125,-4.51,2610,2750,2610,20923,55433530,44672735435,16889503,KSQ
056700,KR7056700008,신화인터텍,KOSDAQ,중견기업부,1533,3,0,0.0,1530,1533,1457,91615,136500855,44664094503,29135091,KSQ
066130,KR7066130006,하츠,KOSDAQ,우량기업부,3480,1,5,0.14,3550,3580,3420,33816,117235056,44544000000,12800000,KSQ
419120,KR7419120001,산돌,KOSDAQ,중견기업부,3020,2,-5,-0.17,3025,3075,2955,22467,67520365,44449453240,14718362,KSQ
000950,KR7000950006,전방,KOSPI,,26400,2,-700,-2.58,27200,27200,25950,408,10758000,44352000000,1680000,STK
003080,KR7003080009,SB성보,KOSPI,,2215,2,-55,-2.42,2265,2315,2185,251446,564147982,44344300000,20020000,STK
002920,KR7002920007,유성기업,KOSPI,,1709,2,-26,-1.5,1735,1740,1630,60458,103969510,44344277500,25947500,STK
004910,KR7004910006,조광페인트,KOSPI,,3450,1,50,1.47,3400,3450,3340,15406,51841895,44160000000,12800000,STK
288330,KR7288330004,파라택시스코리아,KOSDAQ,관리종목(소속부없음),416,0,0,0.0,0,0,0,0,0,44129674368,106080948,KSQ
093240,KR7093240000,형지엘리트,KOSPI,,717,2,-23,-3.11,726,738,702,562389,400480848,44016815703,61390259,STK
200580,KR7200580009,메디쎄이,KONEX,일반기업부,11800,0,0,0.0,0,0,0,0,0,43967732200,3726079,KNX
286750,KR7286750005,나노실리칸첨단소재,KOSDAQ,투자주의환기종목(소속부없음),1371,2,-45,-3.18,1416,1436,1334,139944,192596309,43911562947,32028857,KSQ
0010V0,KR70010V0005,제이피아이헬스케어,KOSDAQ,벤처기업부,8600,2,-80,-0.92,8610,8670,8340,8208,70036540,43906440000,5105400,KSQ
171010,KR7171010002,램테크놀러지,KOSDAQ,벤처기업부,3065,2,-230,-6.98,3295,3295,3000,80260,250132688,43825674880,14298752,KSQ
008870,KR7008870008,금비,KOSPI,,43600,1,500,1.16,43900,44400,42500,1042,44682700,43600000000,1000000,STK
002290,KR7002290005,삼일기업공사,KOSDAQ,우량기업부,3515,2,-5,-0.14,3555,3555,3420,40965,142212239,43586000000,12400000,KSQ
007530,KR7007530009,와이엠,KOSDAQ,중견기업부,1955,2,-95,-4.63,2115,2115,1953,7836,15620752,43507021605,22254231,KSQ
150900,KR7150900009,파수AI,KOSDAQ,벤처기업부,3715,2,-125,-3.26,3760,3850,3680,73482,274189542,43480070230,11703922,KSQ
376930,KR7376930004,노을,KOSDAQ,기술성장기업부,847,2,-16,-1.85,863,884,793,696777,583480120,43443750581,51291323,KSQ
297570,KR7297570004,알로이스,KOSDAQ,벤처기업부,1253,1,11,0.89,1230,1275,1180,72119,87881417,43380386154,34621218,KSQ
178780,KR7178780003,일월지엠엘,KOSDAQ,벤처기업부,2325,1,25,1.09,2310,2400,2270,9340,21934545,43336128375,18639195,KSQ
033830,KR7033830001,티비씨,KOSDAQ,중견기업부,432,2,-12,-2.7,448,456,414,300088,127991024,43200000000,100000000,KSQ
250000,KR7250000007,보라티알,KOSDAQ,우량기업부,6370,1,20,0.31,6420,6420,6110,8673,53911610,43002169210,6750733,KSQ
051490,KR7051490001,나라엠앤디,KOSDAQ,우량기업부,3015,2,-135,-4.29,3025,3095,3015,37279,113069028,42813000000,14200000,KSQ
261200,KR7261200000,덴티스,KOSDAQ,중견기업부,2705,2,-95,-3.39,2835,2835,2650,43585,117361465,42765238500,15809700,KSQ
263020,KR7263020000,디케이앤디,KOSDAQ,벤처기업부,3090,2,-30,-0.96,3095,3210,3020,102702,318493927,42753691140,13836146,KSQ
100660,KR7100660000,서암기계공업,KOSDAQ,중견기업부,3390,1,10,0.3,3500,3500,3260,32455,108533915,42714000000,12600000,KSQ
218150,KR7218150001,미래생명자원,KOSDAQ,벤처기업부,2085,2,-25,-1.18,2085,2140,2070,64486,135448004,42566947170,20415802,KSQ
307280,KR7307280008,원바이오젠,KOSDAQ,벤처기업부,5990,2,-30,-0.5,6080,6120,5910,12691,76083890,42496815730,7094627,KSQ
290120,KR7290120005,DH오토리드,KOSDAQ,중견기업부,2685,2,-65,-2.36,2730,2755,2665,31055,83823650,42490600245,15825177,KSQ
079000,KR7079000006,와토스코리아,KOSDAQ,중견기업부,5900,2,-200,-3.28,6050,6050,5660,15069,87287480,42480000000,7200000,KSQ
035460,KR7035460005,기산텔레콤,KOSDAQ,벤처기업부,2845,2,-300,-9.54,3070,3090,2845,190139,550877198,42448367300,14920340,KSQ
009140,KR7009140005,경인전자,KOSPI,,27000,2,-1000,-3.57,28000,28000,26150,6632,177169150,42411519000,1570797,STK
452300,KR7452300007,캡스톤파트너스,KOSDAQ,중견기업부,2990,2,-105,-3.39,3020,3150,2835,180515,542161170,42366819950,14169505,KSQ
069410,KR7069410009,엔텔스,KOSDAQ,벤처기업부,4135,2,-145,-3.39,4410,4410,4095,14879,61769875,42362347240,10244824,KSQ
012280,KR7012280004,영화금속,KOSPI,,855,1,2,0.23,853,871,837,117341,99581811,42343451775,49524505,STK
090410,KR7090410002,덕신이피씨,KOSDAQ,우량기업부,915,2,-16,-1.72,920,932,896,142317,129765612,42166946925,46084095,KSQ
140520,KR7140520008,대창스틸,KOSDAQ,중견기업부,1985,2,-5,-0.25,2030,2030,1975,17687,35065480,41901847355,21109243,KSQ
221840,KR7221840002,하이즈항공,KOSDAQ,중견기업부,2235,2,-15,-0.67,2285,2285,2105,21571,45793030,41795753835,18700561,KSQ
025880,KR7025880006,케이씨피드,KOSDAQ,우량기업부,2500,2,-10,-0.4,2515,2525,2485,41127,102908457,41789645000,16715858,KSQ
450330,KR7450330006,하스,KOSDAQ,기술성장기업부,5100,2,-550,-9.73,5810,5810,5100,30575,160892850,41752899300,8186843,KSQ
340810,KR7340810001,시선AI,KOSDAQ,기술성장기업부,3055,2,-145,-4.53,3100,3100,2935,148670,447123278,41685401680,13644976,KSQ
052460,KR7052460003,아이크래프트,KOSDAQ,벤처기업부,2845,2,-140,-4.69,2985,2985,2820,102889,296014120,41559577920,14607936,KSQ
122690,KR7122690001,서진오토모티브,KOSDAQ,중견기업부,1800,2,-9,-0.5,1809,1843,1735,91096,159762433,41542498800,23079166,KSQ
072770,KR7072770001,멤레이비티,KOSDAQ,중견기업부,1000,2,-4,-0.4,1004,1045,962,155837,155977261,41512098000,41512098,KSQ
215380,KR7215380007,우정바이오,KOSDAQ,벤처기업부,2465,2,-75,-2.95,2540,2560,2420,58076,143002134,41484904840,16829576,KSQ
066900,KR7066900002,디에이피,KOSDAQ,관리종목(소속부없음),1820,1,11,0.61,1809,1831,1730,22291,39834069,41394995460,22744503,KSQ
355690,KR7355690009,에이텀,KOSDAQ,기술성장기업부,4400,1,340,8.37,4380,4690,3945,643855,2737090748,41381912000,9404980,KSQ
019490,KR7019490002,엑시큐어하이트론,KOSPI,,541,0,0,0.0,0,0,0,0,0,41349858070,76432270,STK
263810,KR7263810004,상신전자,KOSDAQ,중견기업부,2595,2,-85,-3.17,2645,2660,2555,70623,182462552,41324920875,15924825,KSQ
008420,KR7008420002,문배철강,KOSPI,,2005,1,29,1.47,1977,2015,1931,138651,272302507,41109527525,20503505,STK
033540,KR7033540006,파라텍,KOSDAQ,중견기업부,785,2,-35,-4.27,810,820,775,215976,169557614,41013369835,52246331,KSQ
256150,KR7256150004,한독크린텍,KOSDAQ,벤처기업부,4870,2,-95,-1.91,4950,4950,4830,5211,25336715,40883650000,8395000,KSQ
050860,KR7050860006,아세아텍,KOSDAQ,우량기업부,1817,1,40,2.25,1800,1842,1744,36670,64847452,40882500000,22500000,KSQ
469750,KR7469750004,아이비젼웍스,KOSDAQ,벤처기업부,1182,2,-37,-3.04,1209,1237,1132,292540,339978455,40727560542,34456481,KSQ
452160,KR7452160005,제이엔비,KOSDAQ,중견기업부,4230,2,-295,-6.52,4335,4460,4160,52035,221370761,40682139210,9617527,KSQ
237820,KR7237820006,플레이디,KOSDAQ,중견기업부,3170,2,-110,-3.35,3200,3295,3170,17787,57129685,40662033800,12827140,KSQ
260660,KR7260660006,알리코제약,KOSDAQ,중견기업부,2650,2,-15,-0.56,2695,2695,2565,73876,194078875,40616605650,15327021,KSQ
011420,KR7011420007,갤럭시아에스엠,KOSPI,,1469,1,44,3.09,1425,1487,1412,86302,125034067,40470427036,27549644,STK
221980,KR7221980006,케이디켐,KOSDAQ,우량기업부,10030,1,60,0.6,10050,10050,9880,1354,13476595,40469044000,4034800,KSQ
049830,KR7049830003,승일,KOSDAQ,관리종목(소속부없음),6590,2,-40,-0.6,6650,6800,6360,2277,14827170,40410618080,6132112,KSQ
017040,KR7017040007,광명전기,KOSPI,,932,0,0,0.0,0,0,0,0,0,40390657180,43337615,STK
263770,KR7263770000,유에스티,KOSDAQ,우량기업부,1700,2,-44,-2.52,1740,1740,1698,17950,30696169,40290292400,23700172,KSQ
004410,KR7004410007,서울식품,KOSPI,,1021,2,-25,-2.39,1048,1049,1010,367386,376613938,40283568273,39455013,STK
352700,KR7352700009,씨앤투스,KOSDAQ,벤처기업부,1531,2,-64,-4.01,1625,1625,1531,36981,57380597,40229932369,26276899,KSQ
224110,KR7224110007,에이텍모빌리티,KOSDAQ,벤처기업부,7900,2,-40,-0.5,7950,7950,7710,21835,170659470,40135049400,5080386,KSQ
088340,KR7088340005,유라클,KOSDAQ,벤처기업부,9190,2,-390,-4.07,9310,9800,9010,31771,291250280,40108541920,4364368,KSQ
047080,KR7047080007,한빛소프트,KOSDAQ,중견기업부,1610,1,106,7.05,1470,1672,1410,1599155,2481004072,39964002820,24822362,KSQ
481850,KR7481850006,신한글로벌액티브리츠,KOSPI,,916,2,-7,-0.76,937,937,905,36657,33630052,39825540224,43477664,STK
091590,KR7091590000,남화토건,KOSDAQ,중견기업부,3390,2,-30,-0.88,3420,3425,3315,11771,39680463,39798600000,11740000,KSQ
049470,KR7049470008,비트플래닛,KOSDAQ,중견기업부,1689,1,27,1.62,1662,1810,1637,102979,176205328,39767334411,23544899,KSQ
087600,KR7087600003,픽셀플러스,KOSDAQ,벤처기업부,4865,2,-235,-4.61,5100,5100,4825,14441,70336698,39730304670,8166558,KSQ
019770,KR7019770007,서연탑메탈,KOSDAQ,우량기업부,3410,2,-10,-0.29,3420,3440,3370,23915,81550470,39726500000,11650000,KSQ
064090,KR7064090004,인크레더블버즈,KOSDAQ,관리종목(소속부없음),798,0,0,0.0,0,0,0,0,0,39694710510,49742745,KSQ
122350,KR7122350002,삼기,KOSDAQ,중견기업부,1033,1,3,0.29,1030,1040,983,171542,173231613,39604629124,38339428,KSQ
011330,KR7011330008,유니켐,KOSPI,,438,1,17,4.04,424,439,399,801853,334813242,39502272606,90187837,STK
086040,KR7086040003,바이오톡스텍,KOSDAQ,벤처기업부,2470,2,-115,-4.45,2600,2605,2450,37722,93970100,39416870090,15958247,KSQ
311390,KR7311390009,네오크레마,KOSDAQ,벤처기업부,3115,1,40,1.3,3030,3150,2980,13483,40922070,39416552735,12653789,KSQ
096630,KR7096630009,에스코넥,KOSDAQ,우량기업부,2475,1,100,4.21,2370,2530,2295,66158,158605225,39293899425,15876323,KSQ
051630,KR7051630002,진양화학,KOSPI,,1853,2,-192,-9.39,2170,2550,1822,11545459,25973135327,39283600000,21200000,STK
044960,KR7044960003,이글벳,KOSDAQ,중견기업부,3105,2,-40,-1.27,3145,3190,3095,38057,118859439,39253046715,12641883,KSQ
043340,KR7043340009,에쎈테크,KOSDAQ,중견기업부,826,1,36,4.56,820,866,779,112282,92446296,39235000000,47500000,KSQ
289220,KR7289220006,자이언트스텝,KOSDAQ,기술성장기업부,1755,2,-42,-2.34,1698,1796,1698,70012,121783162,39157947855,22312221,KSQ
464280,KR7464280007,티디에스팜,KOSDAQ,중견기업부,7080,1,70,1.0,6980,7180,6750,10461,72502395,39152400000,5530000,KSQ
215090,KR7215090002,솔디펜스,KOSDAQ,벤처기업부,1688,2,-105,-5.86,1793,1794,1684,133200,227830935,39086755768,23155661,KSQ
290090,KR7290090000,트윔,KOSDAQ,벤처기업부,5240,2,-160,-2.96,5410,5410,5070,8894,45892155,38988576320,7440568,KSQ
332290,KR7332290006,누보,KOSDAQ,벤처기업부,976,1,15,1.56,961,990,943,228462,221605913,38946698304,39904404,KSQ
089150,KR7089150007,케이씨티,KOSDAQ,벤처기업부,2270,2,-80,-3.4,2335,2350,2250,65051,147606525,38930500000,17150000,KSQ
011300,KR7011300001,우성머티리얼스,KOSPI,,2455,2,-160,-6.12,2670,2670,2360,24446,60405612,38927415355,15856381,STK
026940,KR7026940007,부국철강,KOSPI,,1941,2,-39,-1.97,1965,1971,1927,154356,300096558,38820000000,20000000,STK
064480,KR7064480007,브리지텍,KOSDAQ,벤처기업부,3245,3,0,0.0,3245,3335,3115,67897,217411660,38785862500,11952500,KSQ
059100,KR7059100008,아이컴포넌트,KOSDAQ,벤처기업부,5480,2,-570,-9.42,5930,6050,5400,87529,496254780,38748312800,7070860,KSQ
032960,KR7032960007,동일기연,KOSDAQ,관리종목(소속부없음),11010,1,20,0.18,11000,11200,10870,1263,13832880,38739730950,3518595,KSQ
003060,KR7003060001,에이프로젠바이오로직스,KOSPI,,2685,2,-25,-0.92,2790,2810,2665,119048,324124910,38697224190,14412374,STK
200780,KR7200780005,비씨월드제약,KOSDAQ,중견기업부,3610,2,-100,-2.7,3975,3975,3610,18140,66552654,38503036210,10665661,KSQ
208710,KR7208710004,포톤,KOSDAQ,중견기업부,2920,2,-115,-3.79,2880,3110,2815,573510,1697823535,38485985440,13180132,KSQ
005320,KR7005320007,온타이드,KOSPI,,1125,1,10,0.9,1106,1133,1085,149681,167467481,38461325625,34187845,STK
133820,KR7133820001,화인베스틸,KOSPI,,1034,2,-33,-3.09,1121,1121,962,230452,233691162,38376395068,37114502,STK
220180,KR7220180004,핸디소프트,KOSDAQ,벤처기업부,1601,1,10,0.63,1649,1649,1512,17525,27486228,38313278042,23930842,KSQ
204020,KR7204020002,그리티,KOSDAQ,우량기업부,1968,1,6,0.31,1953,1988,1917,35874,69789845,38279237376,19450832,KSQ
020180,KR7020180006,대신정보통신,KOSDAQ,중견기업부,994,2,-23,-2.26,1027,1027,959,499680,487991470,38198341510,38428915,KSQ
066360,KR7066360009,체리부로,KOSDAQ,우량기업부,796,2,-4,-0.5,800,800,732,73836,56280421,38169803940,47952015,KSQ
101240,KR7101240000,씨큐브,KOSDAQ,우량기업부,3355,2,-50,-1.47,3540,3540,3350,30887,105538020,38102909460,11357052,KSQ
148250,KR7148250004,알엔투테크놀로지,KOSDAQ,벤처기업부,2795,2,-70,-2.44,2865,2865,2615,49306,133626965,38041917680,13610704,KSQ
335810,KR7335810008,프리시젼바이오,KOSDAQ,기술성장기업부,1732,2,-42,-2.37,1890,1890,1702,5806,10050215,38016544392,21949506,KSQ
050120,KR7050120005,ES큐브,KOSDAQ,중견기업부,2800,1,10,0.36,2885,2885,2740,7806,21630695,37979440800,13564086,KSQ
364950,KR7364950006,에이아이코리아,KOSDAQ,벤처기업부,4575,2,-250,-5.18,4840,4840,4550,60867,283541910,37956235875,8296445,KSQ
128540,KR7128540002,에코캡,KOSDAQ,우량기업부,1416,1,2,0.14,1414,1449,1374,68484,96795122,37793691360,26690460,KSQ
123570,KR7123570004,이엠넷,KOSDAQ,중견기업부,1696,1,5,0.3,1691,1699,1652,5553,9371703,37780228288,22276078,KSQ
239890,KR7239890007,피엔에이치테크,KOSDAQ,기술성장기업부,3800,2,-185,-4.64,3985,3990,3695,90135,341888730,37755869000,9935755,KSQ
203450,KR7203450002,유니온바이오메트릭스,KOSDAQ,벤처기업부,2680,1,65,2.49,2765,2765,2535,16133,41413760,37731738760,14079007,KSQ
288980,KR7288980006,모아데이타,KOSDAQ,기술성장기업부,1036,2,-41,-3.81,1077,1118,1019,682495,732832713,37691108644,36381379,KSQ
186230,KR7186230009,그린플러스,KOSDAQ,벤처기업부,3450,2,-100,-2.82,3475,3490,3390,47715,163569931,37674648600,10920188,KSQ
206560,KR7206560005,덱스터,KOSDAQ,기술성장기업부,1481,1,31,2.14,1410,1550,1410,154161,231416516,37634781016,25411736,KSQ
199480,KR7199480005,뱅크웨어글로벌,KOSDAQ,기술성장기업부,3685,2,-75,-1.99,3850,3850,3470,49530,176903260,37574426780,10196588,KSQ
263700,KR7263700007,케어랩스,KOSDAQ,중견기업부,1932,2,-57,-2.87,1991,2035,1917,48958,95469961,37508234400,19414200,KSQ
025440,KR7025440009,DH오토웨어,KOSDAQ,투자주의환기종목(소속부없음),768,2,-42,-5.19,800,800,740,96815,72817080,37463980032,48781224,KSQ
228340,KR7228340006,동양파일,KOSDAQ,중견기업부,1870,1,8,0.43,1751,1948,1751,37154,68544935,37400000000,20000000,KSQ
022220,KR7022220008,티케이지애강,KOSDAQ,중견기업부,722,2,-21,-2.83,732,744,700,8605,6212023,37395686038,51794579,KSQ
219750,KR7219750007,한국비티비,KOSDAQ,중견기업부,571,0,0,0.0,0,0,0,0,0,37358751335,65426885,KSQ
000215,KR7000211003,DL우,KOSPI,,22150,2,-500,-2.21,24000,24000,21900,2109,47264250,37347447250,1686115,STK
024120,KR7024120008,KB오토시스,KOSDAQ,중견기업부,3245,2,-65,-1.96,3385,3390,3225,25843,84114305,37317500000,11500000,KSQ
340440,KR7340440007,세림B&G,KOSDAQ,벤처기업부,1314,2,-49,-3.6,1363,1368,1286,140590,183981351,37289170296,28378364,KSQ
050110,KR7050110006,캠시스,KOSDAQ,중견기업부,1271,2,-51,-3.86,1317,1349,1238,275551,348886999,37144750033,29224823,KSQ
049800,KR7049800006,우진플라임,KOSPI,,1854,2,-56,-2.93,1911,1946,1850,44365,83381081,37080000000,20000000,STK
084870,KR7084870005,TBH글로벌,KOSPI,,1810,2,-53,-2.84,1845,1863,1774,8064,14583288,37029443360,20458256,STK
000760,KR7000760009,이화산업,KOSPI,,13200,1,140,1.07,13060,13250,12630,725,9325915,36960000000,2800000,STK
206400,KR7206400004,베노티앤알,KOSDAQ,중견기업부,983,2,-20,-1.99,1003,1080,975,128507,127839930,36872485314,37510158,KSQ
365590,KR7365590009,하이딥,KOSDAQ,기술성장기업부,1188,1,33,2.86,1159,1198,1060,109799,127939990,36834871392,31005784,KSQ
429270,KR7429270002,시지트로닉스,KOSDAQ,기술성장기업부,5710,2,-510,-8.2,6230,6230,5570,121374,698334450,36825109010,6449231,KSQ
081580,KR7081580003,성우전자,KOSDAQ,중견기업부,2370,2,-50,-2.07,2420,2420,2335,76886,182528355,36754298910,15508143,KSQ
407400,KR7407400001,꿈비,KOSDAQ,벤처기업부,2510,2,-35,-1.38,2515,2660,2420,107849,270791202,36732680340,14634534,KSQ
258610,KR7258610005,케일럼,KOSDAQ,중견기업부,1005,2,-19,-1.86,1094,1094,985,77114,77591537,36667488315,36485063,KSQ
434480,KR7434480000,모니터랩,KOSDAQ,기술성장기업부,2975,2,-30,-1.0,3005,3075,2900,36795,108642040,36623142500,12310300,KSQ
057540,KR7057540007,옴니시스템,KOSDAQ,중견기업부,614,2,-5,-0.81,645,645,581,138837,84077911,36468080552,59394268,KSQ
083550,KR7083550004,케이엠,KOSDAQ,중견기업부,2690,2,-60,-2.18,2750,2750,2615,51805,137086302,36466083850,13556165,KSQ
046310,KR7046310009,백금T&A,KOSDAQ,우량기업부,2220,2,-50,-2.2,2265,2265,2200,67455,149655490,36449383020,16418641,KSQ
064520,KR7064520000,테크엘,KOSDAQ,중견기업부,1630,2,-44,-2.63,1658,1672,1568,26572,42873068,36432231060,22351062,KSQ
000890,KR7000890004,보해양조,KOSPI,,1315,1,1,0.08,1301,1323,1300,70847,92560360,36325592875,27624025,STK
026040,KR7026040006,제이에스티나,KOSDAQ,중견기업부,2200,1,5,0.23,2195,2350,2140,76071,169994435,36308338000,16503790,KSQ
089140,KR7089140008,넥스턴앤롤코리아,KOSDAQ,벤처기업부,2370,2,-90,-3.66,2420,2540,2180,271626,650429937,36299474580,15316234,KSQ
351320,KR7351320007,넥사다이내믹스,KOSDAQ,중견기업부,1222,2,-56,-4.38,1278,1278,1207,67518,83338809,36291740524,29698642,KSQ
0010F0,KR70010F0005,보원케미칼,KOSDAQ,벤처기업부,3255,1,170,5.51,2965,3860,2950,3206377,11129449394,36272421255,11143601,KSQ
403490,KR7403490006,우듬지팜,KOSDAQ,벤처기업부,789,1,24,3.14,758,795,733,634920,481286596,36240714096,45932464,KSQ
475460,KR7475460002,미트박스,KOSDAQ,벤처기업부,6450,2,-30,-0.46,6480,6720,6330,13617,87623450,36204011250,5613025,KSQ
430690,KR7430690008,한싹,KOSDAQ,벤처기업부,3320,2,-90,-2.64,3410,3410,3255,59124,196216240,36172409280,10895304,KSQ
145270,KR7145270005,케이탑리츠,KOSPI,,751,2,-34,-4.33,798,798,726,171705,128072883,36093641274,48060774,STK
007120,KR7007120009,미래아이앤지,KOSPI,,1249,2,-71,-5.38,1320,1320,1225,73569,94182326,36069381392,28878608,STK
014990,KR7014990006,인디에프,KOSPI,,480,0,0,0.0,0,0,0,0,0,36054237600,75112995,STK
153490,KR7153490008,우리이앤엘하루틴,KOSDAQ,우량기업부,700,2,-15,-2.1,714,714,688,191986,134056472,36036000000,51480000,KSQ
284620,KR7284620002,카이노스메드,KOSDAQ,투자주의환기종목(소속부없음),1087,0,0,0.0,0,0,0,0,0,35965517911,33086953,KSQ
119500,KR7119500007,포메탈,KOSDAQ,중견기업부,3030,2,-80,-2.57,3015,3075,2985,47551,143967334,35897112960,11847232,KSQ
014570,KR7014570006,고려제약,KOSDAQ,중견기업부,3260,2,-10,-0.31,3275,3280,3185,10763,34706985,35860000000,11000000,KSQ
023960,KR7023960008,에쓰씨엔지니어링,KOSPI,,940,1,13,1.4,970,970,918,115032,106907617,35753816500,38035975,STK
160550,KR7160550000,NEW,KOSDAQ,중견기업부,1281,1,4,0.31,1310,1310,1237,54753,69174316,35747721786,27906106,KSQ
068940,KR7068940006,셀피글로벌,KOSDAQ,관리종목(소속부없음),778,0,0,0.0,0,0,0,0,0,35720093048,45912716,KSQ
134790,KR7134790005,시디즈,KOSPI,,17850,3,0,0.0,17710,18680,17500,1335,23888170,35700000000,2000000,STK
103840,KR7103840005,우양,KOSDAQ,중견기업부,2180,2,-105,-4.6,2270,2290,2170,54049,119213635,35678813040,16366428,KSQ
002880,KR7002880003,디와이에이,KOSPI,,761,1,1,0.13,795,795,746,96618,73251021,35595010195,46773995,STK
071850,KR7071850002,캐스텍코리아,KOSDAQ,투자주의환기종목(소속부없음),1467,2,-27,-1.81,1494,1494,1430,18708,27067559,35590796046,24260938,KSQ
052600,KR7052600004,한네트,KOSDAQ,중견기업부,3070,2,-35,-1.13,3105,3120,3015,27137,82852255,35500559000,11563700,KSQ
900300,HK0000312568,오가닉티코스메틱,KOSDAQ,외국기업(소속부없음),91,0,0,0.0,0,0,0,0,0,35399443716,389004876,KSQ
013000,KR7013000005,세우글로벌,KOSPI,,1233,2,-60,-4.64,1285,1330,1231,151966,190982062,35393303223,28705031,STK
318410,KR7318410008,비비씨,KOSDAQ,중견기업부,6370,1,270,4.43,6090,6460,6030,7997,49540610,35386897910,5555243,KSQ
263050,KR7263050007,유틸렉스,KOSDAQ,관리종목(소속부없음),959,0,0,0.0,0,0,0,0,0,35324626904,36834856,KSQ
475660,KR7475660007,에스켐,KOSDAQ,기술성장기업부,4435,2,-105,-2.31,4400,4540,4170,19620,84046075,35168818225,7929835,KSQ
002420,KR7002420008,세기상사,KOSPI,,5890,1,410,7.48,5410,6230,5410,107530,640864650,35162993720,5969948,STK
057030,KR7057030009,YBM넷,KOSDAQ,중견기업부,2150,1,20,0.94,2130,2165,2065,18662,39332595,35072298550,16312697,KSQ
198940,KR7198940009,한주라이트메탈,KOSDAQ,중견기업부,1795,2,-137,-7.09,1882,1926,1749,643055,1167663693,34933372755,19461489,KSQ
376180,KR7376180006,피코그램,KOSDAQ,벤처기업부,1878,2,-65,-3.35,1884,1958,1830,29025,54367721,34857629364,18561038,KSQ
001380,KR7001380005,SG글로벌,KOSPI,,1546,2,-17,-1.09,1552,1567,1413,76229,115622233,34757281766,22482071,STK
004365,KR7004361002,세방우,KOSPI,,9400,1,70,0.75,9320,9400,9200,1876,17454890,34678950000,3689250,STK
187270,KR7187270004,신화콘텍,KOSDAQ,벤처기업부,3410,2,-120,-3.4,3490,3590,3380,16327,55728825,34590511450,10143845,KSQ
032790,KR7032790008,엠젠솔루션,KOSDAQ,벤처기업부,1346,1,175,14.94,1171,1520,1170,1286659,1806082661,34565422676,25680106,KSQ
450520,KR7450520002,인스웨이브,KOSDAQ,벤처기업부,2335,3,0,0.0,2335,2360,2250,31369,72095620,34335189630,14704578,KSQ
464500,KR7464500008,아이언디바이스,KOSDAQ,기술성장기업부,2450,2,-40,-1.61,2500,2600,2380,77972,190355907,34283494350,13993263,KSQ
133750,KR7133750000,메가엠디,KOSDAQ,중견기업부,1464,1,32,2.23,1412,1503,1404,24020,34719311,34267960728,23407077,KSQ
043910,KR7043910009,자연과환경,KOSDAQ,벤처기업부,3020,2,-30,-0.98,3025,3150,2895,21439,65139609,34244217900,11339145,KSQ
045060,KR7045060001,오공,KOSDAQ,우량기업부,2020,2,-10,-0.49,2000,2030,1988,51419,102952598,34222787480,16941974,KSQ
388610,KR7388610008,지에프씨생명과학,KOSDAQ,기술성장기업부,6420,2,-140,-2.13,6510,6560,6290,7737,49421160,34049811780,5303709,KSQ
208860,KR7208860007,다산디엠씨,KOSDAQ,벤처기업부,1001,1,35,3.62,966,1030,916,62663,62113564,33983922973,33949973,KSQ
363250,KR7363250002,진시스템,KOSDAQ,기술성장기업부,3990,1,40,1.01,4070,4070,3680,27742,106813162,33948444180,8508382,KSQ
387570,KR7387570005,파인메딕스,KOSDAQ,기술성장기업부,6030,2,-100,-1.63,6070,6080,5900,6799,40520790,33924177000,5625900,KSQ
031310,KR7031310006,아이즈비전,KOSDAQ,중견기업부,1137,2,-43,-3.64,1180,1200,1134,217799,250211737,33821942187,29746651,KSQ
060540,KR7060540002,에스에이티,KOSDAQ,중견기업부,1294,2,-11,-0.84,1271,1309,1257,53095,67591505,33816497964,26133306,KSQ
005820,KR7005820006,원림,KOSPI,,14690,1,660,4.7,13920,14690,13590,1094,15150680,33757179300,2297970,STK
097780,KR7097780001,에코볼트,KOSDAQ,중견기업부,664,0,0,0.0,0,0,0,0,0,33686528072,50732723,KSQ
109820,KR7109820001,진매트릭스,KOSDAQ,기술성장기업부,1651,2,-47,-2.77,1698,1710,1641,52341,87070197,33669899640,20393640,KSQ
336060,KR7336060009,웨이버스,KOSDAQ,벤처기업부,698,2,-22,-3.06,717,717,683,184460,127799366,33612329600,48155200,KSQ
057680,KR7057680001,티사이언티픽,KOSDAQ,벤처기업부,2350,1,100,4.44,2250,2395,2230,29933,69616650,33486795000,14249700,KSQ
210120,KR7210120002,캔버스엔,KOSDAQ,중견기업부,1379,1,217,18.67,1150,1420,1101,1405991,1851891208,33423482162,24237478,KSQ
044480,KR7044480002,빌리언스,KOSDAQ,중견기업부,1002,2,-62,-5.83,1049,1049,990,174101,175092282,33317417832,33250916,KSQ
900310,HK0000341732,컬러레이,KOSDAQ,외국기업(소속부없음),520,0,0,0.0,0,0,0,0,0,33301671000,64041675,KSQ
277410,KR7277410007,인산가,KOSDAQ,벤처기업부,866,1,5,0.58,861,895,844,77231,66712349,33264363330,38411505,KSQ
010640,KR7010640001,진양폴리,KOSPI,,1991,1,74,3.86,1913,2260,1913,1167806,2445225878,33249700000,16700000,STK
446440,KR7446440000,에피바이오텍,KONEX,일반기업부,14390,2,-80,-0.55,13500,14390,13100,47,618290,33195988810,2306879,KNX
363260,KR7363260001,모비데이즈,KOSDAQ,벤처기업부,1030,2,-40,-3.74,1098,1098,1030,62185,64813612,33128682070,32163769,KSQ
001210,KR7001210004,금호전기,KOSPI,,535,2,-5,-0.93,540,556,512,225448,119104689,33105844405,61880083,STK
031510,KR7031510001,오스템,KOSDAQ,중견기업부,1182,1,57,5.07,1125,1231,1119,181112,212797142,33096000000,28000000,KSQ
177830,KR7177830007,파버나인,KOSDAQ,벤처기업부,2450,2,-20,-0.81,2480,2485,2410,9426,23084385,33060179950,13493951,KSQ
021650,KR7021650007,한국큐빅,KOSDAQ,중견기업부,2015,1,25,1.26,1991,2015,1966,9576,19088005,32946384445,16350563,KSQ
262840,KR7262840002,아이퀘스트,KOSDAQ,벤처기업부,3115,1,35,1.14,3080,3175,3005,26172,80768556,32916055480,10566952,KSQ
053950,KR7053950002,경남제약,KOSDAQ,중견기업부,2105,2,-90,-4.1,2355,2355,2095,49973,106527202,32900036455,15629471,KSQ
308170,KR7308170000,씨티알모빌리티,KOSPI,,3810,1,105,2.83,3705,4235,3545,26697,99435700,32804100000,8610000,STK
495810,KR7495810004,유비씨,KONEX,일반기업부,13120,0,0,0.0,0,0,0,0,0,32800000000,2500000,KNX
373170,KR7373170000,엠아이큐브솔루션,KOSDAQ,벤처기업부,2170,1,35,1.64,2135,2255,2055,47394,99762735,32796924300,15113790,KSQ
900070,KYG3931T1076,글로벌에스엠,KOSDAQ,외국기업(소속부없음),610,0,0,0.0,0,0,0,0,0,32783820480,53743968,KSQ
075130,KR7075130005,플랜티넷,KOSDAQ,벤처기업부,1970,2,-8,-0.4,1966,1998,1924,36530,71016281,32745970400,16622320,KSQ
003535,KR7003531001,한화투자증권우,KOSPI,,6820,1,40,0.59,6970,7080,6620,21704,147157795,32736000000,4800000,STK
002870,KR7002870004,신풍,KOSPI,,935,2,-26,-2.71,936,977,920,124398,116364335,32686384500,34958700,STK
086060,KR7086060001,진바이오텍,KOSDAQ,중견기업부,3795,2,-70,-1.81,3865,3910,3755,43079,163999315,32677177665,8610587,KSQ
383930,KR7383930005,디티앤씨알오,KOSDAQ,중견기업부,2555,2,-145,-5.37,2625,2675,2430,153167,393280137,32663447040,12784128,KSQ
112190,KR7112190004,KC산업,KONEX,일반기업부,1199,1,19,1.61,1053,1200,1053,477,506617,32618661911,27204889,KNX
122830,KR7122830003,원포유,KONEX,일반기업부,990,1,42,4.43,999,999,901,5292,5223079,32424465150,32751985,KNX
088790,KR7088790001,진도,KOSPI,,2600,1,45,1.76,2535,2695,2490,33031,85253752,32364134400,12447744,STK
019570,KR7019570001,플루토스,KOSDAQ,중견기업부,343,2,-17,-4.72,360,366,340,454691,158634737,32327764406,94250042,KSQ
106240,KR7106240005,파인테크닉스,KOSDAQ,벤처기업부,1352,2,-131,-8.83,1457,1483,1320,231041,323882512,32282163680,23877340,KSQ
027740,KR7027740000,마니커,KOSPI,,1010,2,-9,-0.88,1030,1044,1010,80857,82194614,32073170140,31755614,STK
114630,KR7114630007,폴라리스우노,KOSDAQ,우량기업부,1860,2,-12,-0.64,1867,1867,1839,14751,27297492,32057561280,17235248,KSQ
080520,KR7080520000,오디텍,KOSDAQ,벤처기업부,2830,2,-115,-3.9,2945,3090,2800,36005,102704910,32042440110,11322417,KSQ
032860,KR7032860009,더라미,KOSDAQ,중견기업부,793,1,68,9.38,719,937,719,457884,371201365,32033919359,40395863,KSQ
075970,KR7075970004,동국알앤에스,KOSDAQ,중견기업부,1737,2,-35,-1.98,1772,1785,1714,23638,40925819,31960800000,18400000,KSQ
159910,KR7159910009,에코글로우,KOSDAQ,중견기업부,3040,3,0,0.0,3130,3315,2910,15002,44853659,31819974880,10467097,KSQ
200350,KR7200350007,아티스트스튜디오,KOSDAQ,기술성장기업부,3180,2,-250,-7.29,3430,3430,3125,130085,416974345,31787359500,9996025,KSQ
464580,KR7464580000,닷밀,KOSDAQ,기술성장기업부,1723,1,4,0.23,1719,1724,1659,24403,41304602,31713691347,18406089,KSQ
300120,KR7300120003,라온피플,KOSDAQ,벤처기업부,640,1,41,6.84,601,640,574,371508,228129463,31682570240,49504016,KSQ
195990,KR7195990007,에이비프로바이오,KOSDAQ,관리종목(소속부없음),972,2,-7,-0.72,985,986,969,62246,60635188,31663627056,32575748,KSQ
359090,KR7359090008,씨엔알리서치,KOSDAQ,중견기업부,550,0,0,0.0,0,0,0,0,0,31608894350,57470717,KSQ
007720,KR7007720006,소노스퀘어,KOSDAQ,중견기업부,312,1,8,2.63,304,334,300,680601,216057271,31449740400,100800450,KSQ
356890,KR7356890004,싸이버원,KOSDAQ,벤처기업부,2630,2,-215,-7.56,2790,2930,2520,105308,278377110,31438559750,11953825,KSQ
054780,KR7054780002,키이스트,KOSDAQ,중견기업부,1599,2,-15,-0.93,1614,1615,1510,48720,76195286,31432811007,19657793,KSQ
099390,KR7099390007,브레인즈컴퍼니,KOSDAQ,벤처기업부,3825,1,25,0.66,3820,4175,3755,36430,144522160,31396682475,8208283,KSQ
004870,KR7004870002,티웨이홀딩스,KOSPI,,277,2,-40,-12.62,320,411,274,21597094,7790508345,31346287838,113163494,STK
296640,KR7296640006,이노에이엑스,KOSDAQ,벤처기업부,6040,2,-110,-1.79,6160,6160,5840,20694,123717560,31276642080,5178252,KSQ
239610,KR7239610009,에이치엘사이언스,KOSDAQ,벤처기업부,5800,2,-200,-3.33,6000,6000,5700,1699,9933790,31274267000,5392115,KSQ
027040,KR7027040005,서울전자통신,KOSDAQ,중견기업부,2245,1,15,0.67,2295,2540,2040,788602,1782031392,31245391405,13917769,KSQ
073540,KR7073540007,에프알텍,KOSDAQ,벤처기업부,2740,2,-160,-5.52,2880,2880,2705,58309,159866610,31236000000,11400000,KSQ
258830,KR7258830009,세종메디칼,KOSDAQ,관리종목(소속부없음),412,0,0,0.0,0,0,0,0,0,31223976612,75786351,KSQ
238490,KR7238490007,힘스,KOSDAQ,벤처기업부,2760,1,85,3.18,2675,2760,2530,10502,27415855,31221771360,11312236,KSQ
058110,KR7058110008,멕아이씨에스,KOSDAQ,기술성장기업부,1945,2,-18,-0.92,1963,2040,1850,111318,212329864,31218280850,16050530,KSQ
254120,KR7254120009,자비스,KOSDAQ,기술성장기업부,1015,2,-15,-1.46,1030,1042,1004,150119,152658378,31215584050,30754270,KSQ
270870,KR7270870009,뉴트리,KOSDAQ,중견기업부,3390,2,-110,-3.14,3555,3555,3285,21990,74113979,31188759360,9200224,KSQ
012160,KR7012160008,영흥,KOSPI,,399,1,5,1.27,390,400,370,81498,31846574,31163303283,78103517,STK
008250,KR7008250003,이건산업,KOSPI,,2840,3,0,0.0,2870,2870,2790,16372,46126515,31105483400,10952635,STK
187220,KR7187220009,디티앤씨,KOSDAQ,중견기업부,2685,2,-5,-0.19,2690,2760,2465,42334,110944230,30944445105,11524933,KSQ
318020,KR7318020005,포인트모바일,KOSDAQ,벤처기업부,2500,2,-15,-0.6,2590,2590,2395,11437,28449955,30753180000,12301272,KSQ
038950,KR7038950002,파인디지털,KOSDAQ,중견기업부,3010,1,10,0.33,2980,3135,2860,73573,220636437,30734402650,10210765,KSQ
071950,KR7071950000,코아스,KOSPI,,2460,2,-100,-3.91,2560,2650,2300,311631,773823329,30649619700,12459195,STK
33637K,KR733637K010,솔루스첨단소재1우,KOSPI,,1811,2,-2,-0.11,1839,1839,1760,8769,15734454,30621775226,16908766,STK
025750,KR7025750001,한솔홈데코,KOSPI,,1898,2,-37,-1.91,1945,1945,1880,33943,64391725,30582529042,16113029,STK
035200,KR7035200005,프럼파스트,KOSDAQ,벤처기업부,3140,3,0,0.0,3060,3230,3005,60263,186175960,30554052600,9730590,KSQ
162120,KR7162120000,루켄테크놀러지스,KONEX,일반기업부,2735,2,-20,-0.73,2795,2795,2645,2749,7426400,30513306470,11156602,KNX
045300,KR7045300001,성우테크론,KOSDAQ,중견기업부,2890,2,-90,-3.02,2980,2980,2870,27799,80608245,30480864680,10547012,KSQ
223310,KR7223310004,사토시홀딩스,KOSDAQ,중견기업부,5850,1,230,4.09,5620,6300,5550,106170,617111795,30447155700,5204642,KSQ
337840,KR7337840003,유엑스엔,KONEX,일반기업부,6400,1,200,3.23,5800,6600,5800,2403,14887150,30384230400,4747536,KNX
001000,KR7001000009,신라섬유,KOSDAQ,중견기업부,1248,2,-12,-0.95,1272,1398,1200,181871,232340748,30298369920,24277540,KSQ
195500,KR7195500004,마니커에프앤지,KOSDAQ,중견기업부,1895,2,-59,-3.02,1906,1944,1878,71590,136029970,30278310000,15978000,KSQ
243870,KR7243870003,아이티센코어,KONEX,일반기업부,10450,2,-280,-2.61,10650,10680,10010,100,1061580,30227993950,2892631,KNX
246250,KR7246250005,에스엘에스바이오,KOSDAQ,관리종목(소속부없음),1969,0,0,0.0,0,0,0,0,0,30220617614,15348206,KSQ
001070,KR7001070002,대한방직,KOSPI,,5700,2,-130,-2.23,5830,5830,5660,10444,59714980,30210000000,5300000,STK
033200,KR7033200007,모아텍,KOSDAQ,투자주의환기종목(소속부없음),3280,1,135,4.29,3170,3335,3130,11642,37278935,30190855120,9204529,KSQ
406820,KR7406820001,뷰티스킨,KOSDAQ,벤처기업부,2135,2,-135,-5.95,2275,2320,2090,240043,518303725,30180695195,14136157,KSQ
276730,KR7276730009,한울앤제주,KOSDAQ,투자주의환기종목(소속부없음),13200,2,-470,-3.44,13670,13670,12520,13765,178859800,30158158800,2284709,KSQ
012620,KR7012620001,원일특강,KOSDAQ,우량기업부,6820,2,-100,-1.45,6990,6990,6770,4389,29879550,30008000000,4400000,KSQ
038870,KR7038870002,에코심플렉스,KOSDAQ,중견기업부,2140,2,-5,-0.23,2145,2280,2100,46049,98370005,29991990860,14014949,KSQ
398120,KR7398120006,에스지헬스케어,KOSDAQ,벤처기업부,2535,1,145,6.07,2410,2645,2350,64255,157776912,29959925385,11818511,KSQ
038620,KR7038620001,위즈코프,KOSDAQ,벤처기업부,1975,2,-16,-0.8,1990,1990,1955,23327,45814089,29913138675,15145893,KSQ
241840,KR7241840008,에이스토리,KOSDAQ,중견기업부,3130,2,-15,-0.48,3190,3190,3010,15612,48008007,29860181220,9539994,KSQ
000040,KR7000040006,KR모터스,KOSPI,,345,1,13,3.92,331,364,302,466203,154221418,29799438480,86375184,STK
043200,KR7043200005,파루,KOSDAQ,벤처기업부,712,2,-16,-2.2,702,790,702,279883,205568924,29764672280,41804315,KSQ
130500,KR7130500002,GH신소재,KOSDAQ,중견기업부,2045,2,-65,-3.08,2090,2130,2000,41268,84604450,29744631340,14545052,KSQ
023150,KR7023150006,MH에탄올,KOSPI,,4030,1,125,3.2,4015,4095,3870,30675,122181400,29735459780,7378526,STK
037370,KR7037370004,EG,KOSDAQ,벤처기업부,3445,2,-195,-5.36,3650,3650,3305,25462,87684349,29713028540,8624972,KSQ
290520,KR7290520006,신도기연,KOSDAQ,벤처기업부,1865,2,-88,-4.51,1953,2065,1862,54599,104006898,29708260130,15929362,KSQ
257370,KR7257370007,피엔티엠에스,KOSDAQ,벤처기업부,2370,1,10,0.42,2450,2450,2200,36321,81289070,29636520570,12504861,KSQ
068050,KR7068050004,팬엔터테인먼트,KOSDAQ,중견기업부,1070,2,-14,-1.29,1084,1100,1050,34273,36568589,29632661320,27694076,KSQ
016670,KR7016670002,디모아,KOSDAQ,중견기업부,2905,2,-115,-3.81,3020,3025,2890,7712,22756262,29614249770,10194234,KSQ
347770,KR7347770000,핌스,KOSDAQ,중견기업부,1290,2,-107,-7.66,1370,1370,1258,83812,108422308,29485584180,22857042,KSQ
351870,KR7351870001,차이커뮤니케이션,KOSDAQ,중견기업부,2635,2,-90,-3.3,2725,2850,2590,4076,10768085,29408291670,11160642,KSQ
263920,KR7263920001,휴엠앤씨,KOSDAQ,중견기업부,2995,2,-20,-0.66,3010,3010,2865,5342,15903135,29378032870,9809026,KSQ
078590,KR7078590007,휴림에이텍,KOSDAQ,중견기업부,2940,2,-25,-0.84,2915,3150,2755,180895,522441466,29375947860,9991819,KSQ
090370,KR7090370008,메타랩스,KOSPI,,1179,1,5,0.43,1174,1245,1152,28970,34268455,29362628331,24904689,STK
039740,KR7039740006,한국정보공학,KOSDAQ,벤처기업부,3650,2,-285,-7.24,3865,3875,3520,66419,248339900,29267149050,8018397,KSQ
462310,KR7462310004,뉴키즈온,KOSDAQ,중견기업부,3575,2,-70,-1.92,3645,3740,3410,23514,85583372,29261807575,8185121,KSQ
225220,KR7225220003,제놀루션,KOSDAQ,벤처기업부,1522,1,29,1.94,1549,1549,1491,37888,56897088,29207211962,19190021,KSQ
131220,KR7131220006,대한과학,KOSDAQ,벤처기업부,3915,2,-20,-0.51,3935,3950,3850,16484,64243917,29184328350,7454490,KSQ
006570,KR7006570006,대림통상,KOSPI,,1903,1,2,0.11,1907,1909,1848,26569,50067117,28973175000,15225000,STK
024070,KR7024070005,WISCOM,KOSPI,,1885,1,48,2.61,1842,1892,1836,20691,38525692,28890335630,15326438,STK
021880,KR7021880000,메이슨캐피탈,KOSDAQ,중견기업부,136,0,0,0.0,0,0,0,0,0,28857079488,212184408,KSQ
290270,KR7290270008,휴네시온,KOSDAQ,벤처기업부,3000,2,-70,-2.28,3045,3055,2930,54341,161560785,28823016000,9607672,KSQ
169330,KR7169330008,엠브레인,KOSDAQ,중견기업부,1573,2,-6,-0.38,1615,1615,1526,5120,7927482,28812512014,18316918,KSQ
039290,KR7039290002,인포뱅크,KOSDAQ,중견기업부,3310,1,140,4.42,3170,3490,3140,22722,74779329,28777067180,8693978,KSQ
015260,KR7015260003,에이엔피,KOSPI,,610,1,75,14.02,540,645,524,2020976,1201005307,28741305340,47116894,STK
462980,KR7462980004,아이지넷,KOSDAQ,기술성장기업부,1575,1,154,10.84,1436,1690,1401,723900,1134613679,28719238275,18234437,KSQ
038880,KR7038880001,아이에이,KOSDAQ,투자주의환기종목(소속부없음),764,2,-31,-3.9,795,795,750,75411,58227670,28705097388,37572117,KSQ
462510,KR7462510009,라메디텍,KOSDAQ,기술성장기업부,3260,2,-85,-2.54,3320,3340,3125,23099,73952980,28697665900,8802965,KSQ
131090,KR7131090003,시큐브,KOSDAQ,벤처기업부,3745,1,100,2.74,3750,3800,3645,44852,167459110,28680037645,7658221,KSQ
065950,KR7065950008,웰크론,KOSDAQ,중견기업부,1013,2,-7,-0.69,1019,1040,998,54285,55239693,28598308926,28231302,KSQ
002025,KR7002021004,코오롱우,KOSPI,,24600,2,-1200,-4.65,25900,25900,24350,2306,56965400,28546750200,1160437,STK
009810,KR7009810003,플레이그램,KOSPI,,1878,2,-27,-1.42,1889,1944,1810,23342,42697451,28524472500,15188750,STK
115160,KR7115160004,휴맥스,KOSDAQ,중견기업부,6610,2,-180,-2.65,6790,6790,6350,17779,116578270,28503258620,4312142,KSQ
148930,KR7148930001,에이치와이티씨,KOSDAQ,중견기업부,2800,1,445,18.9,2380,2915,2250,334443,914930493,28490596400,10175213,KSQ
142760,KR7142760008,모아라이프플러스,KOSDAQ,기술성장기업부,675,2,-1,-0.15,611,678,611,68873,44768377,28462711500,42166980,KSQ
014130,KR7014130009,한익스프레스,KOSPI,,2365,2,-10,-0.42,2390,2390,2250,70312,160693434,28380000000,12000000,STK
019175,KR7019171008,신풍제약우,KOSPI,,14250,2,-100,-0.7,14350,14370,14020,4486,63742090,28375027500,1991230,STK
438700,KR7438700007,버넥트,KOSDAQ,기술성장기업부,2535,2,-10,-0.39,2545,2560,2395,17854,43397020,28252296150,11144890,KSQ
33626L,KR733626K021,두산퓨얼셀2우B,KOSPI,,9440,2,-420,-4.26,10100,10100,9130,15558,146298405,28190672000,2986300,STK
318000,KR7318000007,KBG,KOSDAQ,벤처기업부,3220,2,-150,-4.45,3340,3395,3220,15949,52833990,28143518060,8740223,KSQ
048470,KR7048470009,대동스틸,KOSDAQ,중견기업부,2910,1,5,0.17,2910,2915,2780,49136,138950866,28081500000,9650000,KSQ
002690,KR7002690006,동일제강,KOSPI,,1383,2,-26,-1.85,1397,1429,1374,25938,36130504,28075397880,20300360,STK
065370,KR7065370009,위세아이텍,KOSDAQ,벤처기업부,3800,2,-210,-5.24,4010,4095,3660,25890,98506515,28059025200,7383954,KSQ
354390,KR7354390007,바스칸바이오제약,KONEX,일반기업부,3995,1,245,6.53,3700,3995,3700,627,2330900,28037896765,7018247,KNX
403360,KR7403360001,라피치,KONEX,일반기업부,7800,1,400,5.41,7600,8510,7300,2237,16780850,27969372600,3585817,KNX
080530,KR7080530009,코디,KOSDAQ,중견기업부,2500,2,-150,-5.66,2605,2665,2497,27672,70210771,27755437500,11102175,KSQ
003680,KR7003680006,한성기업,KOSPI,,4465,2,-150,-3.25,4585,4680,4465,10960,49510547,27725484475,6209515,STK
046390,KR7046390001,삼화네트웍스,KOSDAQ,중견기업부,1605,2,-81,-4.8,1699,1713,1595,23885,38773092,27717022665,17269173,KSQ
017000,KR7017000001,신원종합개발,KOSDAQ,우량기업부,2375,2,-55,-2.26,2415,2435,2375,53370,127752462,27711564125,11668027,KSQ
010400,KR7010400000,우진아이엔에스,KOSPI,,3625,1,55,1.54,3780,3780,3525,9544,34387370,27629750000,7622000,STK
440320,KR7440320000,오픈놀,KOSDAQ,기술성장기업부,2810,2,-185,-6.18,2880,2950,2775,78854,223194030,27622300000,9830000,KSQ
342870,KR7342870003,오아,KOSDAQ,중견기업부,5060,2,-210,-3.98,5420,5420,5050,4626,23824290,27577996820,5450197,KSQ
013810,KR7013810007,스페코,KOSDAQ,중견기업부,1879,2,-26,-1.36,1786,1903,1786,46566,86557212,27537628130,14655470,KSQ
079170,KR7079170007,한창산업,KOSDAQ,우량기업부,5290,2,-60,-1.12,5460,5460,5120,19015,99797035,27508000000,5200000,KSQ
056730,KR7056730005,CNT85,KOSDAQ,중견기업부,1855,2,-42,-2.21,1850,1883,1847,741,1373321,27495249635,14822237,KSQ
008470,KR7008470007,부스타,KOSDAQ,벤처기업부,3255,2,-20,-0.61,3280,3355,3250,17443,57210900,27357624000,8404800,KSQ
233990,KR7233990001,질경이,KONEX,일반기업부,1693,1,4,0.24,1688,1890,1445,763,1108696,27305608062,16128534,KNX
121890,KR7121890008,에스디시스템,KOSDAQ,중견기업부,2050,2,-15,-0.73,2065,2195,1982,27607,56155839,27247464300,13291446,KSQ
006345,KR7006341002,대원전선우,KOSPI,,10390,2,-370,-3.44,10910,11500,9750,184814,1904073905,27234268000,2621200,STK
464680,KR7464680008,KB제27호스팩,KOSDAQ,관리종목(소속부없음),2110,3,0,0.0,2110,2110,2105,494130,1041117740,27229550000,12905000,KSQ
043220,KR7043220003,티에스넥스젠,KOSDAQ,관리종목(소속부없음),1710,0,0,0.0,0,0,0,0,0,27227331360,15922416,KSQ
033050,KR7033050006,제이엠아이,KOSDAQ,중견기업부,835,1,9,1.09,826,847,824,33067,27509070,27203750570,32579342,KSQ
317120,KR7317120004,라닉스,KOSDAQ,기술성장기업부,1782,2,-90,-4.81,1872,1896,1765,128876,232303313,27193320000,15260000,KSQ
018680,KR7018680009,서울제약,KOSDAQ,벤처기업부,2330,3,0,0.0,2415,2445,2270,6255,14431745,27166213270,11659319,KSQ
140430,KR7140430000,카티스,KOSDAQ,중견기업부,2540,2,-55,-2.12,2575,2960,2475,187483,506418290,27151347780,10689507,KSQ
317240,KR7317240000,TS트릴리온,KOSDAQ,벤처기업부,930,2,-55,-5.58,985,985,909,74012,69447201,27134341230,29176711,KSQ
405920,KR7405920000,나라셀라,KOSDAQ,중견기업부,2105,3,0,0.0,2125,2130,2055,12040,25121645,27108349980,12878076,KSQ
033250,KR7033250002,체시스,KOSPI,,4235,1,75,1.8,4200,4235,4090,72158,298190035,27104000000,6400000,STK
013720,KR7013720008,THE CUBE&,KOSDAQ,중견기업부,443,2,-7,-1.56,450,450,420,254438,109965248,26946867349,60828143,KSQ
311060,KR7311060008,엘에이티,KONEX,일반기업부,3410,2,-25,-0.73,3200,3500,3010,837,2740710,26843976940,7872134,KNX
318010,KR7318010006,팜스빌,KOSDAQ,벤처기업부,3385,1,50,1.5,3300,3385,3260,7823,26006375,26840809130,7929338,KSQ
131100,KR7131100000,티엔엔터테인먼트,KOSDAQ,중견기업부,830,2,-67,-7.47,897,897,814,101737,84456016,26764780920,32246724,KSQ
397810,KR7397810003,애드포러스,KOSDAQ,벤처기업부,5180,1,10,0.19,5070,5180,4840,6084,30571825,26732788600,5160770,KSQ
001810,KR7001810001,무림SP,KOSDAQ,중견기업부,1205,1,4,0.33,1201,1225,1177,35094,42046159,26675687500,22137500,KSQ
063760,KR7063760003,이엘피,KOSDAQ,벤처기업부,2860,1,30,1.06,2810,2905,2760,54912,154846711,26669871800,9325130,KSQ
073570,KR7073570004,리튬포어스,KOSDAQ,관리종목(소속부없음),2215,2,-75,-3.28,2290,2450,2140,118150,270800656,26662681520,12037328,KSQ
354200,KR7354200008,엔젠바이오,KOSDAQ,기술성장기업부,992,2,-15,-1.49,998,1023,986,72995,72806930,26595272000,26809750,KSQ
191600,KR7191600006,블루탑,KONEX,일반기업부,9300,4,1210,14.96,9300,9300,9300,1,9300,26588030400,2858928,KNX
403810,KR7403810005,아이엘로보틱스,KONEX,일반기업부,2675,1,100,3.88,2850,2850,2570,909,2378505,26582400550,9937346,KNX
032750,KR7032750002,삼진,KOSDAQ,우량기업부,2940,1,85,2.98,2835,2950,2825,11036,31878775,26551498680,9031122,KSQ
005110,KR7005110002,한창,KOSPI,,1254,0,0,0.0,0,0,0,0,0,26467434378,21106407,STK
274400,KR7274400001,이노시뮬레이션,KOSDAQ,기술성장기업부,2910,2,-25,-0.85,2915,2915,2740,11919,33727620,26441694630,9086493,KSQ
030720,KR7030720007,동원수산,KOSPI,,5680,2,-10,-0.18,5690,5810,5600,19322,109690970,26433612400,4653805,STK
045510,KR7045510005,정원엔시스,KOSDAQ,중견기업부,819,2,-21,-2.5,840,859,790,125148,103311004,26379410148,32209292,KSQ
068100,KR7068100007,케이웨더,KOSDAQ,기술성장기업부,2210,2,-45,-2.0,2245,2365,2190,40997,93425415,26359854560,11927536,KSQ
024890,KR7024890006,대원화성,KOSPI,,3195,1,145,4.75,3035,3460,2975,37074,117332471,26358206850,8249830,STK
006740,KR7006740005,블루산업개발,KOSPI,,5550,1,210,3.93,5340,5550,5210,11688,62152615,26351205750,4747965,STK
353590,KR7353590003,오토앤,KOSDAQ,중견기업부,2045,2,-60,-2.85,2105,2115,2005,13263,27050573,26330540650,12875570,KSQ
900110,HK0000057197,딥커머스,KOSDAQ,외국기업(소속부없음),713,0,0,0.0,0,0,0,0,0,26291693185,36874745,KSQ
006050,KR7006050009,국영지앤엠,KOSDAQ,중견기업부,753,1,31,4.29,725,758,700,530757,391636628,26276117979,34895243,KSQ
310870,KR7310870001,디와이씨,KOSDAQ,벤처기업부,1270,2,-39,-2.98,1309,1385,1266,469385,615356933,26272834170,20687271,KSQ
019660,KR7019660000,글로본,KOSDAQ,중견기업부,1884,1,9,0.48,1875,1980,1860,10902,20868349,26271123372,13944333,KSQ
143210,KR7143210003,핸즈코퍼레이션,KOSPI,,1199,0,0,0.0,0,0,0,0,0,26229020653,21875747,STK
455180,KR7455180000,케이지에이,KOSDAQ,벤처기업부,1879,1,218,13.12,1662,2000,1662,276150,508882597,26227675764,13958316,KSQ
237750,KR7237750005,피앤씨테크,KOSDAQ,벤처기업부,4035,3,0,0.0,4140,4140,3955,17405,69794915,26213781000,6496600,KSQ
053290,KR7053290003,NE능률,KOSDAQ,중견기업부,1578,2,-13,-0.82,1591,1668,1528,24292,38024002,26078512446,16526307,KSQ
101000,KR7101000008,KS인더스트리,KOSDAQ,중견기업부,656,2,-49,-6.95,705,705,655,243770,164531380,26005117888,39641948,KSQ
007770,KR7007770001,한일화학,KOSDAQ,중견기업부,7400,1,50,0.68,7860,7860,7290,2074,15444660,25974000000,3510000,KSQ
252500,KR7252500004,세화피앤씨,KOSDAQ,중견기업부,624,3,0,0.0,614,626,608,45413,27990944,25887507360,41486390,KSQ
091340,KR7091340000,S&K폴리텍,KOSDAQ,중견기업부,2210,2,-95,-4.12,2305,2335,2190,39593,88232385,25865223410,11703721,KSQ
227420,KR7227420007,도부,KONEX,일반기업부,679,5,-119,-14.91,908,908,679,122,83296,25832222290,38044510,KNX
016100,KR7016100000,리더스코스메틱,KOSDAQ,중견기업부,1351,1,16,1.2,1378,1378,1248,18825,24455870,25805307794,19100894,KSQ
032080,KR7032080004,아즈텍WB,KOSDAQ,중견기업부,1200,2,-26,-2.12,1216,1233,1179,14879,17713216,25789234800,21491029,KSQ
200230,KR7200230001,텔콘RF제약,KOSDAQ,중견기업부,360,0,0,0.0,0,0,0,0,0,25748471880,71523533,KSQ
002355,KR7002351005,넥센타이어1우B,KOSPI,,3950,1,5,0.13,3960,3985,3890,14074,55031345,25675000000,6500000,STK
004270,KR7004270005,남성,KOSPI,,7070,3,0,0.0,7050,7070,6900,2584,18031040,25601997120,3621216,STK
069140,KR7069140002,누리플랜,KOSDAQ,벤처기업부,1695,2,-58,-3.31,1783,1785,1620,118917,200248260,25587387780,15095804,KSQ
367000,KR7367000007,플래티어,KOSDAQ,벤처기업부,3020,2,-165,-5.18,3025,3185,3000,9451,28389960,25332385140,8388207,KSQ
059180,KR7059180000,엔더블유시,KONEX,일반기업부,4765,2,-10,-0.21,4765,4765,4765,250,1191250,25321638850,5314090,KNX
012170,KR7012170007,아센디오,KOSPI,,1250,1,82,7.02,1139,1365,1070,482337,589391992,25312742500,20250194,STK
002820,KR7002820009,SUN&L,KOSPI,,2000,2,-35,-1.72,2035,2035,1933,43206,86383847,25215978000,12607989,STK
036480,KR7036480002,대성미생물,KOSDAQ,중견기업부,6630,1,80,1.22,6540,6630,6390,6804,43735020,25194000000,3800000,KSQ
051380,KR7051380004,피씨디렉트,KOSDAQ,중견기업부,1637,3,0,0.0,1639,1669,1601,24931,40507854,25111697864,15340072,KSQ
118000,KR7118000009,메타케어,KOSPI,,1460,1,77,5.57,1383,1513,1273,80759,114671747,25079494560,17177736,STK
304840,KR7304840002,피플바이오,KOSDAQ,벤처기업부,1031,2,-36,-3.37,1125,1125,1020,57548,60391159,25074600460,24320660,KSQ
058450,KR7058450008,한주에이알티,KOSDAQ,투자주의환기종목(소속부없음),5000,1,275,5.82,4755,5000,4270,17289,75763135,25066860000,5013372,KSQ
005360,KR7005360003,모나미,KOSPI,,1322,2,-28,-2.07,1350,1356,1301,31175,41463896,24982239854,18897307,STK
131180,KR7131180002,딜리,KOSDAQ,벤처기업부,4255,1,10,0.24,4215,4315,4125,3826,15943866,24976850000,5870000,KSQ
348030,KR7348030008,모비릭스,KOSDAQ,중견기업부,2595,1,340,15.08,2260,2715,2260,814017,2048133285,24921861000,9603800,KSQ
008775,KR7008771008,호텔신라우,KOSPI,,33050,1,700,2.16,32900,34000,32400,3199,106081600,24849600950,751879,STK
424760,KR7424760007,벨로크,KOSDAQ,벤처기업부,2445,2,-130,-5.05,2580,2580,2350,72533,175765882,24582929760,10054368,KSQ
006200,KR7006200000,한국전자홀딩스,KOSPI,,2620,2,-30,-1.13,2650,2840,2520,146018,385945035,24524842740,9360627,STK
258790,KR7258790005,소프트캠프,KOSDAQ,벤처기업부,4900,2,-200,-3.92,5100,5370,4850,70100,353655705,24491454400,4998256,KSQ
377330,KR7377330006,이지트로닉스,KOSDAQ,기술성장기업부,2995,1,90,3.1,2820,3080,2820,13653,39678741,24379162230,8139954,KSQ
290560,KR7290560002,파라택시스이더리움,KOSDAQ,벤처기업부,1089,2,-31,-2.77,1120,1128,1067,26326,28615166,24353012970,22362730,KSQ
457600,KR7457600005,벡트,KOSDAQ,벤처기업부,1774,1,163,10.12,1611,1843,1611,164862,289007451,24317105000,13707500,KSQ
303530,KR7303530000,이노뎁,KOSDAQ,벤처기업부,3300,1,20,0.61,3280,3365,3160,11388,36912150,24219686700,7339299,KSQ
026910,KR7026910000,광진실업,KOSDAQ,관리종목(소속부없음),3775,1,50,1.34,3725,3880,3455,99964,373099955,24180403875,6405405,KSQ
115480,KR7115480006,씨유메디칼,KOSDAQ,중견기업부,1988,1,68,3.54,1920,2050,1823,49743,96214015,24104323068,12124911,KSQ
446070,KR7446070005,유니드비티플러스,KOSPI,,2270,2,-60,-2.58,2315,2345,2160,57824,131760515,24087458050,10611215,STK
239340,KR7239340003,이스트에이드,KOSDAQ,중견기업부,892,2,-58,-6.11,950,951,856,32653,29199985,24065833528,26979634,KSQ
003495,KR7003491008,대한항공우,KOSPI,,21600,2,-250,-1.14,21850,22500,21600,4426,96319200,23993150400,1110794,STK
306040,KR7306040007,에스제이그룹,KOSDAQ,중견기업부,2430,2,-160,-6.18,2555,2590,2410,314697,777457052,23973962040,9865828,KSQ
052300,KR7052300001,오션인더블유,KOSDAQ,중견기업부,1472,2,-50,-3.29,1522,1600,1430,71578,107501352,23911356416,16244128,KSQ
093380,KR7093380004,풍강,KOSDAQ,중견기업부,2420,2,-15,-0.62,2495,2495,2375,7051,16979340,23907937460,9879313,KSQ
335870,KR7335870002,윙스풋,KOSDAQ,중견기업부,1423,1,38,2.74,1426,1552,1370,48195,70243214,23835923079,16750473,KSQ
207490,KR7207490004,에이펙스인텍,KONEX,일반기업부,6600,1,300,4.76,6480,6600,6480,165,1070400,23760000000,3600000,KNX
434190,KR7434190005,탈로스,KONEX,일반기업부,3220,2,-40,-1.23,3300,3385,3030,5347,17135990,23729577480,7369434,KNX
418620,KR7418620001,E8,KOSDAQ,기술성장기업부,1195,2,-35,-2.85,1231,1231,1152,149139,175325382,23721320015,19850477,KSQ
138070,KR7138070008,신진에스엠,KOSDAQ,중견기업부,1354,2,-63,-4.45,1409,1417,1331,128295,172983446,23699338216,17503204,KSQ
037400,KR7037400009,우리엔터프라이즈,KOSDAQ,중견기업부,902,3,0,0.0,900,925,865,37528,33575124,23653458092,26223346,KSQ
333050,KR7333050003,이노테나,KOSDAQ,벤처기업부,4805,2,-455,-8.65,5320,5320,4715,21819,106748350,23653405325,4922665,KSQ
179720,KR7179720008,머니무브,KONEX,일반기업부,8600,0,0,0.0,0,0,0,0,0,23650154800,2750018,KNX
298060,KR7298060005,풍전약품,KOSDAQ,관리종목(소속부없음),2675,1,35,1.33,2620,2850,2605,73780,197923935,23648698625,8840635,KSQ
102950,KR7102950003,아하,KONEX,일반기업부,1797,2,-56,-3.02,2120,2120,1601,1921,3304529,23580059691,13121903,KNX
188260,KR7188260004,세니젠,KOSDAQ,관리종목(소속부없음),1775,2,-79,-4.26,1762,1877,1690,14070,24580972,23542664575,13263473,KSQ
331520,KR7331520007,밸로프,KOSDAQ,중견기업부,2310,2,-45,-1.91,2355,2365,2240,27454,62570812,23499348180,10172878,KSQ
146060,KR7146060009,율촌,KOSDAQ,중견기업부,977,1,8,0.83,969,984,949,109972,106031560,23463236315,24015595,KSQ
090150,KR7090150004,아이윈,KOSDAQ,중견기업부,559,1,24,4.49,535,563,526,192604,105305200,23408288787,41875293,KSQ
078860,KR7078860004,아이오케이이엔엠,KOSDAQ,투자주의환기종목(소속부없음),3940,2,-25,-0.63,3970,4000,3700,9784,37749945,23388726500,5936225,KSQ
024940,KR7024940009,PN풍년,KOSDAQ,벤처기업부,2335,2,-60,-2.51,2360,2395,2315,50030,117355205,23350000000,10000000,KSQ
373110,KR7373110006,엑셀세라퓨틱스,KOSDAQ,기술성장기업부,1350,2,-78,-5.46,1428,1428,1341,194011,268645802,23347431900,17294394,KSQ
009310,KR7009310004,참엔지니어링,KOSPI,,5330,0,0,0.0,0,0,0,0,0,23329484620,4377014,STK
130740,KR7130740004,티피씨글로벌,KOSDAQ,중견기업부,2065,1,30,1.47,2035,2180,2000,259695,546652419,23286342135,11276679,KSQ
069640,KR7069640001,한세엠케이,KOSPI,,1036,2,-24,-2.26,1051,1094,962,21044,22064994,23209768036,22403251,STK
023770,KR7023770001,플레이위드,KOSDAQ,중견기업부,2590,2,-20,-0.77,2595,2630,2480,20138,51269875,23171422050,8946495,KSQ
065150,KR7065150005,대산F&B,KOSDAQ,관리종목(소속부없음),1450,0,0,0.0,0,0,0,0,0,23110448000,15938240,KSQ
267790,KR7267790004,배럴,KOSDAQ,중견기업부,3000,2,-45,-1.48,3025,3080,2995,5040,15219525,23067927000,7689309,KSQ
131760,KR7131760001,파인텍,KOSDAQ,벤처기업부,2650,2,-335,-11.22,3025,3065,2505,667904,1798378882,23018737400,8686316,KSQ
070590,KR7070590005,인티큐브,KOSDAQ,중견기업부,1657,2,-7,-0.42,1663,1664,1611,30769,50677403,22998366297,13879521,KSQ
027580,KR7027580000,상보,KOSDAQ,중견기업부,1937,2,-78,-3.87,2020,2035,1936,78733,154656743,22926825935,11836255,KSQ
900340,HK0000449303,윙입푸드,KOSDAQ,외국기업(소속부없음),1820,1,5,0.28,1795,1820,1724,100129,175896829,22900572240,12582732,KSQ
270210,KR7270210008,에스알바이오텍,KONEX,일반기업부,13360,2,-40,-0.3,13000,13360,12670,68,882130,22864945280,1711448,KNX
123840,KR7123840001,뉴온,KOSDAQ,투자주의환기종목(소속부없음),3590,1,70,1.99,3520,3645,3170,6811,23021930,22851893700,6365430,KSQ
096690,KR7096690003,에이루트,KOSDAQ,중견기업부,5680,2,-200,-3.4,5700,5840,5410,4709,26335540,22849742560,4022842,KSQ
038530,KR7038530002,케이바이오랩스,KOSDAQ,중견기업부,986,2,-31,-3.05,1027,1027,970,85829,84526655,22818868834,23142869,KSQ
301300,KR7301300000,바이브컴퍼니,KOSDAQ,기술성장기업부,1729,2,-59,-3.3,1789,1789,1686,34969,59885989,22744497048,13154712,KSQ
208350,KR7208350009,지란지교시큐리티,KOSDAQ,벤처기업부,2795,2,-65,-2.27,2855,2855,2720,30648,85388395,22643888150,8101570,KSQ
123750,KR7123750002,알톤,KOSDAQ,중견기업부,1638,1,32,1.99,1606,1699,1521,25861,41139350,22635946242,13819259,KSQ
053060,KR7053060000,세동,KOSDAQ,중견기업부,1276,2,-1,-0.08,1290,1290,1255,46435,58930335,22530866644,17657419,KSQ
376980,KR7376980009,원티드랩,KOSDAQ,기술성장기업부,2305,2,-5,-0.22,2185,2385,2185,89396,201688942,22511538170,9766394,KSQ
043360,KR7043360007,디지아이,KOSDAQ,벤처기업부,2500,1,40,1.63,2410,2500,2340,14571,35646080,22500000000,9000000,KSQ
188040,KR7188040000,바이오포트,KOSDAQ,벤처기업부,4790,2,-10,-0.21,4765,4850,4445,15370,71656530,22413885320,4679308,KSQ
044380,KR7044380004,주연테크,KOSPI,,1738,1,86,5.21,1653,1740,1549,69483,113998791,22413797208,12896316,STK
139670,KR7139670004,키네마스터,KOSDAQ,중견기업부,1587,1,9,0.57,1584,1648,1532,26497,42075431,22406551470,14118810,KSQ
432980,KR7432980001,엠에프씨,KOSDAQ,기술성장기업부,2600,3,0,0.0,2600,2640,2495,12216,31185090,22338529200,8591742,KSQ
021040,KR7021040001,대호특수강,KOSDAQ,중견기업부,1029,1,25,2.49,1004,1090,973,34580,35354457,22334212446,21704774,KSQ
054090,KR7054090006,삼진엘앤디,KOSDAQ,중견기업부,893,2,-18,-1.98,930,930,890,86227,77765467,22288594176,24959232,KSQ
216400,KR7216400002,인바이츠바이오코아,KONEX,일반기업부,2890,1,50,1.76,2900,3000,2500,745,1995020,22285700350,7711315,KNX
060380,KR7060380003,동양에스텍,KOSDAQ,중견기업부,1130,2,-19,-1.65,1132,1192,1118,24457,27898874,22261000000,19700000,KSQ
236810,KR7236810008,엔비티,KOSDAQ,기술성장기업부,1311,1,67,5.39,1244,1332,1170,69767,89619878,22254783486,16975426,KSQ
067730,KR7067730002,로지시스,KOSDAQ,중견기업부,2300,2,-30,-1.29,2335,2345,2255,45889,105812770,22250020600,9673922,KSQ
080470,KR7080470008,성창오토텍,KOSDAQ,벤처기업부,3030,2,-140,-4.42,3170,3170,3005,24426,74407000,22119000000,7300000,KSQ
352940,KR7352940001,인바이오,KOSDAQ,벤처기업부,2035,1,36,1.8,1999,2055,1972,14868,29717530,22115830550,10867730,KSQ
044780,KR7044780005,에이치케이,KOSDAQ,벤처기업부,1194,2,-41,-3.32,1231,1231,1149,73489,87367025,22095909678,18505787,KSQ
113810,KR7113810006,디젠스,KOSDAQ,중견기업부,676,2,-4,-0.59,621,800,573,3961182,2712587276,22056562476,32628051,KSQ
065060,KR7065060006,지엔코,KOSDAQ,중견기업부,3680,1,200,5.75,3350,3790,3350,79871,282167481,22044620480,5990386,KSQ
353190,KR7353190002,휴럼,KOSDAQ,중견기업부,2795,1,25,0.9,2845,2845,2695,12399,34077645,22012536780,7875684,KSQ
109960,KR7109960005,앱토크롬,KOSDAQ,투자주의환기종목(소속부없음),1993,2,-167,-7.73,2160,2170,1925,82401,166816723,22001649759,11039463,KSQ
197140,KR7197140007,디지캡,KOSDAQ,벤처기업부,1690,1,41,2.49,1649,1690,1600,2252,3688643,21992230260,13013154,KSQ
291230,KR7291230001,엔피,KOSDAQ,중견기업부,498,2,-2,-0.4,500,526,495,74395,37103180,21959695950,44095775,KSQ
009460,KR7009460007,한창제지,KOSPI,,1840,2,-12,-0.65,1831,1869,1761,11463,21042763,21957634480,11933497,STK
076340,KR7076340009,지에이이노더스,KONEX,일반기업부,4500,0,0,0.0,0,0,0,0,0,21921570000,4871460,KNX
016920,KR7016920001,카스,KOSDAQ,중견기업부,823,2,-3,-0.36,826,835,810,26355,21645616,21804181774,26493538,KSQ
091970,KR7091970004,나노캠텍,KOSDAQ,중견기업부,2885,2,-185,-6.03,3070,3120,2780,147946,433014825,21737840300,7534780,KSQ
222980,KR7222980005,한국맥널티,KOSDAQ,벤처기업부,1961,1,37,1.92,1924,2030,1828,15367,29931124,21632738163,11031483,KSQ
067010,KR7067010009,이씨에스,KOSDAQ,벤처기업부,1985,2,-20,-1.0,2015,2015,1963,12020,23744584,21613672500,10888500,KSQ
357430,KR7357430008,마스턴프리미어리츠,KOSPI,,708,1,1,0.14,706,710,699,34595,24342488,21597757356,30505307,STK
080720,KR7080720006,한국유니온제약,KOSDAQ,관리종목(소속부없음),2725,0,0,0.0,0,0,0,0,0,21562456300,7912828,KSQ
431190,KR7431190008,케이쓰리아이,KOSDAQ,기술성장기업부,2875,2,-15,-0.52,2740,2900,2695,52312,144021657,21523520750,7486442,KSQ
002360,KR7002360006,SH에너지화학,KOSPI,,1935,2,-45,-2.27,1981,1998,1850,70069,134712976,21504376755,11113373,STK
377220,KR7377220009,프롬바이오,KOSDAQ,기술성장기업부,759,1,24,3.27,735,930,735,1211729,1013786047,21487290000,28310000,KSQ
079650,KR7079650008,서산,KOSDAQ,중견기업부,1074,2,-21,-1.92,1095,1126,1016,24165,25668062,21480000000,20000000,KSQ
317860,KR7317860005,노드메이슨,KONEX,일반기업부,4745,0,0,0.0,0,0,0,0,0,21415205175,4513215,KNX
270520,KR7270520000,앱튼,KOSDAQ,투자주의환기종목(소속부없음),1089,2,-7,-0.64,1094,1390,1000,237548,256530692,21408557346,19658914,KSQ
017250,KR7017250002,인터엠,KOSDAQ,중견기업부,1015,1,19,1.91,1001,1015,990,119893,120012900,21361149005,21045467,KSQ
362990,KR7362990004,드림인사이트,KOSDAQ,벤처기업부,1270,1,24,1.93,1283,1350,1227,92879,119655883,21336728980,16800574,KSQ
103230,KR7103230009,에스앤더블류,KOSDAQ,중견기업부,2950,2,-75,-2.48,3025,3025,2830,87047,250937860,21240000000,7200000,KSQ
331660,KR7331660001,한국미라클피플사,KONEX,일반기업부,3845,1,45,1.18,3845,3845,3845,1,3845,21147500000,5500000,KNX
285800,KR7285800009,진영,KOSDAQ,벤처기업부,1205,1,42,3.61,1079,1240,1079,97793,114925040,21060110350,17477270,KSQ
322970,KR7322970005,무진메디,KONEX,일반기업부,2085,3,0,0.0,2100,2100,1811,4816,9233055,21028661565,10085689,KNX
087260,KR7087260006,모바일어플라이언스,KOSDAQ,벤처기업부,643,1,5,0.78,638,667,581,709740,453495325,20931489623,32552861,KSQ
227610,KR7227610003,아우딘퓨쳐스,KOSDAQ,벤처기업부,1100,1,102,10.22,998,1113,899,157075,157603236,20925985300,19023623,KSQ
025890,KR7025890005,한국주강,KOSPI,,1876,2,-13,-0.69,1879,1880,1854,6464,12068323,20907299616,11144616,STK
115570,KR7115570004,스타플렉스,KOSDAQ,중견기업부,2615,2,-35,-1.32,2650,2655,2565,7702,20102885,20879488420,7984508,KSQ
148780,KR7148780000,비큐AI,KOSDAQ,기술성장기업부,660,1,3,0.46,657,660,630,130935,84810295,20754178500,31445725,KSQ
085810,KR7085810000,알티캐스트,KOSDAQ,중견기업부,1579,2,-22,-1.37,1601,1601,1498,14541,22376355,20699436274,13109206,KSQ
465770,KR7465770006,STX그린로지스,KOSPI,,2880,1,55,1.95,2895,2930,2725,66196,185874765,20652572160,7171032,STK
101400,KR7101400000,엔시트론,KOSDAQ,중견기업부,1755,3,0,0.0,1754,1755,1649,32186,53652430,20606837940,11741788,KSQ
322780,KR7322780008,코퍼스코리아,KOSDAQ,중견기업부,2295,1,5,0.22,2345,2450,2255,74500,173422420,20597234850,8974830,KSQ
900100,USU652221081,파이온엑스,KOSDAQ,외국기업(소속부없음),389,0,0,0.0,0,0,0,0,0,20523835278,52760502,KSQ
225590,KR7225590009,패션플랫폼,KOSDAQ,우량기업부,3990,1,10,0.25,4060,4060,3910,4925,19471420,20434290240,5121376,KSQ
238200,KR7238200000,비피도,KOSDAQ,벤처기업부,2495,2,-95,-3.67,2530,2635,2450,27776,69981588,20409100000,8180000,KSQ
060900,KR7060900008,에이전트AI,KOSDAQ,중견기업부,5100,2,-50,-0.97,5150,5150,4790,16027,79421720,20354472300,3991073,KSQ
035620,KR7035620004,바른손이앤에이,KOSDAQ,중견기업부,1092,1,7,0.65,1077,1172,1070,96240,105682937,20322030456,18609918,KSQ
328380,KR7328380001,솔트웨어,KOSDAQ,벤처기업부,2960,2,-40,-1.33,3165,3170,2870,22066,64846210,20283562800,6852555,KSQ
039310,KR7039310008,세중,KOSDAQ,중견기업부,1119,1,7,0.63,1112,1189,1079,77664,86203453,20278145373,18121667,KSQ
365900,KR7365900000,브이씨,KOSDAQ,벤처기업부,2770,1,20,0.73,2805,2805,2700,10937,30002340,20249531000,7310300,KSQ
034940,KR7034940007,조아제약,KOSDAQ,중견기업부,653,2,-39,-5.64,692,693,645,88226,57724841,20229827031,30979827,KSQ
115610,KR7115610008,이미지스,KOSDAQ,벤처기업부,1710,2,-89,-4.95,1800,1800,1684,79757,137205219,20210094990,11818769,KSQ
083640,KR7083640003,인콘,KOSDAQ,벤처기업부,1300,2,-60,-4.41,1360,1361,1286,62524,82241061,20207291000,15544070,KSQ
001685,KR7001681006,대상우,KOSPI,,14740,2,-320,-2.12,15390,15390,14550,10454,154225010,20197087020,1370223,STK
278990,KR7278990007,EMB,KONEX,일반기업부,2500,2,-45,-1.77,2400,2500,2400,15,36500,20161942500,8064777,KNX
154030,KR7154030001,아시아종묘,KOSDAQ,벤처기업부,1671,1,1,0.06,1670,1707,1603,26089,43168935,20155379757,12061867,KSQ
275630,KR7275630002,에스에스알,KOSDAQ,벤처기업부,3820,1,150,4.09,3640,3885,3505,29995,112738297,20069546560,5253808,KSQ
054220,KR7054220009,비츠로시스,KOSDAQ,벤처기업부,1593,2,-60,-3.63,1639,1640,1476,106814,164551291,20056851288,12590616,KSQ
215480,KR7215480005,토박스코리아,KOSDAQ,중견기업부,2240,1,80,3.7,2160,2300,2140,45824,100492985,20048000000,8950000,KSQ
076080,KR7076080001,웰크론한텍,KOSDAQ,중견기업부,885,1,24,2.79,817,900,811,69932,60353608,19995828060,22594156,KSQ
415380,KR7415380005,스튜디오삼익,KOSDAQ,중견기업부,1747,2,-63,-3.48,1845,1845,1701,23997,42429271,19990877325,11442975,KSQ
192390,KR7192390003,윈하이텍,KOSDAQ,벤처기업부,1812,1,83,4.8,1795,1863,1626,127459,229575861,19990398948,11032229,KSQ
134060,KR7134060003,이퓨쳐,KOSDAQ,벤처기업부,4185,1,275,7.03,4025,4235,3910,25816,105922293,19959311250,4769250,KSQ
054940,KR7054940002,엑사이엔씨,KOSDAQ,중견기업부,601,2,-4,-0.66,605,611,581,248664,147207178,19937302348,33173548,KSQ
049120,KR7049120009,파인디앤씨,KOSDAQ,벤처기업부,1880,1,57,3.13,1899,1927,1759,34039,63863950,19931126440,10601663,KSQ
372800,KR7372800003,아이티아이즈,KOSDAQ,벤처기업부,2830,2,-80,-2.75,3040,3040,2735,11897,33503397,19915244870,7037189,KSQ
015020,KR7015020001,이스타코,KOSPI,,928,0,0,0.0,0,0,0,0,0,19883142400,21425800,STK
279600,KR7279600001,미디어젠,KOSDAQ,벤처기업부,4220,2,-15,-0.35,4235,4235,4050,1895,7727615,19769775820,4684781,KSQ
032280,KR7032280000,삼일,KOSDAQ,중견기업부,1219,1,12,0.99,1203,1228,1203,15965,19437748,19764366210,16213590,KSQ
084440,KR7084440007,유비온,KOSDAQ,기술성장기업부,1022,2,-3,-0.29,1023,1048,1006,78674,80346107,19553334262,19132421,KSQ
051780,KR7051780005,큐로홀딩스,KOSDAQ,중견기업부,3085,1,40,1.31,3030,3200,2905,68363,207608965,19545372275,6335615,KSQ
00499K,KR700499K014,롯데지주우,KOSPI,,24250,2,-50,-0.21,24250,24250,23500,5080,120763075,19535872750,805603,STK
018700,KR7018700005,졸스,KOSDAQ,투자주의환기종목(소속부없음),1665,1,35,2.15,1630,1753,1621,45867,76811911,19491465690,11706586,KSQ
109670,KR7109670000,씨싸이트,KOSDAQ,중견기업부,3325,2,-265,-7.38,3590,3590,3235,16812,56167405,19406701650,5836602,KSQ
214610,KR7214610008,롤링스톤,KOSDAQ,관리종목(소속부없음),2290,0,0,0.0,0,0,0,0,0,19197807380,8383322,KSQ
020400,KR7020400008,대동금속,KOSDAQ,중견기업부,3000,2,-150,-4.76,3250,3250,2955,50279,151589000,19134996000,6378332,KSQ
208640,KR7208640003,썸에이지,KOSDAQ,중견기업부,137,2,-21,-13.29,158,164,134,2639024,375970454,19075914798,139240254,KSQ
405000,KR7405000001,플라즈맵,KOSDAQ,벤처기업부,4960,2,-430,-7.98,5280,5380,4855,22812,114508060,19038682240,3838444,KSQ
101680,KR7101680007,한국정밀기계,KOSDAQ,중견기업부,2235,2,-15,-0.67,2250,2310,2070,163799,360930935,18782940000,8404000,KSQ
303030,KR7303030001,지니틱스,KOSDAQ,벤처기업부,2045,3,0,0.0,2045,2245,1956,41290,86042556,18727038420,9157476,KSQ
193250,KR7193250008,링크드,KOSDAQ,중견기업부,1400,1,50,3.7,1337,1449,1337,101332,140611082,18716506200,13368933,KSQ
031860,KR7031860000,디에이치엑스컴퍼니,KOSDAQ,관리종목(소속부없음),693,0,0,0.0,0,0,0,0,0,18714758139,27005423,KSQ
222670,KR7222670002,플럼라인생명과학,KONEX,일반기업부,4635,0,0,0.0,0,0,0,0,0,18692639820,4032932,KNX
377030,KR7377030002,비트맥스,KOSDAQ,관리종목(소속부없음),1743,2,-84,-4.6,1827,1836,1700,34682,60363160,18640269480,10694360,KSQ
018620,KR7018620005,우진비앤지,KOSDAQ,벤처기업부,3220,1,70,2.22,3150,3295,2905,25063,78244932,18604702760,5777858,KSQ
224060,KR7224060004,더코디,KOSDAQ,투자주의환기종목(소속부없음),3600,2,-425,-10.56,3710,3970,3540,34259,127846485,18578599200,5160722,KSQ
368600,KR7368600003,아이씨에이치,KOSDAQ,기술성장기업부,726,2,-6,-0.82,732,744,698,49332,35483989,18540839196,25538346,KSQ
206950,KR7206950008,볼빅,KONEX,일반기업부,1315,5,-232,-15.0,1750,1750,1315,1135,1494970,18511603475,14077265,KNX
042040,KR7042040006,케이피엠테크,KOSDAQ,중견기업부,749,0,0,0.0,0,0,0,0,0,18507312138,24709362,KSQ
032980,KR7032980005,바이온,KOSDAQ,관리종목(소속부없음),604,0,0,0.0,0,0,0,0,0,18354952980,30388995,KSQ
226340,KR7226340008,본느,KOSDAQ,중견기업부,2180,2,-95,-4.18,2270,2275,2075,99548,216137950,18291255120,8390484,KSQ
389680,KR7389680000,유디엠텍,KOSDAQ,기술성장기업부,2195,1,60,2.81,2135,2330,2120,36217,78775046,18259092135,8318493,KSQ
196700,KR7196700009,웹스,KOSDAQ,벤처기업부,1266,1,7,0.56,1258,1328,1230,89357,112223279,18185006304,14364144,KSQ
005257,KR7005252002,녹십자홀딩스2우,KOSPI,,21450,2,-50,-0.23,21500,21500,21400,226,4855600,18146485500,845990,STK
032680,KR7032680001,소프트센,KOSDAQ,중견기업부,866,2,-53,-5.77,911,919,845,145122,126146527,18061192946,20855881,KSQ
083470,KR7083470005,이엠앤아이,KOSDAQ,벤처기업부,832,1,5,0.6,859,859,779,54266,44186701,17755153728,21340329,KSQ
050760,KR7050760008,에스폴리텍,KOSDAQ,중견기업부,1084,2,-37,-3.3,1150,1150,1050,41283,44729398,17706790952,16334678,KSQ
086220,KR7086220001,광동헬스바이오,KONEX,일반기업부,1394,1,10,0.72,1394,1394,1394,1,1394,17686883810,12687865,KNX
008600,KR7008600009,윌비스,KOSPI,,2620,0,0,0.0,0,0,0,0,0,17615839860,6723603,STK
009440,KR7009440009,KC그린홀딩스,KOSPI,,756,0,0,0.0,0,0,0,0,0,17568790596,23239141,STK
417180,KR7417180007,핑거스토리,KOSDAQ,중견기업부,5000,2,-160,-3.1,5160,5300,4955,8885,44634134,17548620000,3509724,KSQ
098660,KR7098660004,에스티오,KOSDAQ,중견기업부,1394,2,-1,-0.07,1396,1397,1381,9230,12828120,17426360544,12500976,KSQ
002070,KR7002070001,비비안,KOSPI,,7200,2,-260,-3.49,7420,7420,7110,7588,54822150,17311276800,2404344,STK
065770,KR7065770000,CS,KOSDAQ,벤처기업부,1778,2,-87,-4.66,1865,1907,1750,163006,291776413,17256494570,9705565,KSQ
110020,KR7110020005,전진바이오팜,KOSDAQ,기술성장기업부,1901,2,-73,-3.7,1958,2005,1875,15997,30447899,17220706562,9058762,KSQ
052960,KR7052960002,태양3C,KONEX,일반기업부,3495,3,0,0.0,3305,3495,3305,1082,3576950,17080337610,4887078,KNX
032800,KR7032800005,판타지오,KOSDAQ,중견기업부,1851,2,-40,-2.12,1880,1891,1760,46632,85900545,17013301761,9191411,KSQ
054410,KR7054410006,케이피티유,KOSDAQ,중견기업부,2950,2,-40,-1.34,2990,3070,2940,7212,21515080,16893009800,5726444,KSQ
482680,KR7482680006,미래에셋비전스팩7호,KOSDAQ,SPAC(소속부없음),2055,0,0,0.0,0,0,0,0,0,16881825000,8215000,KSQ
289010,KR7289010001,아이스크림에듀,KOSDAQ,중견기업부,1208,2,-69,-5.4,1265,1271,1193,44709,55689617,16845869248,13945256,KSQ
241820,KR7241820000,피씨엘,KOSDAQ,관리종목(소속부없음),6040,0,0,0.0,0,0,0,0,0,16803871920,2782098,KSQ
336040,KR7336040001,타스컴,KONEX,일반기업부,2900,2,-100,-3.33,2800,2900,2800,77,222800,16790794100,5789929,KNX
060480,KR7060480001,국일신동,KOSDAQ,중견기업부,1508,2,-5,-0.33,1513,1513,1476,11432,17061263,16723720000,11090000,KSQ
477380,KR7477380000,미래에셋비전스팩4호,KOSDAQ,SPAC(소속부없음),2055,2,-5,-0.24,2055,2065,2045,19054,39121238,16645500000,8100000,KSQ
900270,HK0000214814,헝셩그룹,KOSDAQ,외국기업(소속부없음),682,2,-115,-14.43,780,780,665,1057766,749948282,16644008128,24404704,KSQ
108675,KR7108671009,LX하우시스우,KOSPI,,16090,1,10,0.06,16090,16130,15900,3710,59150450,16610189700,1032330,STK
240600,KR7240600007,유진테크놀로지,KOSDAQ,벤처기업부,2395,1,80,3.46,2320,2500,2320,17907,42617779,16592921645,6928151,KSQ
169670,KR7169670007,코스텍시스템,KONEX,일반기업부,5780,1,100,1.76,5790,5790,5780,4,23150,16579357780,2868401,KNX
069330,KR7069330009,유아이디,KOSDAQ,벤처기업부,977,1,9,0.93,960,1016,914,36362,35012483,16562664798,16952574,KSQ
048830,KR7048830004,엔피케이,KOSDAQ,중견기업부,883,1,3,0.34,880,894,857,35398,31002739,16533224009,18723923,KSQ
060230,KR7060230000,제이케이시냅스,KOSDAQ,중견기업부,295,2,-10,-3.28,305,339,294,1032663,321929067,16479259025,55861895,KSQ
014100,KR7014100002,메디앙스,KOSDAQ,중견기업부,1392,2,-42,-2.93,1434,1434,1315,34610,47460442,16425600000,11800000,KSQ
247660,KR7247660004,나노씨엠에스,KOSDAQ,기술성장기업부,3780,2,-140,-3.57,3890,4000,3770,15859,60409625,16420017600,4343920,KSQ
0070X0,KR70070X0000,에스테크엠,KONEX,일반기업부,10850,2,-320,-2.86,12000,12000,10850,83,903980,16383500000,1510000,KNX
476710,KR7476710009,타조이엔터테인먼트,KONEX,일반기업부,16300,0,0,0.0,0,0,0,0,0,16300000000,1000000,KNX
011090,KR7011090008,에넥스,KOSPI,,1353,1,44,3.36,1309,1356,1309,22807,30236367,16233737784,11998328,STK
001420,KR7001420009,태원물산,KOSPI,,2130,1,25,1.19,2110,2195,2075,10376,22023870,16188000000,7600000,STK
065690,KR7065690000,파커스,KOSDAQ,투자주의환기종목(소속부없음),1146,3,0,0.0,1147,1280,1146,15301,17828143,16100533326,14049331,KSQ
115530,KR7115530008,씨엔플러스,KOSDAQ,중견기업부,2040,2,-160,-7.27,2180,2180,2025,40638,83626620,16084137240,7884381,KSQ
291810,KR7291810000,핀텔,KOSDAQ,기술성장기업부,1406,4,324,29.94,1110,1406,1089,616854,819059842,15984409072,11368712,KSQ
001770,KR7001770007,SHD,KOSPI,,13110,2,-230,-1.72,13600,13600,12950,619,8231185,15927050580,1214878,STK
137940,KR7137940003,넥스트아이,KOSDAQ,중견기업부,1865,1,116,6.63,1802,1930,1697,40863,75266982,15921316635,8536899,KSQ
106520,KR7106520000,노블엠앤비,KOSDAQ,투자주의환기종목(소속부없음),411,0,0,0.0,0,0,0,0,0,15904036272,38695952,KSQ
344860,KR7344860002,이노진,KOSDAQ,기술성장기업부,1315,1,20,1.54,1256,1329,1256,44167,57438925,15819450000,12030000,KSQ
045520,KR7045520004,크린앤사이언스,KOSDAQ,중견기업부,2430,1,25,1.04,2440,2440,2322,9211,22080534,15795000000,6500000,KSQ
009730,KR7009730003,이렘,KOSDAQ,투자주의환기종목(소속부없음),220,2,-14,-5.98,234,236,216,378738,84248153,15791495720,71779526,KSQ
023790,KR7023790009,동일스틸럭스,KOSDAQ,중견기업부,1205,2,-124,-9.33,1330,1365,1205,135710,168570354,15749118640,13069808,KSQ
0072Z0,KR70072Z0006,KB제33호스팩,KOSDAQ,SPAC(소속부없음),1997,2,-1,-0.05,1997,1997,1980,2409,4784016,15746345000,7885000,KSQ
067770,KR7067770008,세진티에스,KOSDAQ,중견기업부,1870,2,-330,-15.0,2100,2175,1862,29555,57901993,15701628910,8396593,KSQ
019685,KR7019681006,대교우B,KOSPI,,800,2,-22,-2.68,810,825,780,57138,45871989,15541592000,19426990,STK
254160,KR7254160005,제이엠멀티,KONEX,일반기업부,3005,2,-290,-8.8,3005,3005,3005,500,1502500,15505800000,5160000,KNX
0101C0,KR70101C0008,하나36호스팩,KOSDAQ,SPAC(소속부없음),2000,1,2,0.1,1983,2005,1982,28674,57288138,15480000000,7740000,KSQ
028080,KR7028080000,휴맥스홀딩스,KOSDAQ,중견기업부,6760,2,-350,-4.92,7180,7180,6750,5514,37665440,15466481160,2287941,KSQ
191410,KR7191410000,육일씨엔에쓰,KOSDAQ,중견기업부,1380,1,25,1.85,1350,1406,1310,168881,229004902,15461871900,11204255,KSQ
0130H0,KR70130H0008,엔에이치스팩33호,KOSDAQ,SPAC(소속부없음),2005,3,0,0.0,1990,2010,1990,30273,60551471,15438500000,7700000,KSQ
005725,KR7005721006,넥센우,KOSPI,,4280,2,-20,-0.47,4295,4295,4275,1749,7498140,15410568000,3600600,STK
469880,KR7469880009,하나30호스팩,KOSDAQ,SPAC(소속부없음),2105,3,0,0.0,2105,2105,2100,11288,23705470,15377025000,7305000,KSQ
18064K,KR718064K016,한진칼우,KOSPI,,28550,2,-650,-2.23,29200,29900,28150,1424,40695000,15324669300,536766,STK
477340,KR7477340004,에이치엠씨제7호스팩,KOSDAQ,SPAC(소속부없음),2035,1,5,0.25,2030,2035,2030,6774,13753720,15282850000,7510000,KSQ
217320,KR7217320001,썬테크,KONEX,일반기업부,14450,5,-2540,-14.95,14450,14450,14450,2,28900,15172500000,1050000,KNX
030350,KR7030350003,드래곤플라이,KOSDAQ,관리종목(소속부없음),973,0,0,0.0,0,0,0,0,0,15171092867,15592079,KSQ
199730,KR7199730003,바이오인프라,KOSDAQ,벤처기업부,3115,2,-45,-1.42,3160,3310,3040,6596,20579684,15152503205,4864367,KSQ
00806K,KR700806K010,대덕1우,KOSPI,,12490,2,-450,-3.48,12930,12930,11810,14018,170601670,15142338930,1212357,STK
0044K0,KR70044K0008,삼성스팩10호,KOSDAQ,SPAC(소속부없음),2010,2,-15,-0.74,2005,2015,1999,83527,167095599,15115200000,7520000,KSQ
096870,KR7096870001,엘디티,KOSDAQ,벤처기업부,1785,2,-26,-1.44,1811,1900,1746,25660,46147338,14901178215,8347999,KSQ
45226K,KR745226K018,한화갤러리아우,KOSPI,,5130,2,-330,-6.04,5460,5460,5130,13542,69797750,14899931100,2904470,STK
308100,KR7308100007,형지글로벌,KOSDAQ,중견기업부,620,2,-56,-8.28,663,669,611,265574,167976800,14894264960,24023008,KSQ
312610,KR7312610009,에이에프더블류,KOSDAQ,투자주의환기종목(소속부없음),734,1,22,3.09,711,758,665,138888,100102251,14868555792,20256888,KSQ
00781K,KR700781K015,코리아써키트2우B,KOSPI,,18930,2,-260,-1.35,19090,19090,18890,464,8788420,14835422070,783699,STK
379390,KR7379390008,이성씨엔아이,KONEX,일반기업부,5200,0,0,0.0,0,0,0,0,0,14775592000,2841460,KNX
227100,KR7227100005,프로브잇,KOSDAQ,관리종목(소속부없음),612,0,0,0.0,0,0,0,0,0,14770119384,24134182,KSQ
092600,KR7092600006,앤씨앤,KOSDAQ,벤처기업부,2940,2,-45,-1.51,2975,2985,2695,61856,174524832,14749106820,5016703,KSQ
000087,KR7000082008,하이트진로2우B,KOSPI,,13010,2,-200,-1.51,13600,13600,12990,1653,21708125,14703095380,1130138,STK
0115H0,KR70115H0007,삼성스팩13호,KOSDAQ,SPAC(소속부없음),1992,2,-7,-0.35,1998,2005,1987,42209,84340262,14641200000,7350000,KSQ
083660,KR7083660001,CSA 코스믹,KOSDAQ,중견기업부,233,1,10,4.48,223,289,221,3422015,858083676,14639263947,62829459,KSQ
900120,KYG2114A1094,씨엑스아이,KOSDAQ,외국기업(소속부없음),391,0,0,0.0,0,0,0,0,0,14603186473,37348303,KSQ
473050,KR7473050003,유안타제15호스팩,KOSDAQ,SPAC(소속부없음),2070,3,0,0.0,2075,2075,2070,2465,5102587,14510700000,7010000,KSQ
250930,KR7250930005,예선테크,KOSDAQ,벤처기업부,434,2,-1,-0.23,427,450,422,135091,57910563,14322190960,33000440,KSQ
233250,KR7233250000,메디안디노스틱,KONEX,일반기업부,8200,0,0,0.0,0,0,0,0,0,14321578800,1746534,KNX
154040,KR7154040000,다산솔루에타,KOSDAQ,중견기업부,797,2,-14,-1.73,811,811,774,120974,94724641,14306224918,17950094,KSQ
079190,KR7079190005,케스피온,KOSDAQ,벤처기업부,744,2,-17,-2.23,762,810,725,191711,143824742,14268251208,19177757,KSQ
478440,KR7478440001,미래에셋비전스팩6호,KOSDAQ,SPAC(소속부없음),2050,2,-10,-0.49,2050,2060,2045,4196,8591394,14206500000,6930000,KSQ
079950,KR7079950002,인베니아,KOSDAQ,관리종목(소속부없음),1025,2,-16,-1.54,1042,1090,987,216549,219873495,14144077500,13799100,KSQ
361670,KR7361670003,삼영에스앤씨,KOSDAQ,기술성장기업부,2495,2,-60,-2.35,2665,2665,2475,13061,33272902,14140806710,5667658,KSQ
208850,KR7208850008,이비테크,KONEX,일반기업부,5010,0,0,0.0,0,0,0,0,0,14129452500,2820250,KNX
479880,KR7479880007,한국제15호스팩,KOSDAQ,SPAC(소속부없음),2055,2,-10,-0.48,2065,2065,2050,14786,30358245,14117850000,6870000,KSQ
177350,KR7177350006,베셀,KOSDAQ,투자주의환기종목(소속부없음),717,2,-19,-2.58,736,736,700,125850,90400671,14091750939,19653767,KSQ
351020,KR7351020003,미쥬,KONEX,일반기업부,6790,0,0,0.0,0,0,0,0,0,14089250000,2075000,KNX
001795,KR7001791003,대한제당우,KOSPI,,2170,1,30,1.4,2140,2185,2110,12214,26140140,14067589200,6482760,STK
0099W0,KR70099W0008,미래에셋비전스팩11호,KOSDAQ,SPAC(소속부없음),2005,1,5,0.25,1992,2005,1991,28156,56352637,14035000000,7000000,KSQ
065420,KR7065420002,에스아이리소스,KOSDAQ,중견기업부,196,1,12,6.52,191,210,185,3504076,687920403,14029150604,71577299,KSQ
368970,KR7368970000,오에스피,KOSDAQ,벤처기업부,3035,1,185,6.49,2850,3215,2825,43425,127777625,13863373155,4567833,KSQ
060260,KR7060260007,뉴보텍,KOSDAQ,벤처기업부,1038,1,12,1.17,1056,1067,997,87761,90353354,13849365528,13342356,KSQ
088290,KR7088290002,이원컴포텍,KOSDAQ,관리종목(소속부없음),1726,1,16,0.94,1695,1744,1560,8716,14212273,13766700272,7976072,KSQ
043590,KR7043590009,웰킵스하이텍,KOSDAQ,중견기업부,1010,2,-13,-1.27,1023,1044,971,40266,40603690,13704064810,13568381,KSQ
352770,KR7352770002,셀레스트라,KOSDAQ,관리종목(소속부없음),5250,0,0,0.0,0,0,0,0,0,13610136750,2592407,KSQ
244460,KR7244460002,올리패스,KOSDAQ,관리종목(소속부없음),1651,0,0,0.0,0,0,0,0,0,13415218661,8125511,KSQ
456190,KR7456190008,큐라켐,KONEX,일반기업부,7640,0,0,0.0,0,0,0,0,0,13402745040,1754286,KNX
489480,KR7489480004,키움제11호스팩,KOSDAQ,SPAC(소속부없음),2030,1,5,0.25,2020,2030,2020,10115,20482810,13398000000,6600000,KSQ
0134X0,KR70134X0004,대신밸런스제20호스팩,KOSDAQ,SPAC(소속부없음),1984,2,-16,-0.8,6200,6710,1982,157751488,772551726763,13372160000,6740000,KSQ
481890,KR7481890002,엔에이치스팩31호,KOSDAQ,SPAC(소속부없음),2095,1,10,0.48,2080,2095,2080,7020,14650150,13292775000,6345000,KSQ
225430,KR7225430008,케이엠제약,KOSDAQ,벤처기업부,2350,1,290,14.08,2125,2675,2120,2985236,7538875588,13106913500,5577410,KSQ
149010,KR7149010001,아이케이세미콘,KONEX,일반기업부,4200,1,100,2.44,4100,4200,4000,102,408300,13104000000,3120000,KNX
0096B0,KR70096B0006,삼성스팩12호,KOSDAQ,SPAC(소속부없음),1990,3,0,0.0,1990,2005,1988,25922,51794677,13094200000,6580000,KSQ
002680,KR7002680007,한탑,KOSDAQ,중견기업부,403,1,5,1.26,407,517,402,4618045,2215292728,13023669997,32316799,KSQ
0097F0,KR70097F0001,미래에셋비전스팩10호,KOSDAQ,SPAC(소속부없음),1999,1,1,0.05,1995,2000,1994,30651,61250122,12993500000,6500000,KSQ
419540,KR7419540000,비스토스,KOSDAQ,벤처기업부,2800,1,85,3.13,2850,2855,2470,18717,49052897,12875805600,4598502,KSQ
489730,KR7489730002,디비금융제13호스팩,KOSDAQ,SPAC(소속부없음),2030,1,5,0.25,2020,2030,2010,5620,11303830,12853960000,6332000,KSQ
0099X0,KR70099X0007,IBKS제25호스팩,KOSDAQ,SPAC(소속부없음),2145,1,5,0.23,2135,2145,2120,24259,51892710,12827100000,5980000,KSQ
0093G0,KR70093G0004,미래에셋비전스팩8호,KOSDAQ,SPAC(소속부없음),1997,1,2,0.1,1995,1999,1995,2191,4372409,12780800000,6400000,KSQ
478390,KR7478390008,KB제29호스팩,KOSDAQ,SPAC(소속부없음),2040,2,-15,-0.73,2040,2055,2040,4742,9688680,12688800000,6220000,KSQ
054180,KR7054180005,메디콕스,KOSDAQ,관리종목(소속부없음),2295,0,0,0.0,0,0,0,0,0,12686716395,5527981,KSQ
471050,KR7471050005,대신밸런스제17호스팩,KOSDAQ,SPAC(소속부없음),2090,2,-20,-0.95,2115,2115,2090,30555,64156275,12665400000,6060000,KSQ
0054V0,KR70054V0002,엔에이치스팩32호,KOSDAQ,SPAC(소속부없음),2035,1,5,0.25,2020,2040,2020,7469,15102465,12650577500,6216500,KSQ
0037T0,KR70037T0008,KB제32호스팩,KOSDAQ,SPAC(소속부없음),1994,2,-11,-0.55,2010,2010,1988,8224,16391572,12622020000,6330000,KSQ
492220,KR7492220009,KB제31호스팩,KOSDAQ,SPAC(소속부없음),2025,2,-5,-0.25,2025,2025,2010,19267,38765265,12575250000,6210000,KSQ
012340,KR7012340006,뉴인텍,KOSDAQ,투자주의환기종목(소속부없음),1111,1,94,9.24,1017,1170,1000,252043,278713722,12554646632,11300312,KSQ
0088D0,KR70088D0004,메리츠제1호스팩,KOSDAQ,SPAC(소속부없음),2165,1,5,0.23,2155,2190,2150,36911,79848135,12546175000,5795000,KSQ
0131D0,KR70131D0001,키움히어로제2호스팩,KOSDAQ,SPAC(소속부없음),1976,1,1,0.05,1975,1979,1972,78893,155732912,12468560000,6310000,KSQ
482520,KR7482520004,교보16호스팩,KOSDAQ,SPAC(소속부없음),2030,3,0,0.0,2030,2037,2030,23164,47024885,12383000000,6100000,KSQ
0091W0,KR70091W0006,신영스팩11호,KOSDAQ,SPAC(소속부없음),2040,2,-10,-0.49,2025,2040,2025,10644,21612020,12378720000,6068000,KSQ
217880,KR7217880004,틸론,KONEX,일반기업부,1150,2,-76,-6.2,1300,1300,1150,1289,1601550,12336383500,10727290,KNX
065570,KR7065570004,삼영이엔씨,KOSDAQ,관리종목(소속부없음),764,0,0,0.0,0,0,0,0,0,12295692232,16093838,KSQ
482690,KR7482690005,대신밸런스제19호스팩,KOSDAQ,SPAC(소속부없음),2160,2,-5,-0.23,2120,2195,2120,27958,60658005,12128400000,5615000,KSQ
477760,KR7477760003,DB금융스팩12호,KOSDAQ,SPAC(소속부없음),2065,3,0,0.0,2050,2065,2040,34788,71597004,12059600000,5840000,KSQ
084180,KR7084180009,수성웹툰,KOSDAQ,중견기업부,667,1,11,1.68,656,720,636,181782,122394906,12055546761,18074283,KSQ
0041L0,KR70041L0000,하나35호스팩,KOSDAQ,SPAC(소속부없음),1999,1,1,0.05,2005,2005,1983,6474,12887707,12053970000,6030000,KSQ
001755,KR7001751007,한양증권우,KOSPI,,22850,3,0,0.0,22850,23150,22400,992,22428850,11996250000,525000,STK
008500,KR7008500001,일정실업,KOSPI,,1994,1,240,13.68,1651,2200,1605,194180,374240479,11964000000,6000000,STK
0132G0,KR70132G0007,교보20호스팩,KOSDAQ,SPAC(소속부없음),1998,2,-2,-0.1,2000,2000,1992,23192,46366215,11928060000,5970000,KSQ
025870,KR7025870007,신라에스지,KOSDAQ,중견기업부,2980,2,-95,-3.09,3075,3137,2905,9901,29818396,11920000000,4000000,KSQ
012205,KR7012201000,계양전기우,KOSPI,,10100,1,50,0.5,10150,10150,9780,46176,465420050,11807697900,1169079,STK
38380K,KR738380K012,LX홀딩스1우,KOSPI,,8020,2,-90,-1.11,8260,8260,8000,8447,68556410,11751585700,1465285,STK
145995,KR7145991006,삼양사우,KOSPI,,31400,3,0,0.0,31400,31650,30600,1473,46260450,11620198000,370070,STK
176590,KR7176590008,코나솔,KONEX,일반기업부,1989,2,-21,-1.04,2000,2185,1801,4847,9116622,11608565787,5836383,KNX
0071M0,KR70071M0002,삼성스팩11호,KOSDAQ,SPAC(소속부없음),2015,1,5,0.25,2005,2015,2000,23268,46852002,11606400000,5760000,KSQ
469900,KR7469900005,하나31호스팩,KOSDAQ,SPAC(소속부없음),2065,3,0,0.0,2070,2070,2065,1798,3712880,11574325000,5605000,KSQ
060240,KR7060240009,스타코링크,KOSDAQ,관리종목(소속부없음),1976,0,0,0.0,0,0,0,0,0,11502414560,5821060,KSQ
050090,KR7050090000,비케이홀딩스,KOSDAQ,투자주의환기종목(소속부없음),581,2,-15,-2.52,613,613,575,29327,17060447,11494931035,19784735,KSQ
487360,KR7487360000,신한제14호스팩,KOSDAQ,SPAC(소속부없음),2030,3,0,0.0,2020,2040,2010,1439,2908128,11449200000,5640000,KSQ
084695,KR7084691005,대상홀딩스우,KOSPI,,12520,2,-470,-3.62,13000,13000,12130,16842,210269090,11436794640,913482,STK
0105P0,KR70105P0009,유진스팩12호,KOSDAQ,SPAC(소속부없음),2005,1,11,0.55,1985,2015,1985,28471,56984723,11348300000,5660000,KSQ
474660,KR7474660008,신한제12호스팩,KOSDAQ,SPAC(소속부없음),2055,3,0,0.0,2050,2055,2050,5296,10881670,11343600000,5520000,KSQ
069920,KR7069920007,엑시온그룹,KOSDAQ,투자주의환기종목(소속부없음),1216,2,-33,-2.64,1249,1374,1210,25001,30889901,11304569536,9296521,KSQ
474490,KR7474490000,유안타제16호스팩,KOSDAQ,SPAC(소속부없음),2050,1,5,0.24,2050,2055,2045,14209,29127810,11295500000,5510000,KSQ
477470,KR7477470009,미래에셋비전스팩5호,KOSDAQ,SPAC(소속부없음),2055,2,-10,-0.48,2060,2070,2050,54090,110905275,11261400000,5480000,KSQ
496070,KR7496070004,신한제16호스팩,KOSDAQ,SPAC(소속부없음),2000,2,-5,-0.25,2000,2005,2000,3049,6100275,11240000000,5620000,KSQ
0129K0,KR70129K0006,신한제18호스팩,KOSDAQ,SPAC(소속부없음),1983,2,-5,-0.25,1984,1992,1981,41206,81886065,11144460000,5620000,KSQ
289170,KR7289170003,바이오텐,KONEX,일반기업부,3085,2,-15,-0.48,3085,3085,3085,1,3085,11034085565,3576689,KNX
0098T0,KR70098T0004,교보19호스팩,KOSDAQ,SPAC(소속부없음),2035,3,0,0.0,2010,2040,2005,26506,53732725,10989000000,5400000,KSQ
486630,KR7486630007,KB제30호스팩,KOSDAQ,SPAC(소속부없음),2065,1,15,0.73,2045,2070,2040,20325,41939145,10965150000,5310000,KSQ
0096D0,KR70096D0004,미래에셋비전스팩9호,KOSDAQ,SPAC(소속부없음),1990,2,-1,-0.05,1991,1993,1988,3718,7397498,10945000000,5500000,KSQ
253610,KR7253610000,루트락,KONEX,일반기업부,1060,5,-186,-14.93,0,0,0,0,0,10873555260,10258071,KNX
489210,KR7489210005,교보17호스팩,KOSDAQ,SPAC(소속부없음),2090,3,0,0.0,2060,2115,2060,497,1028335,10826200000,5180000,KSQ
035290,KR7035290006,골드앤에스,KOSDAQ,중견기업부,2255,1,65,2.97,2295,2407,2220,31189,71313052,10751046240,4767648,KSQ
009620,KR7009620006,삼보산업,KOSDAQ,투자주의환기종목(소속부없음),615,1,53,9.43,540,632,536,186918,108065509,10745924520,17473048,KSQ
004255,KR7004251005,NPC우,KOSPI,,2035,2,-55,-2.63,2140,2140,2035,8746,17963875,10744800000,5280000,STK
004105,KR7004101002,태양금속우,KOSPI,,3250,2,-160,-4.69,3325,3470,3245,81028,267860270,10725000000,3300000,STK
008290,KR7008290009,원풍물산,KOSDAQ,투자주의환기종목(소속부없음),527,2,-18,-3.3,543,543,519,9026,4726601,10722784153,20346839,KSQ
001515,KR7001511005,SK증권우,KOSPI,,5470,1,320,6.21,5200,5920,5200,45795,261357730,10700725790,1956257,STK
493790,KR7493790000,유안타제17호스팩,KOSDAQ,SPAC(소속부없음),2010,1,5,0.25,2000,2015,2000,2355,4734310,10673100000,5310000,KSQ
0004Y0,KR70004Y0000,디비금융제14호스팩,KOSDAQ,SPAC(소속부없음),2005,1,5,0.25,2000,2010,2000,4041,8090940,10656575000,5315000,KSQ
0130D0,KR70130D0002,신한제17호스팩,KOSDAQ,SPAC(소속부없음),1995,3,0,0.0,1997,1997,1986,28668,57167061,10653300000,5340000,KSQ
469480,KR7469480008,IBKS제24호스팩,KOSDAQ,SPAC(소속부없음),2490,1,25,1.01,2480,2515,2380,16157,40072735,10532700000,4230000,KSQ
043100,KR7043100007,알파AI,KOSDAQ,관리종목(소속부없음),520,0,0,0.0,0,0,0,0,0,10457241600,20110080,KSQ
073190,KR7073190001,듀오백,KOSDAQ,투자주의환기종목(소속부없음),864,2,-18,-2.04,885,943,834,90480,77495536,10340386560,11968040,KSQ
466690,KR7466690005,키움히어로제1호스팩,KOSDAQ,SPAC(소속부없음),2020,1,5,0.25,2010,2020,2000,23682,47708615,10291900000,5095000,KSQ
224760,KR7224760009,엔에스컴퍼니,KONEX,일반기업부,2605,2,-445,-14.59,3505,3505,2605,88,268860,10262918500,3939700,KNX
478110,KR7478110000,이베스트스팩6호,KOSDAQ,SPAC(소속부없음),2040,1,5,0.25,2035,2045,2035,2794,5685810,10240800000,5020000,KSQ
472220,KR7472220003,신영스팩10호,KOSDAQ,SPAC(소속부없음),2165,2,-20,-0.92,2195,2195,2075,6171,13226040,10153850000,4690000,KSQ
0041B0,KR70041B0002,교보18호스팩,KOSDAQ,SPAC(소속부없음),2000,2,-10,-0.5,2010,2010,1998,50552,101132169,10080000000,5040000,KSQ
498390,KR7498390004,한화플러스제5호스팩,KOSDAQ,SPAC(소속부없음),2030,2,-20,-0.98,2050,2055,2030,41574,84951805,10068800000,4960000,KSQ
238500,KR7238500003,솔루믹스,KONEX,일반기업부,475,0,0,0.0,0,0,0,0,0,9883469400,20807304,KNX
011080,KR7011080009,형지I&C,KOSDAQ,중견기업부,2300,2,-200,-8.0,2440,2450,2240,94051,218361483,9881402600,4296262,KSQ
244880,KR7244880001,나눔테크,KONEX,일반기업부,1950,1,149,8.27,1962,1962,1944,1001,1950927,9789000000,5020000,KNX
121850,KR7121850002,코이즈,KOSDAQ,관리종목(소속부없음),1919,1,31,1.64,1950,2000,1810,86431,161887567,9704381081,5056999,KSQ
001067,KR7001062009,JW중외제약2우B,KOSPI,,46000,1,400,0.88,44800,46000,44450,89,4029300,9658758000,209973,STK
488060,KR7488060005,유진스팩11호,KOSDAQ,SPAC(소속부없음),2035,3,0,0.0,2045,2045,2025,347,705510,9605200000,4720000,KSQ
103660,KR7103660007,씨앗,KONEX,일반기업부,1596,1,36,2.31,1600,1600,1596,5,7993,9603883716,6017471,KNX
106080,KR7106080005,케이이엠텍,KOSDAQ,관리종목(소속부없음),1650,0,0,0.0,0,0,0,0,0,9506998050,5761817,KSQ
145210,KR7145210001,다이나믹디자인,KOSPI,,224,0,0,0.0,0,0,0,0,0,9461013632,42236668,STK
33637L,KR733637K028,솔루스첨단소재2우B,KOSPI,,2475,2,-85,-3.32,2430,2565,2430,9635,23908365,9351282600,3778296,STK
178600,KR7178600003,대동고려삼,KONEX,일반기업부,2080,1,85,4.26,2080,2080,2080,1,2080,9255168000,4449600,KNX
484130,KR7484130000,하나34호스팩,KOSDAQ,SPAC(소속부없음),2020,3,0,0.0,2015,2030,2015,2400,4849585,9130400000,4520000,KSQ
464440,KR7464440007,한국제13호스팩,KOSDAQ,관리종목(소속부없음),2110,2,-5,-0.24,2110,2115,2110,1284,2709275,9115200000,4320000,KSQ
003075,KR7003071008,코오롱글로벌우,KOSPI,,12240,2,-240,-1.92,12240,12510,12000,3790,46416240,9066620880,740737,STK
236340,KR7236340006,메디젠휴먼케어,KONEX,일반기업부,3000,3,0,0.0,2950,3000,2950,2,5950,9043941000,3014647,KNX
473950,KR7473950004,에스케이증권제13호스팩,KOSDAQ,SPAC(소속부없음),2035,2,-5,-0.25,2035,2045,2035,11410,23224310,8994700000,4420000,KSQ
000225,KR7000221002,유유제약1우,KOSPI,,3945,1,125,3.27,3815,3990,3665,31829,119382540,8943038850,2266930,STK
467930,KR7467930004,IBKS제23호스팩,KOSDAQ,SPAC(소속부없음),2105,3,0,0.0,2110,2110,2100,1151,2417305,8904150000,4230000,KSQ
465320,KR7465320000,교보15호스팩,KOSDAQ,SPAC(소속부없음),2335,0,0,0.0,0,0,0,0,0,8896350000,3810000,KSQ
487830,KR7487830002,신한제15호스팩,KOSDAQ,SPAC(소속부없음),2045,1,30,1.49,2030,2055,2015,4788,9672345,8895750000,4350000,KSQ
468760,KR7468760004,유진스팩10호,KOSDAQ,SPAC(소속부없음),2080,1,5,0.24,2075,2080,2070,10824,22406370,8819200000,4240000,KSQ
487720,KR7487720005,키움제10호스팩,KOSDAQ,SPAC(소속부없음),2035,1,10,0.49,2020,2035,2015,5164,10420255,8608050000,4230000,KSQ
0068Y0,KR70068Y0003,비엔케이제3호스팩,KOSDAQ,SPAC(소속부없음),1996,2,-14,-0.7,1996,2005,1996,1489,2972205,8602760000,4310000,KSQ
472230,KR7472230002,에스케이증권제11호스팩,KOSDAQ,SPAC(소속부없음),2070,3,0,0.0,2070,2075,2065,18935,39195450,8600850000,4155000,KSQ
189350,KR7189350002,코셋,KONEX,일반기업부,1779,2,-1,-0.06,1600,1779,1600,501,801779,8539200000,4800000,KNX
03481K,KR703481K019,해성산업1우,KOSDAQ,중견기업부,6050,2,-10,-0.17,6070,6070,5870,1719,10222135,8333590650,1377453,KSQ
341170,KR7341170009,퓨쳐메디신,KONEX,일반기업부,791,1,1,0.13,800,908,791,1237,1113688,8331765155,10533205,KNX
185190,KR7185190006,수프로,KONEX,일반기업부,899,0,0,0.0,0,0,0,0,0,8305523875,9238625,KNX
0041J0,KR70041J0004,엘에스스팩1호,KOSDAQ,SPAC(소속부없음),1997,2,-8,-0.4,2005,2005,1995,2033,4062417,8207670000,4110000,KSQ
309930,KR7309930006,조이웍스앤코,KOSDAQ,중견기업부,1640,1,40,2.5,1600,1690,1563,44819,72092498,8031750760,4897409,KSQ
114920,KR7114920002,대주이엔티,KONEX,일반기업부,2300,1,200,9.52,2400,2400,1785,1054,1967440,7979850000,3469500,KNX
302920,KR7302920004,더콘텐츠온,KONEX,일반기업부,1740,2,-300,-14.71,2100,2100,1740,235,411520,7921104660,4552359,KNX
236030,KR7236030003,씨알푸드,KONEX,일반기업부,3800,1,100,2.7,3795,3800,3795,2,7595,7726661600,2033332,KNX
475250,KR7475250007,하나33호스팩,KOSDAQ,SPAC(소속부없음),2075,1,10,0.48,2075,2075,2060,3098,6402405,7677500000,3700000,KSQ
079970,KR7079970000,투비소프트,KOSDAQ,관리종목(소속부없음),596,0,0,0.0,0,0,0,0,0,7646223464,12829234,KSQ
001065,KR7001061001,JW중외제약우,KOSPI,,22350,3,0,0.0,22300,22350,22150,310,6924850,7642604850,341951,STK
004835,KR7004831004,덕성우,KOSPI,,5480,2,-80,-1.44,5560,5660,5310,5456,29811920,7628160000,1392000,STK
004985,KR7004981007,성신양회우,KOSPI,,10340,2,-20,-0.19,10360,10500,10150,1923,19799120,7606569300,735645,STK
474930,KR7474930005,신한제13호스팩,KOSDAQ,SPAC(소속부없음),2085,2,-5,-0.24,2075,2095,2075,3116,6466130,7547700000,3620000,KSQ
212310,KR7212310007,오건에코텍,KONEX,일반기업부,635,0,0,0.0,0,0,0,0,0,7514663025,11834115,KNX
066830,KR7066830001,제노텍,KONEX,일반기업부,1295,0,0,0.0,0,0,0,0,0,7338998100,5667180,KNX
199290,KR7199290008,바이오프로테크,KONEX,일반기업부,435,1,31,7.67,453,453,404,3,1292,7101458520,16325192,KNX
276040,KR7276040003,스코넥,KOSDAQ,관리종목(소속부없음),327,0,0,0.0,0,0,0,0,0,7073119545,21630335,KSQ
199150,KR7199150004,데이터스트림즈,KONEX,일반기업부,1619,1,66,4.25,1700,1700,1500,1040,1569193,6910884447,4268613,KNX
473000,KR7473000008,에스케이증권제12호스팩,KOSDAQ,SPAC(소속부없음),2045,2,-10,-0.49,2050,2060,2045,2215,4529810,6768950000,3310000,KSQ
101390,KR7101390003,아이엠,KOSDAQ,관리종목(소속부없음),396,0,0,0.0,0,0,0,0,0,6698084184,16914354,KSQ
000325,KR7000321000,노루홀딩스우,KOSPI,,27400,1,250,0.92,27000,27450,27000,14,379950,6673516600,243559,STK
251280,KR7251280004,안지오랩,KONEX,일반기업부,1900,1,5,0.26,1893,2100,1893,487,932300,6634553000,3491870,KNX
475240,KR7475240008,하나32호스팩,KOSDAQ,SPAC(소속부없음),2065,2,-15,-0.72,2065,2080,2065,7786,16109260,6608000000,3200000,KSQ
204210,KR7204210009,JK리버스톤리츠,KOSPI,,830,1,15,1.84,838,1150,830,1520008,1393681830,6496256450,7826815,STK
234070,KR7234070001,에이원큐브텍,KONEX,일반기업부,897,1,115,14.71,897,897,897,3,2691,6243750591,6960703,KNX
447690,KR7447690009,아이오바이오,KONEX,일반기업부,2280,2,-20,-0.87,2640,2640,2000,869,1800865,5996983680,2630256,KNX
26490K,KR726490K013,크라운제과우,KOSPI,,7750,2,-90,-1.15,8000,8000,7690,651,5079550,5995090000,773560,STK
202960,KR7202960001,판도라티비,KONEX,일반기업부,489,1,22,4.71,500,500,410,66,32352,5826719598,11915582,KNX
318660,KR7318660008,타임기술,KONEX,일반기업부,2690,1,200,8.03,2500,2700,2400,1765,4438470,5789151690,2152101,KNX
276240,KR7276240009,엘리비젼,KONEX,일반기업부,469,2,-20,-4.09,430,469,430,110,47690,5774861722,12313138,KNX
267080,KR7267080000,세븐브로이맥주,KONEX,일반기업부,486,0,0,0.0,0,0,0,0,0,5769504288,11871408,KNX
224810,KR7224810002,엄지하우스,KONEX,일반기업부,1329,2,-14,-1.04,1530,1530,1142,3002,3435758,5581800000,4200000,KNX
215570,KR7215570003,크로넥스,KONEX,일반기업부,890,1,1,0.11,900,930,800,45,39302,5546875160,6232444,KNX
044180,KR7044180008,KD,KOSDAQ,관리종목(소속부없음),205,0,0,0.0,0,0,0,0,0,5477148795,26717799,KSQ
332190,KR7332190008,오션스바이오,KONEX,일반기업부,3625,2,-630,-14.81,3625,3625,3625,1,3625,5357166375,1477839,KNX
313760,KR7313760001,캐리,KOSDAQ,관리종목(소속부없음),468,0,0,0.0,0,0,0,0,0,5244963048,11207186,KSQ
090355,KR7090351008,노루페인트우,KOSPI,,10910,1,100,0.93,10760,10910,10760,1207,13056900,5052704660,463126,STK
009415,KR7009411000,태영건설우,KOSPI,,7740,2,-670,-7.97,8120,8120,7700,16580,128429040,5030798760,649974,STK
266350,KR7266350008,팡스카이,KONEX,일반기업부,398,0,0,0.0,0,0,0,0,0,5026568860,12629570,KNX
258050,KR7258050004,테크트랜스,KONEX,일반기업부,449,0,0,0.0,0,0,0,0,0,5004531101,11145949,KNX
327610,KR7327610002,펨토바이오메드,KONEX,일반기업부,585,0,0,0.0,0,0,0,0,0,4993610310,8536086,KNX
311960,KR7311960009,인터로이드,KONEX,일반기업부,1589,2,-1,-0.06,1400,1599,1352,327,493173,4866573096,3062664,KNX
346010,KR7346010002,타이드,KONEX,일반기업부,1000,0,0,0.0,0,0,0,0,0,4860062000,4860062,KNX
000545,KR7000541003,흥국화재우,KOSPI,,6220,1,30,0.48,6190,6260,6190,3927,24402860,4776960000,768000,STK
000145,KR7000141002,하이트진로홀딩스우,KOSPI,,10090,1,100,1.0,10110,10110,10010,394,3946600,4750472900,470810,STK
043090,KR7043090000,더테크놀로지,KOSDAQ,투자주의환기종목(소속부없음),1140,0,0,0.0,0,0,0,0,0,4718944500,4139425,KSQ
266470,KR7266470004,바이오인프라생명과학,KONEX,일반기업부,169,4,22,14.97,129,169,129,15782,2430787,4709357211,27866019,KNX
121060,KR7121060008,유니포인트,KONEX,일반기업부,876,5,-154,-14.95,876,1126,876,370,326870,4549753908,5193783,KNX
052770,KR7052770005,아이톡시,KOSDAQ,관리종목(소속부없음),312,0,0,0.0,0,0,0,0,0,4545457488,14568774,KSQ
299480,KR7299480004,지앤이헬스케어,KONEX,일반기업부,398,1,3,0.76,399,399,398,11,4379,4418095714,11100743,KNX
217910,KR7217910009,에스제이켐,KONEX,일반기업부,313,1,23,7.93,331,331,247,1542,388080,4379033386,13990522,KNX
092590,KR7092590009,럭스피아,KONEX,일반기업부,599,1,59,10.93,609,609,599,19,11394,4367367702,7291098,KNX
116100,KR7116100009,태양기계,KONEX,일반기업부,585,2,-26,-4.26,610,610,585,1018,620880,4352391810,7439986,KNX
136660,KR7136660008,큐엠씨,KONEX,일반기업부,1794,1,4,0.22,1800,1800,1522,83,133833,4235544300,2360950,KNX
014825,KR7014821003,동원시스템즈우,KOSPI,,15050,2,-140,-0.92,15690,15690,15050,10,151780,3974870550,264111,STK
005745,KR7005741004,크라운해태홀딩스우,KOSPI,,6170,1,30,0.49,6200,6200,6040,187,1135620,3706479420,600726,STK
005965,KR7005961008,동부건설우,KOSPI,,16330,2,-460,-2.74,17800,17800,16300,304,4978010,3686203560,225732,STK
014285,KR7014281000,금강공업우,KOSPI,,6160,2,-390,-5.95,6550,6550,6150,4111,25425560,3633630000,589875,STK
208890,KR7208890004,미래엔에듀파트너,KONEX,일반기업부,900,0,0,0.0,0,0,0,0,0,3604968000,4005520,KNX
36328K,KR736328K013,티와이홀딩스우,KOSPI,,3045,2,-35,-1.14,3310,3310,2930,4441,13393915,3577719705,1174949,STK
402420,KR7402420004,켈스,KONEX,일반기업부,1500,1,101,7.22,1400,1500,1400,11,15500,3523144500,2348763,KNX
004545,KR7004541009,깨끗한나라우,KOSPI,,9620,1,50,0.52,9570,9740,9570,165,1589980,3522459200,366160,STK
002995,KR7002991008,금호건설우,KOSPI,,11900,2,-310,-2.54,12000,12000,11490,5115,59208770,3477965400,292266,STK
007575,KR7007571003,일양약품우,KOSPI,,7800,2,-70,-0.89,7800,7900,7750,518,4022030,3471624000,445080,STK
000227,KR7000222000,유유제약2우B,KOSPI,,10490,2,-20,-0.19,10510,10510,10450,150,1573240,3415124400,325560,STK
008355,KR7008351009,남선알미우,KOSPI,,11000,1,350,3.29,10400,11000,10210,1658,17216770,3386790000,307890,STK
140910,KR7140910001,에이리츠,KOSPI,,680,2,-21,-3.0,680,703,660,268961,181574688,3034861760,4463032,STK
390110,KR7390110005,애니메디솔루션,KONEX,일반기업부,300,2,-10,-3.23,267,300,267,373,111570,2909114100,9697047,KNX
223220,KR7223220005,로지스몬,KONEX,일반기업부,493,5,-87,-15.0,494,658,493,30015,14878709,2811539067,5702919,KNX
001525,KR7001521004,동양우,KOSPI,,4550,2,-245,-5.11,4750,4750,4500,14921,67208090,2810676050,617731,STK
002785,KR7002781003,진흥기업우B,KOSPI,,3255,3,0,0.0,3195,3290,3095,8628,27152180,2790244590,857218,STK
413300,KR7413300005,티엘엔지니어링,KONEX,일반기업부,1993,1,31,1.58,2195,2195,1993,35,74624,2693569395,1351515,KNX
014915,KR7014911002,성문전자우,KOSPI,,4450,2,-70,-1.55,4520,4520,4400,9051,40434310,2670000000,600000,STK
093510,KR7093510006,엔지브이아이,KONEX,일반기업부,440,2,-33,-6.98,403,472,403,9,3955,2648800000,6020000,KNX
140660,KR7140660002,위월드,KONEX,일반기업부,1000,0,0,0.0,0,0,0,0,0,2487252000,2487252,KNX
245450,KR7245450002,씨앤에스링크,KONEX,일반기업부,1499,1,100,7.15,1400,1499,1400,11,15499,2368360040,1579960,KNX
002787,KR7002782001,진흥기업2우B,KOSPI,,7980,1,200,2.57,7600,7990,7310,3143,23364720,2352567840,294808,STK
001527,KR7001522002,동양2우B,KOSPI,,7180,2,-300,-4.01,7550,7550,7110,2379,17351890,2215525420,308569,STK
021045,KR7021041009,대호특수강우,KOSDAQ,중견기업부,2585,2,-10,-0.39,2590,2590,2530,65,166145,2193351820,848492,KSQ
448780,KR7448780007,마이크로엔엑스,KONEX,일반기업부,777,2,-9,-1.15,778,778,671,23,17223,2080557360,2677680,KNX
296520,KR7296520000,가이아코퍼레이션,KONEX,일반기업부,443,4,57,14.77,0,0,0,0,0,2067484544,4667008,KNX
011155,KR7011151008,CJ씨푸드1우,KOSPI,,9870,2,-820,-7.67,10000,10000,9870,2332,23131130,1974000000,200000,STK
004415,KR7004411005,서울식품우,KOSPI,,8170,1,30,0.37,7970,8230,7900,318,2558850,1817416500,222450,STK
032685,KR7032681009,소프트센우,KOSDAQ,중견기업부,22750,2,-250,-1.09,22000,23000,21950,344,7858800,1623485500,71362,KSQ
266170,KR7266170000,레드우즈,KONEX,일반기업부,1050,0,0,0.0,0,0,0,0,0,1366092000,1301040,KNX
279060,KR7279060008,이노벡스,KONEX,일반기업부,115,0,0,0.0,0,0,0,0,0,1127904590,9807866,KNX
